"1","2022","The Nonprofit Appropriation Resolution","1",
"2","2022","The General Appropriation Resolution","4",
"3","2022","Summary Statement of Proposed Operation","10",
"4","2022","The Tax Levy Resolution","11",
"5","2022","Statement of Estimated Revenue From Current Property Taxes","13",
"6","2022","Fund 101-General Fund","14",
"7","2022","Fund 122-Drug Control Fund","34",
"8","2022","Fund 125-Adequate Facilities Tax Fund","35",
"9","2022","Fund 127-American Rescue Plan Act(SLFRF)","36",
"10","2022","Fund 131-Highway/Public Works Fund","37",
"11","2022","Fund 141-General Purpose School Fund","41",
"12","2022","Fund 143-Central Cafeteria Fund","51",
"13","2022","Fund 151-General Debt Service Fund","53",
"14","2022","Fund 207-Solid Waste Disposal Fund","56",
"15","2022","Hickman County Senior Citizens","10,000",
"16","2022","Hickman County Chamber of Commerce","25,000",
"17","2022","Women Are Safe","5,000",
"18","2022","Davis House Child Advocacy Center","10,000",
"19","2022","Helping Hands","5,000",
"20","2022","Hickman Humane Society","5,000",
"21","2022","Shady Grove Community Center","1,500",
"22","2022","Total","$61,500.00",
"23","2022","Pleasantville Volunteer Fire Dept.","10,000",
"24","2022","East Hickman Volunteer Fire Dept.","40,000",
"25","2022","Hickman County Rescue Squad","80,000",
"26","2022","Bucksnort Fire","10,000",
"27","2022","Centerville Volunteer Fire (SCBA Fill","Station) 10,000",
"28","2022","Totals","$150,000.00",
"34","2022","51100 County Commission","55,869",
"35","2022","51210 Board of Equalization","3,500",
"36","2022","51220 Beer Board","1,000",
"37","2022","51300 County Mayor","149,122",
"38","2022","51400 County Attorney","20,000",
"39","2022","51500 Election Commission(Including Voter Registration)","713,291",
"40","2022","51600 Register of Deeds","178,083",
"41","2022","51720 Planning","212,064",
"42","2022","51800 County Building","394,788",
"43","2022","51810 Other Facilities","403,000",
"44","2022","51900 Other General Administration","124,643",
"45","2022","51910 Preservation of Records","41,151",
"46","2022","52100 Accounting and Budgeting","308,865",
"47","2022","52300 Property Assessor's Office","297,787",
"48","2022","52400 County Trustee's Office","249,043",
"49","2022","52500 County Clerk's Office","314,651",
"50","2022","53100 Circuit Court","330,698",
"51","2022","53300 General Sessions Court","237,137",
"52","2022","53310 General Sessions Judge","4,000",
"53","2022","53400 Chancery Court","170,950",
"54","2022","53700 Judicial Commissioners","60,465",
"55","2022","53920 Courtroom Security","0",
"56","2022","54110 Sheriff's Department","2,360,882",
"57","2022","54160 Adm. Of Sexual Offender Registry","7,500",
"58","2022","54210 Jail","1,594,675",
"59","2022","54310 Fire Prevention and Control","15,550",
"60","2022","54320 Rural Fire Protection","150,000",
"61","2022","54410 Civil Defense","192,933",
"62","2022","54420 Rescue Squad","0",
"63","2022","54610 County Coroner/Medical Examiner","56,000",
"64","2022","55110 Local Health Center","50,601",
"65","2022","55130 Ambulance/Emergency Medical Services","2,411,072",
"66","2022","55170 Alcohol and Drug Programs","22,276",
"67","2022","55190 Other Local Health Services","209,150",
"68","2022","55900 Other Public Health Services","6,244",
"69","2022","56300 Senior Citizens Assistance","0",
"70","2022","56500 Libraries","253,235",
"71","2022","56700 Parks and Fair Boards","3,000",
"72","2022","57100 Agriculture Extension Services","63,969",
"73","2022","57500 Soil Conservation","33,210",
"74","2022","58110 Tourism","1,200",
"75","2022","58120 Industrial Development","74,773",
"76","2022","58300 Veterans Service","39,450",
"77","2022","58400 Other Charges","670,632",
"78","2022","58600 Employee Benefits","3,238,199",
"79","2022","58900 Miscellaneous","139,020",
"80","2022","99100 Transfers to Other Funds","100,000",
"81","2022","Total General Fund","15,963,678",
"82","2022","DRUG CONTROL FUND","",
"83","2022","54110 Sheriff's Department","85,000",
"84","2022","Total Drug Control Fund","85,000",
"85","2022","ADEQUATE FACILITIES TAX FUND","",
"86","2022","51730 Adequate Facilities-Trustee Commission","2,600",
"87","2022","91300 Public Safety Projects","150,000",
"88","2022","99100 Transfers to Other Funds","280,000",
"89","2022","Total Adequate Facilities Fund","432,600",
"90","2022","AMERICAN RESCUE PLAN ACT (SLFRF)","",
"91","2022","58837 American Rescue Plan Grant","595,000",
"92","2022","Total American Rescue Plan Fund","595,000",
"93","2022","HIGHWAY/PUBLIC WORKS FUND","",
"94","2022","61000 Administration","243,962",
"95","2022","62000 Highway and Bridge Maintenance","2,630,756",
"96","2022","63100 Operation and Maintenance of Equipment","663,436",
"97","2022","65000 Other Charges","120,500",
"98","2022","66000 Employee Benefits","937,210",
"99","2022","68000 Capital Outlay","2,504,000",
"100","2022","99100 Transfers to Other Funds","143,655",
"101","2022","Total Highway/Public Works Fund","7,243,519",
"102","2022","GENERAL PURPOSE SCHOOL FUND","",
"103","2022","71000 Instruction","",
"104","2022","71100 Regular Instruction Program","15,319,463",
"105","2022","71150 Alternative Instruction Program","238,087",
"106","2022","71200 Special Education Program","3,329,017",
"107","2022","71300 Vocational Education Program","1,179,844",
"108","2022","72000 Support Services","",
"109","2022","72110 Attendance","180,519",
"110","2022","72120 Health Services","390,722",
"111","2022","72130 Other Student Support","1,055,415",
"112","2022","72210 Regular Instruction Program","1,421,957",
"113","2022","72215 Alternative Instruction Program","0",
"114","2022","72220 Special Education Program","125,050",
"115","2022","72230 Vocational Education Program","114,679",
"116","2022","72250 Technology","511,826",
"117","2022","72290 Other Programs","35,000",
"118","2022","72310 Board of Education","684,913",
"119","2022","72320 Director of Schools","303,453",
"120","2022","72410 Office of Principals","1,923,819",
"121","2022","72510 Fiscal Services","50,000",
"122","2022","72610 Operation of Plant","2,433,500",
"123","2022","72620 Maintenance of Plant","1,424,070",
"124","2022","72710 Transportation","2,405,422",
"125","2022","72810 Central and Other","257,883",
"126","2022","73000 Operation of Non-Instructional Services","",
"127","2022","73100 Food Service","38,571",
"128","2022","73300 Community Services","143,813",
"129","2022","73400 Early Childhood Education","494,196",
"130","2022","76000 Capital Outlay","",
"131","2022","76100 Regular Capital Outlay","690,000",
"132","2022","99100 Transfers Out","0",
"133","2022","Total General Purpose School Fund","34,751,219",
"134","2022","GENERAL CAFETERIA FUND","",
"135","2022","73100 Food Services","2,336,000",
"136","2022","Total Central Cafeteria Fund","2,336,000",
"137","2022","GENERAL DEBT SERVICE FUND","",
"138","2022","82110 Principal-General Government","555,355",
"139","2022","82120 Principal-Highway and Streets","159,100",
"140","2022","82130 Principal-Education","1,697,424",
"141","2022","82210 Interest-General Government","191,309",
"142","2022","82220 Interest-Highway and Streets","36,751",
"143","2022","82230 Interest-Education","338,009",
"144","2022","82310 Other-General Government","69,026",
"145","2022","82330 Other-Education","54,591",
"146","2022","99100 Transfers to Other Funds","0",
"147","2022","Total General Debt Service Fund","3,101,565",
"148","2022","55710 Sanitation Management","1,771,244",
"149","2022","64000 Litter and Trash Collection","49,300",
"150","2022","91140 Public Health and Welfare","56,000",
"180","2022","Account No. Description","Actual 2020-2021","Original Estimated 2021-2022","Estimated 2022-2023",
"181","2022","ESTIMATED REVENUES","","","",
"182","2022","40000 LOCAL TAXES","","","",
"183","2022","40100 County Property Taxes","","","",
"184","2022","40110 Current Property Taxes","8,039,080","8,162,976","8,420,387",
"185","2022","40120 Trustees Collection Prior Year","201,052","190,000","195,000",
"186","2022","40125 Trustees Collection-Bankruptcy","2,413","1,000","4,000",
"187","2022","40130 Clerk & Master Prior Years","145,547","100,000","116,000",
"188","2022","40140 Interest and Penalty","43,315","40,000","40,000",
"189","2022","40161 Payments in Lieu of Taxes TVA","8,858","8,500","9,000",
"190","2022","40162 Payments in Lieu of Taxes-Loc Utilities","29,128","29,000","31,000",
"191","2022","40163 Payments in Lieu of Taxes-Other","19,675","20,000","19,675",
"192","2022","Total County Property Taxes","8,489,068","8,551,476","8,835,062",
"193","2022","40200 County Local Option Taxes","","","",
"194","2022","40220 Hotel/Motel Tax","39,292","32,000","32,000",
"195","2022","40250 Litigation Tax General","62,917","50,000","70,000",
"196","2022","40260 Litigation Tax-Special Purpose","7,875","7,500","10,000",
"197","2022","40266 Litigation Tax-Jail,Workhouse,Courthouse","57,081","50,000","65,000",
"198","2022","40267 Litigation Tax-Victim Offender","3,656","3,000","3,000",
"199","2022","40270 Business Tax","91,468","80,000","92,000",
"200","2022","40275 Mixed Drink Tax","60","0","300",
"201","2022","Total County Local Option Taxes","262,349","222,500","272,300",
"202","2022","40300 Statutory Local Taxes","","","",
"203","2022","40320 Bank Excise Tax","26,146","26,000","30,000",
"204","2022","40330 Wholesale Beer Tax","247,795","242,000","230,000",
"205","2022","40390 Other Statutory Local Taxes","4,380","5,000","4,400",
"206","2022","Total Local Option Taxes","278,321","273,000","264,400",
"207","2022","TOTAL LOCAL TAXES","9,029,738","9,046,976","9,371,762",
"208","2022","41000 LICENSES AND PERMITS","","","",
"209","2022","41100 Licenses","","","",
"210","2022","41140 Cable TV Franchise","49,197","48,000","49,000",
"211","2022","41500 Permits","","","",
"212","2022","41510 Beer Permits","3,610","3,500","3,500",
"213","2022","41520 Building Permits","100,536","100,000","100,000",
"214","2022","TOTAL LICENSES AND PERMITS","153,343","151,500","152,500",
"215","2022","Account No. Description","Actual 2020-2021","Original Estimated 2021-2022","Estimated 2022-2023",
"216","2022","42100 Circuit Court","","","",
"217","2022","42110 Fines","5,174","4,200","4,200",
"218","2022","42120 Officers Cost","3,174","3,200","2,500",
"219","2022","42141 Drug Court Fees","653","600","650",
"220","2022","42150 Jail Fees","867","1,000","700",
"221","2022","42180 DUI Treatment Fines","285","300","350",
"222","2022","42190 Data Entry Fee-Circuit Court","364","300","300",
"223","2022","Total Circuit Court","10,517","9,600","8,700",
"224","2022","42200 Criminal Court","","","",
"225","2022","42280 DUI Treatment Fines","524","400","400",
"226","2022","Total Criminal Court","524","400","400",
"227","2022","42300 General Sessions Court","","","",
"228","2022","42310 Fines","8,394","7,000","8,000",
"229","2022","42320 Officers Cost","23,248","22,000","23,000",
"230","2022","42330 Game and Fish Fines","421","300","300",
"231","2022","42341 Drug Court Fees","2,001","2,000","1,600",
"232","2022","42350 Jail Fees","6,884","7,000","6,500",
"233","2022","42380 DUI Treatment Fines","2,565","2,000","2,000",
"234","2022","42390 Data Entry Fee-General Sessions","8,563","7,500","9,500",
"235","2022","Total General Sessions Court","52,076","47,800","50,900",
"236","2022","42400 Juvenile Court","","","",
"237","2022","42410 Fines","0","0","0",
"238","2022","42490 Data Entry Fee-Juvenile Court","0","0","0",
"239","2022","Total Juvenile Court","0","0","0",
"240","2022","42500 Chancery Court","","","",
"241","2022","42520 Officers Costs","982","1,000","1,500",
"242","2022","42530 Data Entry Fee-Chancery Court","3,566","2,500","3,000",
"243","2022","Total Chancery Court","4,548","3,500","4,500",
"244","2022","42800 Judicial District Drug Program","","","",
"245","2022","42871 Courtroom Security Fee","10,479","10,000","8,000",
"246","2022","Total Judicial District Drug Program","10,479","10,000","8,000",
"247","2022","42900 Other Fines, Forfeitures, and Seizures","","","",
"248","2022","42910 Proceeds from Confiscated Property","1,834","3,000","1,800",
"249","2022","42990 Other Fines, Forfeitures, and Penalties","4,988","1,500","1,500",
"250","2022","Total Other Fines, Forfeitures and Seizures","6,822","4,500","3,300",
"251","2022","Account No.","Description","Actual 2020-2021","Original Estimated 2021-2022","Estimated 2022-2023",
"252","2022","","TOTAL FINES, FORFEITURES AND PENALTIES","84,966","75,800","75,800",
"253","2022","43000","CHARGES FOR CURRENT SERVICES","","","",
"254","2022","43100","General Services","","","",
"255","2022","43102","Other Employee Benefit Charges/Contrib","34,954","32,000","25,000",
"256","2022","43120","Patient Charges","1,105,921","1,200,000","1,200,000",
"257","2022","","Total Charges for General Services","1,140,875","1,232,000","1,225,000",
"258","2022","43300","Fees","","","",
"259","2022","43350","Copy Fees","2,354","1,500","1,700",
"260","2022","43350-LIB","Copy Fees-Library","4,141","3,500","5,000",
"261","2022","43360","Library Fees","170","150","800",
"262","2022","43365","Archives and Records Management Fees","11,533","10,000","12,000",
"263","2022","43370","Telephone Commissions","43,820","45,000","25,000",
"264","2022","43392","Data Processing Fees Register","13,474","12,500","14,000",
"265","2022","43393","Probation Fees","1,312","1,000","1,300",
"266","2022","43394","Data Processing Fees-Sheriff","76","150","150",
"267","2022","43395","Sexual Offenders Registration Fees-Sheriff","4,770","7,500","5,500",
"268","2022","43396","Data Processing Fee-County Clerk","627","500","600",
"269","2022","43399","Vehicle Insurance Coverage and Reinstatement F","1,115","1,000","1,000",
"270","2022","","Total Charges for Fees","83,392","82,800","67,050",
"271","2022","","TOTAL CHARGES FOR CURRENT SERVICES","1,224,267","1,314,800","1,292,050",
"272","2022","44000","OTHER LOCAL REVENUES","","","",
"273","2022","44100","Recurring items","","","",
"274","2022","44110","Investment Income","1,678","0","1,000",
"275","2022","44110-LIB","Investment Income-Library","4,459","1,500","1,500",
"276","2022","44120","Lease/Rentals","4,609","5,000","5,000",
"277","2022","44131","Commissary Sales","15,029","14,000","15,000",
"278","2022","44170","Miscellaneous Refunds","272,098","12,000","12,000",
"279","2022","","Total Recurring Items","297,873","32,500","34,500",
"280","2022","44500","Nonrecurring Items","","","",
"281","2022","44530","Sale of Equipment","11,310","0","0",
"282","2022","44530-AMB","Sale of Equipment-Ambulance Service","14,800","0","0",
"283","2022","44540","Sale of Property","3,896","0","0",
"284","2022","44570","Contributions and Gifts","0","0","0",
"285","2022","44570-AMB","Contributions and Gifts-Ambulance Service","1,000","0","0",
"286","2022","44570-LIB","Contributions and Gifts-Library","4,091","2,500","2,500",
"287","2022","44990","Other Local Revenue","0","0","0",
"288","2022","44990-LIB","Other Local Revenue-Library","0","1,000","0",
"289","2022","","Total Nonrecurring Items","35,097","3,500","2,500",
"290","2022","","TOTAL OTHER LOCAL REVENUES","332,970","36,000","37,000",
"291","2022","Account No.","Description","Actual 2020-2021","Original Estimated 2021-2022","Estimated 2022-2023",
"292","2022","45000","FEES RECEIVED FROM COUNTY OFFICALS","","","",
"293","2022","45100","Excess Fees","","","",
"294","2022","45160","Juvenile Court Clerk","0","5,000","0",
"295","2022","45500","Fees in Lieu of Salary","","","",
"296","2022","45510","County Clerk","273,401","250,000","260,000",
"297","2022","45520","Circuit Court Clerk","20,715","20,000","18,000",
"298","2022","45540","General Sessions Court Clerk","123,405","100,000","140,000",
"299","2022","45550","Clerk & Master","98,730","85,000","100,000",
"300","2022","45560","Juvenile Court Clerk","6,693","0","6,700",
"301","2022","45580","Register","158,485","143,000","165,000",
"302","2022","45590","Sheriff","21,004","20,000","20,000",
"303","2022","45610","Trustee","421,615","410,000","422,000",
"304","2022","","TOTAL FEES RECEIVED FROM COUNTY OFFIC","1,124,048","1,033,000","1,131,700",
"305","2022","46000","STATE OF TENNESSEE","","","",
"306","2022","46100","General Government Grants","","","",
"307","2022","46110","Juvenile Service Program","9,000","9,000","9,000",
"308","2022","46175","On-Behalf Contributions for OPEB","0","0","0",
"309","2022","","Total General Government Grants","9,000","9,000","9,000",
"310","2022","46200","Public Safety Grants","","","",
"311","2022","46210","Law Enforcement Training Programs","22,400","25,500","29,000",
"312","2022","46290","Other Public Safety Grants","0","0","0",
"313","2022","","Total Public Safety Grants","22,400","25,500","29,000",
"314","2022","46300","Health and Welfare Grants","","","",
"315","2022","46310","Health Department Programs","293,157","301,373","295,190",
"316","2022","46390","Other Health and Welfare Grants","0","0","0",
"317","2022","","Total Health and Welfare Grants","293,157","301,373","295,190",
"318","2022","46800","Other State Revenues","","","",
"319","2022","46820","Income Tax","21,576","10,000","10,000",
"320","2022","46830","Beer Tax","18,369","18,000","18,000",
"321","2022","46835","Vehicle Certificates of Title Fees","7,290","7,000","7,000",
"322","2022","46840","Alcoholic Beverage Tax","93,242","90,000","93,000",
"323","2022","46851","State Revenue Sharing-TVA","557,369","600,000","554,000",
"324","2022","46852","State Revenue Sharing-Telecommunications","66,248","60,000","60,000",
"325","2022","46855","State Shared Sports Gaming","7,777","0","1,800",
"326","2022","46915","Contracted Prisoner Boarding","136,110","150,000","100,000",
"327","2022","46960","Registrar's Salary Supplement","15,164","16,164","15,164",
"328","2022","46980","Other State Grants","7,223","0","160,000",
"329","2022","46980-DA","Other State Grants-Direct Appropriations","870,734","0","0",
"330","2022","46980-ADP","Other State Grants-Archive ADP Grant","0","0","0",
"331","2022","46980-LIB","Other State Grants-Library","2,834","21,025","4,551",
"332","2022","Account No.","Description","Actual 2020-2021","Original Estimated 2021-2022","Estimated 2022-2023",
"333","2022","46990","Other State Revenues","7,126","7,000","7,000",
"334","2022","","Total Other State Revenues","1,811,062","979,189","1,030,515",
"335","2022","","TOTAL STATE OF TENNESSEE","2,135,619","1,315,062","1,363,705",
"336","2022","47000","FEDERAL GOVERNMENT","","","",
"337","2022","47100","Federal Through State","","","",
"338","2022","47230","Disaster Relief","21,668","0","0",
"339","2022","47235","Homeland Security Grants","42,224","41,710","39,727",
"340","2022","47235-TSEE","Homeland Security Grants-Traffic Safety Enforcem","4,998","0","0",
"341","2022","47301-CRF","COVID-19 Grant-Coronavirus Relief Fund","339,350","0","0",
"342","2022","47305-LIB","COVID-19 Grant-Coronavirus Relief Fund","4,550","","0",
"343","2022","47306-CAG","COVID-19 Grant-Coronavirus Relief Fund","3,450","","0",
"344","2022","47590","Other Federal Through State","0","0","0",
"345","2022","47990","Other Direct Federal Revenue","0","0","0",
"346","2022","","Total Federal Through State","416,240","41,710","39,727",
"347","2022","47600","DIRECT FEDERAL REVENUE","","","",
"348","2022","47901","COVID-19 Grant(CESF Video Arraignment)","0","0","0",
"349","2022","47990","Other Direct Federal","0","0","0",
"350","2022","","Total Direct Federal","0","0","0",
"351","2022","","TOTAL FEDERAL GOVERNMENT","416,240","41,710","39,727",
"352","2022","48000","OTHER GOVERNMENTS AND CITIZEN GROUPS","","","",
"353","2022","48100","Other Governments","","","",
"354","2022","48130","Contributions","44,000","47,000","45,000",
"355","2022","48900","Other","","","",
"356","2022","48990-LIB","Other","0","","",
"357","2022","","Total Other Governments","44,000","47,000","45,000",
"358","2022","48600","Citizens Groups","","","",
"359","2022","48610","Donations","0","0","0",
"360","2022","48610-AMB","Donation-Ambulance Service","1,200","0","0",
"361","2022","48610-HOSP","Donations-Ascension St. Thomas Hickman","5,000","5,000","5,000",
"362","2022","48610-LIB","Donations-Library","0","0","0",
"363","2022","","Total Citizen Groups","6,200","5,000","5,000",
"364","2022","","TOTAL OTHER GOVERNMENTS AND CITIZEN (","50,200","52,000","50,000",
"365","2022","","TOTAL ESIMATED REVENUES","14,551,391","13,066,848","13,514,244",
"366","2022","49000","ESTIMATED OTHER SOURCES (NON-REVENUE)","","","",
"367","2022","49700","Insurance Recovery","166,200","40,000","40,000",
"368","2022","Account No. Description","Actual 2020-2021","Original Estimated 2021-2022","Estimated 2022-2023",
"369","2022","49800 Transfers In","33,870","35,000","35,000",
"370","2022","TOTAL ESTIMATED OTHER SOURCES (NON-R","200,070","75,000","75,000",
"371","2022","TOTAL ESTIMATED REVENUES AND OTHER S","14,751,461","13,141,848","13,589,244",
"372","2022","ESTIMATED EXPENDITURES","","","",
"373","2022","51000 GENERAL ADMINISTRATION","","","",
"374","2022","51100 County Commission","","","",
"375","2022","191 Board and Committee Members Fees","50,400","50,400","36,400",
"376","2022","215 On-behalf Payments to OPEB","0","0","0",
"377","2022","301 Accounting Services","0","1,500","1,500",
"378","2022","305 Audit Services","9,876","10,000","10,469",
"379","2022","332 Legal Notices, Recording and Court Cost","4,975","4,500","5,000",
"380","2022","355 Travel","461","2,500","2,500",
"381","2022","51210 Board of Equalization","","","",
"382","2022","191 Board and Committee Members Fees","2,550","3,500","3,500",
"383","2022","51220 Beer Board","","","",
"384","2022","533 Criminal Investigation of Applicants","116","1,000","1,000",
"385","2022","Total County Commission","68,378","73,400","60,369",
"386","2022","51300 County Mayor","","","",
"387","2022","101 County Official","93,170","93,172","99,787",
"388","2022","140 Salary Supplement","0","1,500","2,250",
"389","2022","161 Secretary","31,154","32,100","33,385",
"390","2022","186 Longevity","0","0","500",
"391","2022","332 Legal Notices, Rec & Court Cost","357","1,200","1,200",
"392","2022","355 Travel","528","4,000","3,000",
"393","2022","399 Other Contracted Services","4,765","5,000","5,000",
"394","2022","399-DA Other Contracted Services-Direct Approp. Grant","7,750","15,500","0",
"395","2022","435 Office Supplies","1,025","1,000","1,500",
"396","2022","508 Premiums on Corp Surety Bonds","0","0","0",
"397","2022","524 In-Service/Staff Development","1,226","1,500","1,500",
"398","2022","719 Office Equipment","200","1,000","1,000",
"399","2022","Total County Mayor","140,175","155,972","149,122",
"400","2022","51400 County Attorney","","","",
"401","2022","331 Legal Services","7,451","10,000","15,000",
"402","2022","599 Other Charges(Deductibles)","0","5,000","5,000",
"403","2022","Total County Attorney","7,451","15,000","20,000",
"404","2022","Account No. Description","Actual 2020-2021","Original Estimated 2021-2022","Estimated 2022-2023",
"405","2022","51500 Election Commission","","","",
"406","2022","101 County Official","72,602","72,601","77,756",
"407","2022","106 Deputy","29,815","31,871","33,146",
"408","2022","169 Part-Time Personnel","16,895","17,000","18,000",
"409","2022","186 Longevity Pay","0","0","0",
"410","2022","192 Election Commission","4,160","5,400","5,400",
"411","2022","193 Election Workers","43,917","10,000","55,000",
"412","2022","317 Data Processing Services","3,502","4,500","4,500",
"413","2022","332 Legal Notices, Rec and Court Costs","815","1,000","1,500",
"414","2022","337 Maint and Repair-Office Equip","0","1,500","1,500",
"415","2022","349 Printing Stationary and Forms","4,688","3,000","4,000",
"416","2022","351 Rentals","1,100","1,000","1,500",
"417","2022","355 Travel","1,697","3,000","3,000",
"418","2022","399 Other Contracted Services","16,420","25,000","25,000",
"419","2022","435 Office Supplies","1,619","4,000","4,000",
"420","2022","508 Premiums on Surety Bond","0","100","0",
"421","2022","719 Office Equipment","3,146","4,000","4,000",
"422","2022","790 Other Equipment","0","0","474,989",
"423","2022","Total Election Commission","200,376","183,972","713,291",
"424","2022","51600 Register of Deeds","","","",
"425","2022","101 County Official","80,668","80,668","86,395",
"426","2022","106 Deputy","30,953","31,893","33,169",
"427","2022","140 Salary Supplement","1,762","3,375","3,750",
"428","2022","162 Clerical Personnel","25,451","26,224","27,797",
"429","2022","186 Longevity Pay","1,300","1,400","1,500",
"430","2022","317 Data Processing Services","12,187","16,000","16,000",
"431","2022","332 Legal Notices, Recording and Court Costs","0","22","22",
"432","2022","337 Maint and Repair Services","1,164","2,500","2,500",
"433","2022","355 Travel","964","1,500","2,000",
"434","2022","399 Other Contracted Services","0","0","200",
"435","2022","435 Office Supplies","1,124","1,500","2,000",
"436","2022","508 Premiums on Surety Bond","0","0","0",
"437","2022","524 In-Service/Staff Development","580","750","750",
"438","2022","719 Office Equipment","0","2,000","2,000",
"439","2022","Total Register of Deeds","156,153","167,832","178,083",
"440","2022","51720 Planning","","","",
"441","2022","105 Supervisor/Director","56,292","58,001","62,000",
"442","2022","106 Deputy(s)","33,231","34,240","35,610",
"443","2022","162 Clerical Personnel","24,307","25,773","26,804",
"444","2022","186 Longevity Pay","700","800","900",
"445","2022","191 Board and Committee Member Fees","2,050","3,900","3,900",
"446","2022","196 In-Service Training","750","2,500","2,500",
"447","2022","312 Contracts with Private Agencies","11,875","13,500","16,000",
"448","2022","317 Data Processing Service","2,398","2,700","2,700",
"449","2022","331 Legal Services","10,595","5,000","8,000",
"450","2022","Account No. Description","Actual 2020-2021","Original Estimated 2021-2022","Estimated 2022-2023",
"451","2022","332 Legal Notices, Recording & Court Costs","1,217","5,000","5,000",
"452","2022","338 Maint and Repair Services-Vehicle","3,796","2,000","2,000",
"453","2022","349 Printing, Stationary, and Forms","1,086","1,200","1,200",
"454","2022","355 Travel","0","1,500","1,500",
"455","2022","399 Other Contracted Services","8,375","21,500","35,000",
"456","2022","425 Gasoline","1,811","3,000","3,500",
"457","2022","435 Office Supplies","559","950","950",
"458","2022","499 Other Supplies and Materials","669","800","800",
"459","2022","508 Premiums on Surety Bond","0","0","0",
"460","2022","524 In-Service/Staff Development","1,149","1,500","1,500",
"461","2022","718 Motor Vehicles","0","0","0",
"462","2022","719 Office Equipment","1,113","2,200","2,200",
"463","2022","791 Other Construction","0","0","0",
"464","2022","Total Planning","161,973","186,064","212,064",
"465","2022","51800 County Buildings","","","",
"466","2022","105 Facility Supervisor","51,890","53,466","50,000",
"467","2022","166 Custodial Personnel","25,871","26,719","27,788",
"468","2022","167 Maintenance Personnel","0","0","45,000",
"469","2022","169 Part-Time Personnel","1,138","13,000","13,000",
"470","2022","186 Longevity Pay","0","0","0",
"471","2022","335 Maint and Repair-buildings","305,625","190,000","210,000",
"472","2022","335-ADA Maint and Repair-buildings(ADA)","1,537","3,000","3,000",
"473","2022","336 Maint and Repair-equipment","0","10,000","10,000",
"474","2022","338 Maint and Repair-vehicle","0","3,000","3,000",
"475","2022","355 Travel","118","500","500",
"476","2022","410 Custodial Supplies","11,804","20,000","20,000",
"477","2022","425 Gasoline","1,882","7,500","7,500",
"478","2022","435 Office Supplies","0","1,000","1,000",
"479","2022","451 Uniforms","2,481","3,000","3,000",
"480","2022","599 Other Charges","84","1,000","1,000",
"481","2022","718 Motor Vehicles","0","0","0",
"482","2022","Total County Buildings","402,430","332,185","394,788",
"483","2022","51810 Other Facilities","","","",
"484","2022","307 Communication","164,529","140,000","140,000",
"485","2022","347 Pest Control","6,500","7,000","7,000",
"486","2022","359 Disposal Fee","22","1,000","1,000",
"487","2022","415 Electricity","134,606","175,000","175,000",
"488","2022","452 Utilities","90,257","105,000","80,000",
"489","2022","Total Other Facilities","395,914","428,000","403,000",
"490","2022","51900 Other General Administration","","","",
"491","2022","189 Other Salaries and Wages","79,181","82,349","85,643",
"492","2022","334 Maintenance Agreements","16,573","14,000","9,000",
"493","2022","336 Maintenance and Repair-Equipment","6,999","9,000","2,000",
"494","2022","Account No. Description","Actual 2020-2021","Original Estimated 2021-2022","Estimated 2022-2023",
"495","2022","355 Travel","31","500","400",
"496","2022","399 Other Contracted Services","1,758","9,000","4,000",
"497","2022","435 Office Supplies","0","500","800",
"498","2022","499 Other Supplies and Materials","325","500","800",
"499","2022","524 In-Service/Staff Development","0","500","0",
"500","2022","719 Office Equipment","0","5,000","22,000",
"501","2022","790 Other Equipment","12,957","0","0",
"502","2022","790-DA Other Equipment-Direct Appropriations","20,000","0","0",
"503","2022","Total Other General Administration","137,824","121,349","124,643",
"504","2022","51910 Preservation of Records","","","",
"505","2022","140 Salary Supplement","1,500","1,500","1,500",
"506","2022","162 Clerical Personnel","29,461","30,356","31,571",
"507","2022","186 Longevity Pay","2,300","2,400","2,500",
"508","2022","355 Travel","68","150","150",
"509","2022","399 Other Contracted Services","2,035","4,200","4,000",
"510","2022","435 Office Supplies","321","350","550",
"511","2022","499 Other Supplies and Materials","359","400","680",
"512","2022","499-ADP Other Supplies and Materials","0","0","0",
"513","2022","524 In-Service/Staff Development","185","180","100",
"514","2022","599 Other Charges","169","300","100",
"515","2022","Total Preservation of Records","36,398","39,836","41,151",
"516","2022","Total General Administration","1,707,072","1,703,610","2,296,511",
"517","2022","52000 FINANCE","","","",
"518","2022","52100 Accounting and Budgeting","","","",
"519","2022","101 Administrative Officer","80,668","80,668","86,395",
"520","2022","103 Assistants","44,654","46,010","45,000",
"521","2022","119 Accounts/Bookkeepers","115,445","120,375","125,190",
"522","2022","140 Salary Supplement","8,625","9,000","6,375",
"523","2022","186 Longevity Pay","4,600","5,500","3,200",
"524","2022","317 Data Processing Services","18,275","19,500","21,005",
"525","2022","332 Legal Notices Rec Court Costs","6,603","4,300","4,300",
"526","2022","349 Printing Stationary Forms","3,231","5,500","5,500",
"527","2022","355 Travel","34","2,300","2,100",
"528","2022","399 Other Contracted Services","1,709","3,000","3,000",
"529","2022","435 Office Supplies","2,327","3,500","3,500",
"530","2022","508 Surety Bond","0","300","300",
"531","2022","524 In-Service/Staff Development","650","800","1,000",
"532","2022","719 Office Equipment","1,941","2,000","2,000",
"533","2022","Total Accounting and Budgeting","288,762","302,753","308,865",
"534","2022","52300 Property Assessor Office","","","",
"535","2022","101 County Official","80,668","80,668","86,395",
"536","2022","106 Deputy","42,857","41,891","0",
"537","2022","Account No. Description","Actual 2020-2021","Original Estimated 2021-2022","Estimated 2022-2023",
"538","2022","135 Assessment Personnel","32,672","31,462","0",
"539","2022","140 Salary Supplement","2,762","4,750","4,000",
"540","2022","162 Clerical Personnel","34,753","33,466","121,092",
"541","2022","186 Longevity Pay","2,300","2,400","500",
"542","2022","187 Overtime Pay(Re-appraisal)","0","0","0",
"543","2022","187-RA Overtime Pay(Re-appraisal)","0","5,000","0",
"544","2022","312 Contracts with Private Agencies","3,939","10,000","10,000",
"545","2022","317 Data Processing Services","30,704","33,000","36,300",
"546","2022","332 Legal Notices","52","200","200",
"547","2022","337 Maint and Repair-Office Equipment","375","1,000","1,000",
"548","2022","338 Maint and Repair-Vehicle","803","1,500","1,500",
"549","2022","349 Printing Stationary Forms","1,053","1,500","1,900",
"550","2022","349-RA Printing Stationary Forms(Re-appraisal)","0","3,500","0",
"551","2022","355 Travel","933","3,000","3,000",
"552","2022","399 Other Contracted Services","3,220","4,000","5,000",
"553","2022","425 Gasoline","846","2,500","3,000",
"554","2022","435 Office Supplies","1,345","3,500","3,500",
"555","2022","524 In-Service/Staff Development","1,050","2,400","2,400",
"556","2022","599 Other Charges","0","0","4,000",
"557","2022","599-RA Other Charges(Re-appraisal)","0","7,500","0",
"558","2022","599-PY Other Charges-PY Reappraisal Carryover","0","0","9,000",
"559","2022","718 Motor Vehicles","0","0","0",
"560","2022","719 Office Equipment","9,423","5,000","5,000",
"561","2022","Total Property Assessor's Office","249,755","278,237","297,787",
"562","2022","52400 County Trustee's Office","","","",
"563","2022","101 County Official","80,668","80,668","86,395",
"564","2022","106 Deputy","32,920","33,920","35,277",
"565","2022","121 Data Processing Personnel","26,282","27,081","28,165",
"566","2022","140 Salary Supplement","2,887","4,875","5,250",
"567","2022","162 Clerical Personnel","29,691","30,592","31,816",
"568","2022","169 Part-time Personnel","6,760","11,200","11,650",
"569","2022","186 Longevity Pay","1,700","1,900","2,600",
"570","2022","317 Data Processing Services","11,890","13,000","14,000",
"571","2022","332 Legal Notices, Recording and Court Costs","88","350","400",
"572","2022","349 Printing Stationary Forms","4,378","5,000","6,500",
"573","2022","355 Travel","901","2,200","2,200",
"574","2022","399 Other Contracted Services","1,489","2,000","3,325",
"575","2022","435 Office Supplies","2,791","3,000","3,500",
"576","2022","508 Surety Bond","0","0","13,365",
"577","2022","524 In-Service/Staff Development","680","1,600","1,600",
"578","2022","719 Office Equipment","5,499","3,000","3,000",
"579","2022","Total Trustees Office","208,624","220,386","249,043",
"580","2022","52500 County Clerk Office","","","",
"581","2022","101 County Official","80,668","80,668","86,395",
"582","2022","106 Deputy","31,475","32,431","33,729",
"583","2022","Account No. Description","Actual 2020-2021","Original Estimated 2021-2022","Estimated 2022-2023",
"584","2022","140 Salary Supplement","7,387","9,000","7,500",
"585","2022","161 Secretary","30,002","30,913","32,150",
"586","2022","162 Clerical Personnel","85,838","88,502","92,042",
"587","2022","169 Part-Time Personnel","15,766","15,000","15,000",
"588","2022","186 Longevity Pay","6,500","7,400","7,900",
"589","2022","317 Data Processing Services","25,197","25,000","28,535",
"590","2022","355 Travel","2,046","2,500","4,000",
"591","2022","435 Office Supplies","3,325","3,750","3,000",
"592","2022","524 In-Service/Staff Development","1,160","1,100","1,400",
"593","2022","719 Office Equipment","2,024","2,500","3,000",
"594","2022","Total County Clerk","291,388","298,764","314,651",
"595","2022","Total Finance","1,038,529","1,100,140","1,170,346",
"596","2022","53000 ADMINISTRATION OF JUSTICE","","","",
"597","2022","53100 Circuit Court","","","",
"598","2022","101 County Official","80,668","80,668","86,395",
"599","2022","106 Deputies","156,628","142,224","147,914",
"600","2022","169 Part-time Personnel","7,336","10,000","10,000",
"601","2022","186 Longevity Pay","7,800","5,400","5,800",
"602","2022","188 Bonus Payments","0","0","0",
"603","2022","189 Other Salaries and Wages","26,928","30,000","31,201",
"604","2022","194 Jury & Witness Fees","1,132","5,000","6,500",
"605","2022","317 Data Processing Services","21,038","22,102","23,688",
"606","2022","332 Legal Notices, Recording & Court Costs","269","600","600",
"607","2022","337 Maint and Repair Services - Equipment","1,773","3,000","3,500",
"608","2022","355 Travel","0","100","100",
"609","2022","399 Other Contracted Services","800","0","800",
"610","2022","435 Office Supplies","4,656","6,000","6,000",
"611","2022","508 Premiums on Corporate Surety Bonds","100","250","200",
"612","2022","719 Office Equipment","4,006","7,000","8,000",
"613","2022","Total Circuit Court","313,134","312,344","330,698",
"614","2022","53300 General Sessions Court","","","",
"615","2022","102 Judge","117,673","119,085","123,848",
"616","2022","123 Guidance Personnel","55,271","56,950","59,228",
"617","2022","161 Secretary","22,719","23,409","25,409",
"618","2022","169 Part-time Personnel","1,959","8,352","8,352",
"619","2022","186 Longevity Pay","2,800","3,000","3,200",
"620","2022","355 Travel","0","3,000","3,000",
"621","2022","399 Other Contracted Services","493","6,600","6,600",
"622","2022","432 Library Books","1,464","1,400","1,750",
"623","2022","435 Office Supplies","1,320","1,750","1,750",
"624","2022","524 In-Service/Staff Development","475","1,500","1,500",
"625","2022","719 Office Equipment","2,041","2,500","2,500",
"626","2022","Total General Sessions Court","206,215","227,546","237,137",
"627","2022","Account No. Description","Actual 2020-2021","Original Estimated 2021-2022","Estimated 2022-2023",
"628","2022","53310 General Sessions Judge","","","",
"629","2022","102 Judge","528","2,300","2,300",
"630","2022","355 Travel","0","1,000","1,000",
"631","2022","524 In-Service/Staff Development","275","700","700",
"632","2022","Total General Sessions Judge","803","4,000","4,000",
"633","2022","53400 Chancery Court","","","",
"634","2022","101 County Official","80,668","80,668","86,395",
"635","2022","103 Assistant","30,635","31,565","29,572",
"636","2022","106 Deputy","24,336","27,081","25,480",
"637","2022","186 Longevity Pay","2,500","3,300","3,100",
"638","2022","188 Bonus Payments","1,000","0","0",
"639","2022","317 Data Processing Services","13,736","14,453","15,403",
"640","2022","332 Legal Notices, Recording & Court Costs","0","1,500","1,500",
"641","2022","355 Travel","0","1,500","1,500",
"642","2022","435 Office Supplies","3,694","6,000","6,000",
"643","2022","508 Premiums of Corporate Surety Bonds","0","0","0",
"644","2022","719 Office Equipment","0","1,000","2,000",
"645","2022","Total Chancery Court","156,569","167,067","170,950",
"646","2022","53700 Judicial Commissioners","","","",
"647","2022","169 Part-time Personnel","11,989","15,426","16,198",
"648","2022","186 Longevity","900","1,000","1,100",
"649","2022","189 Other Salaries & Wages","37,706","34,006","35,707",
"650","2022","196 In-Service Training","0","1,250","1,250",
"651","2022","355 Travel","1,544","5,000","5,000",
"652","2022","435 Office Supplies","480","700","700",
"653","2022","524 In-Service/Staff Development","225","150","150",
"654","2022","599 Other Charges","340","360","360",
"655","2022","Total Judicial Commissioners","53,184","57,892","60,465",
"656","2022","53920 Courtroom Security","","","",
"657","2022","431 Law Enforcement Supplies","0","0","0",
"658","2022","499 Other Supplies and Materials","868","0","0",
"659","2022","499-CRF Other Supplies and Materials-Coronavirus Relief","0","0","0",
"660","2022","599 Other Charges","0","0","0",
"661","2022","799 Other Capital Outlay","0","0","0",
"662","2022","Total Courtroom Security","868","0","0",
"663","2022","Total Administration of Justice","730,773","768,849","803,250",
"664","2022","Account No. Description","Actual 2020-2021","Original Estimated 2021-2022","Estimated 2022-2023",
"665","2022","54110 Sheriff's Department","","","",
"666","2022","101 County Official","88,735","88,735","95,035",
"667","2022","103 Assistant","38,311","38,368","39,903",
"668","2022","106 Deputies","882,229","945,320","981,914",
"669","2022","106-SEC Deputies (Courtroom Security)","90,141","90,275","98,614",
"670","2022","119 Accounts/Bookkeepers","36,397","36,451","37,910",
"671","2022","140 Salary Supplements","23,900","27,000","27,000",
"672","2022","148 Dispatchers and Radio Operators","273,051","287,376","320,000",
"673","2022","169-SEC Part-time Personnel","14,811","46,000","46,000",
"674","2022","186 Longevity Pay","19,500","23,200","19,900",
"675","2022","187 Overtime Pay","47,700","45,000","60,000",
"676","2022","187-TSEE Overtime Pay-Tennessee Safety Environment &","0","0","0",
"677","2022","188 Bonus Payments","0","0","31,000",
"678","2022","189-SRO Other Salaries and Wages(SRO)","204,306","204,759","221,606",
"679","2022","302 Advertising","0","200","500",
"680","2022","307 Communication","35,078","15,000","15,000",
"681","2022","312 Contracts with Private Agencies","0","2,000","5,000",
"682","2022","317 Data Processing Services","17,529","20,000","25,000",
"683","2022","331 Legal Services","64","200","200",
"684","2022","332 Legal Notices, Recording & Court Costs","0","0","0",
"685","2022","336 Maint and Repair Services - Equipment","0","4,000","4,000",
"686","2022","338 Maint and Repair Services - Vehicles","47,212","50,000","65,000",
"687","2022","348 Postal Charges","297","300","300",
"688","2022","355 Travel","5,886","6,000","10,000",
"689","2022","355-SRO Travel (SRO)","0","0","5,000",
"690","2022","399 Other Contracted Service","1,941","2,500","0",
"691","2022","412 Diesel Fuel","732","1,000","2,000",
"692","2022","425 Gasoline","69,020","80,000","92,000",
"693","2022","431 Law Enforcement Supplies","37,830","45,000","45,000",
"694","2022","431-SRO Law Enforcement Supplies-SRO","4,400","5,000","5,000",
"695","2022","431-TSEE Law Enforcement Supplies-TN Safety Environmen","4,997","0","0",
"696","2022","435 Office Supplies","8,135","8,000","8,000",
"697","2022","450 Tires and Tubes","9,483","16,000","20,000",
"698","2022","451 Uniforms","14,697","15,000","15,000",
"699","2022","508 Premiums on Corporate Surety Bonds","0","0","0",
"700","2022","524 In-Service/Staff Development","7,642","25,000","25,000",
"701","2022","524-SRO In-Service/Staff Development-SRO","377","5,000","5,000",
"702","2022","599 Other Charges","0","0","5,000",
"703","2022","718 Motor Vehicles","99,913","100,000","25,000",
"704","2022","719 Office Equipment","3,581","5,000","5,000",
"705","2022","Total Sheriffs Department","2,087,895","2,237,684","2,360,882",
"706","2022","54160 Administration Of Sexual Offender Registry","","","",
"707","2022","435 Office Supplies","1,300","5,000","1,000",
"708","2022","599 Other Charges","0","599","3,000",
"709","2022","719 Office Equipment","4,725","2,000","3,500",
"710","2022","Total Administration Of Sexual Offender Registry","6,025","7,599","7,500",
"711","2022","Account No. Description","Actual 2020-2021","Original Estimated 2021-2022","Estimated 2022-2023",
"712","2022","54210 Jail","","","",
"713","2022","160 Guards","580,870","652,614","721,000",
"714","2022","186 Longevity Pay","5,000","6,900","6,200",
"715","2022","187 Overtime Pay","20,012","12,500","20,000",
"716","2022","188 Bonus Payment","0","0","21,000",
"717","2022","189 Other Salaries and Wages","11,660","11,866","15,475",
"718","2022","331 Legal Services","0","0","0",
"719","2022","340 Medical and Dental Services","213,915","250,000","250,000",
"720","2022","355 Travel","0","1,500","5,000",
"721","2022","399 Other Contracted Service","116,624","125,000","135,000",
"722","2022","410 Custodial Supplies","19,025","20,000","25,000",
"723","2022","413 Drugs & Medical Supplies","20,793","30,000","40,000",
"724","2022","422 Food Supplies","192,000","195,000","280,000",
"725","2022","431 Law Enforcement Supplies","4,506","5,000","5,000",
"726","2022","435 Office Supplies","2,548","5,000","5,000",
"727","2022","441 Prisoners Clothing","2,741","3,000","4,000",
"728","2022","451 Uniforms","4,777","8,000","8,000",
"729","2022","499 Other Supplies and Materials","6,885","10,000","15,000",
"730","2022","524 In-Service/Staff Development","200","1,000","5,000",
"731","2022","709 Data Processing Equipment","11,074","12,000","29,000",
"732","2022","719 Office Equipment","4,424","5,000","5,000",
"733","2022","Total Jail","1,217,054","1,354,380","1,594,675",
"734","2022","54310 Fire Prevention and Control","","","",
"735","2022","309 Contracts with Gov Agen","2,000","2,000","2,000",
"736","2022","429 Instructional Supplies and Materials","0","3,550","1,000",
"737","2022","524 In-Service/Staff Development","5,891","10,000","10,000",
"738","2022","790 Other Equipment","0","0","2,550",
"739","2022","Total Fire Prevention and Control","7,891","15,550","15,550",
"740","2022","54320 Rural Fire Protection","","","",
"741","2022","316 Contributions","0","0","150,000",
"742","2022","Total Rural Fire Prevention","0","0","150,000",
"743","2022","54410 Civil Defense","","","",
"744","2022","105 Supervisor/Director","62,448","62,541","66,293",
"745","2022","169 Part-time Personnel","0","0","5,000",
"746","2022","186 Longevity Pay","0","0","0",
"747","2022","187 Overtime Pay","0","0","5,000",
"748","2022","189 Other Salaries and Wages","37,906","39,057","45,000",
"749","2022","320 Dues and Memberships","645","750","1,000",
"750","2022","330 Operating Lease Payment","3,400","3,400","3,400",
"751","2022","336 Maint and Repair Services - Equipment","3,537","4,500","5,000",
"752","2022","338 Maint and Repair Services - Vehicles","7,343","10,000","12,000",
"753","2022","355 Travel","0","1,000","1,000",
"754","2022","Account No. Description","Actual 2020-2021","Original Estimated 2021-2022","Estimated 2022-2023",
"755","2022","399 Other Contracted Services","690","4,000","4,500",
"756","2022","412 Diesel","653","4,000","4,000",
"757","2022","425 Gasoline","4,165","7,000","10,000",
"758","2022","435 Office Supplies","962","1,000","1,000",
"759","2022","442 Propane Gas","0","3,000","3,000",
"760","2022","451 Uniforms","646","1,000","1,000",
"761","2022","499 Other Supplies and Materials","12,374","11,860","9,690",
"762","2022","508 Premiums on Corporate Surety Bonds","0","50","50",
"763","2022","524 In-Service/Staff Development","555","1,000","2,000",
"764","2022","599 Other Charges","8","1,000","1,000",
"765","2022","708 Communication Equipment","4,635","7,000","12,000",
"766","2022","718 Motor Vehicles","14,403","0","0",
"767","2022","718-DA Motor Vehicles-Direct Appropriations Grant","5,000","0","0",
"768","2022","790 Other Equipment","1,306","1,000","1,000",
"769","2022","Total Civil Defense","160,676","163,158","192,933",
"770","2022","54420 Rescue Squad","","","",
"771","2022","316 Contributions","25,000","35,000","0",
"772","2022","515 Liability Claims","9,495","0","0",
"773","2022","Total Rescue Squad","34,495","35,000","0",
"774","2022","54610 County Coroner","","","",
"775","2022","131 Medical Personnel","4,750","5,000","5,000",
"776","2022","341 Pauper Burials","0","1,000","1,000",
"777","2022","399 Other Contracted Services","66,300","50,000","50,000",
"778","2022","508 Premiums on Corporate Surety Bonds","0","0","0",
"779","2022","Total County Coroner","71,050","56,000","56,000",
"780","2022","Total Public Safety","3,585,086","3,869,371","4,377,540",
"781","2022","55000 PUBLIC HEALTH AND WELFARE","","","",
"782","2022","55110 Local Health Center","","","",
"783","2022","316 Contributions","19,056","39,031","39,031",
"784","2022","335 Maintenance and Repair Service-Building","1,797","1,000","1,000",
"785","2022","399 Other Contracted Services","0","6,100","6,100",
"786","2022","435 Office Supplies","36","1,520","1,520",
"787","2022","499 Other Supplies & Materials","0","2,250","2,250",
"788","2022","599 Other Charges","598","700","700",
"789","2022","599-PPI Other Charges","0","0","0",
"790","2022","Total Local Health Center","21,487","50,601","50,601",
"791","2022","55130 Ambulance/Emergency Medical Services","","","",
"792","2022","105 Supervisor/Director","59,744","59,833","64,620",
"793","2022","131 Medical Personnel","828,023","1,075,666","1,220,252",
"794","2022","169 Part-time Personnel","109,294","140,000","150,000",
"795","2022","Account No. Description","Actual 2020-2021","Original Estimated 2021-2022","Estimated 2022-2023",
"796","2022","186 Longevity","13,900","16,700","20,000",
"797","2022","187 Overtime Pay","355,700","402,339","418,000",
"798","2022","199 Other Per Diem & Fees","22","3,000","3,000",
"799","2022","320 Dues and Memberships","965","1,200","1,200",
"800","2022","335 Maint & Repair Services - Building","1,627","2,000","2,000",
"801","2022","336 Maint & Repair Services - Equipment","1,035","8,000","8,000",
"802","2022","338 Maint & Repair Services - Vehicles","82,734","40,000","50,000",
"803","2022","355 Travel","954","3,500","3,000",
"804","2022","399 Other Contracted Services","172,028","190,000","190,000",
"805","2022","410 Custodial Supplies","2,347","3,000","3,000",
"806","2022","412 Diesel Fuel","6,207","15,000","18,000",
"807","2022","413 Drugs and Medical Supplies","54,656","60,000","65,000",
"808","2022","413-DONAT Drugs and Medical Supplies(EMR Donation)","0","1,200","0",
"809","2022","413-CRF Drugs and Medical Supplies-Coronavirus Relief","111,916","0","0",
"810","2022","413-PHAR Drugs and Medical Supplies(Pharmecuticals)","27,860","35,000","35,000",
"811","2022","425 Gasoline","30,084","66,082","70,000",
"812","2022","435 Office Supplies","2,458","3,000","3,000",
"813","2022","450 Tires and Tubes","5,626","10,000","12,000",
"814","2022","451 Uniforms","8,359","15,000","15,000",
"815","2022","499 Other Supplies and Materials","21,085","7,000","7,000",
"816","2022","524 In-Service/Staff Development","14,066","20,000","20,000",
"817","2022","599-HHS Other Charges-HHS Grant","25,723","0","0",
"818","2022","718 Motor Vehicle","0","0","0",
"819","2022","718-CRF Motor Vehicle-Coronavirus Relief Fund","181,313","0","0",
"820","2022","719 Office Equipment","1,433","3,000","3,000",
"821","2022","790 Other Equipment","0","30,000","30,000",
"822","2022","Total Ambulance/Emergency Medical Serv","2,119,159","2,210,520","2,411,072",
"823","2022","55170 Alcohol and Drug Programs","","","",
"824","2022","111 Probation Officer","11,360","11,731","12,200",
"825","2022","201 Social Security","0","780","780",
"826","2022","355 Travel","0","1,000","796",
"827","2022","435 Office Supplies","256","1,265","1,000",
"828","2022","599 Other Charges","3,289","7,500","7,500",
"829","2022","Total Alcohol and Drug Programs","14,905","22,276","22,276",
"830","2022","55190 Other Local Health Services","","","",
"831","2022","131 Medical Personnel","137,119","154,563","130,147",
"832","2022","163 Educational Assistants","58,537","58,537","61,053",
"833","2022","188 Bonus Payments","0","0","0",
"834","2022","349 Printing, Stationery, and Forms","0","100","100",
"835","2022","355 Travel","6,413","15,000","15,000",
"836","2022","399 Other Contracted Services","0","100","100",
"837","2022","499 Other Supplies and Materials","0","2,500","2,500",
"838","2022","506 Liability Insurance","194","250","250",
"839","2022","599-TOBG Other Charges (Tobacco Grant)","0","0","0",
"840","2022","Account No.","Description","Actual 2020-2021","Original Estimated 2021-2022","Estimated 2022-2023",
"841","2022","","Total Other Local Health Services","202,263","231,050","209,150",
"842","2022","55900","Other Public Health Services","","","",
"843","2022","599-ENV","Other Charges (Environment Grant)","20,000","0","0",
"844","2022","599-HOSP","Other Charges (Hospital Donation)","5,000","5,000","5,000",
"845","2022","599-TOBG","Other Charges(Tobacco Grant)","1,952","4,743","1,244",
"846","2022","","Total Other Public Health Services","26,952","9,743","6,244",
"847","2022","","Total Public Health & Welfare","2,384,766","2,524,190","2,699,343",
"848","2022","56000","SOCIAL, CULTURAL AND RECREATIONAL SERVICES","","","",
"849","2022","56300","Senior Citizens Assistance","","","",
"850","2022","316","Contributions","10,000","10,000","0",
"851","2022","316-DA","Contributions","4,000","0","0",
"852","2022","","Total Senior Citizens Assistance","14,000","10,000","0",
"853","2022","56500","Libraries","","","",
"854","2022","103","Assistants","108,002","111,282","115,735",
"855","2022","129","Librarians","38,208","39,368","40,943",
"856","2022","186","Longevity","4,100","4,700","5,400",
"857","2022","189","Other Salaries and Wages","12,605","13,897","19,453",
"858","2022","317","Data Processing Services","3,235","3,600","3,600",
"859","2022","320","Dues & Memberships","60","750","750",
"860","2022","335","Maint & Repair Services Buildings","595","3,000","3,000",
"861","2022","348","Postal Charges","1,006","1,000","1,000",
"862","2022","355","Travel","0","2,000","2,000",
"863","2022","399","Other Contracted Services","14,838","17,854","17,854",
"864","2022","432","Library Books & Media","5,499","5,500","5,500",
"865","2022","435","Office Supplies","5,335","7,000","7,000",
"866","2022","452","Utilities","5,354","6,000","6,000",
"867","2022","499","Other Supplies & Materials","702","1,000","1,000",
"868","2022","524","In-Service/Staff Development","214","1,000","1,000",
"869","2022","599","Other Charges","16,633","15,000","15,000",
"870","2022","599-LIB","Other Charges-LIB","2,171","0","0",
"871","2022","599-PS","Other Charges-PS","10,996","0","0",
"872","2022","790","Other Equipment","0","8,000","8,000",
"873","2022","790-DA","Other Equipment-Direct Appropriations Grant","3,734","0","0",
"874","2022","799","Other Capital Outlay","0","0","0",
"875","2022","799-DA","Other Capital Outlay-Direct Appropriations Grant","11,236","0","0",
"876","2022","","Total Estimated Expenditures","244,523","240,951","253,235",
"877","2022","56700","Parks and Fair Boards","","","",
"878","2022","316","Contributions","0","0","3,000",
"879","2022","","Total Senior Citizens Assistance","0","0","3,000",
"880","2022","Account No. Description","Actual 2020-2021","Original Estimated 2021-2022","Estimated 2022-2023",
"881","2022","Total Social, Cultural and Recreational","258,523","250,951","256,235",
"882","2022","57000 AGRICULTURE AND NATURAL RESOURCES","","","",
"883","2022","57100 Agriculture Extension Service","","","",
"884","2022","316 Contributions","53,480","58,748","60,594",
"885","2022","320 Dues and Memberships","230","350","350",
"886","2022","355 Travel","0","900","900",
"887","2022","410 Custodial Supplies","122","125","125",
"888","2022","435 Office Supplies","0","1,000","1,000",
"889","2022","719 Office Equipment","0","1,000","1,000",
"890","2022","Total Agriculture Extension Services","53,832","62,123","63,969",
"891","2022","57500 Soil Conservation","","","",
"892","2022","161 Secretary","23,716","28,439","24,960",
"893","2022","186 Longevity","600","700","700",
"894","2022","399 Other Contracted Services","5,000","5,000","5,000",
"895","2022","599 Other Charges","2,550","2,550","2,550",
"896","2022","Total Soil Conservation","31,866","36,689","33,210",
"897","2022","Total Agriculture and Natural Resources","85,698","98,812","97,179",
"898","2022","58000 OTHER GENERAL GOVERNMENT","","","",
"899","2022","58110 Tourism","","","",
"900","2022","316 Contributions","0","1,200","1,200",
"901","2022","707 Building Improvements","0","0","0",
"902","2022","Total Tourism","0","1,200","1,200",
"903","2022","58120 Industrial Development (Vision 21)","","","",
"904","2022","105 Supervisor/Director","58,829","58,917","63,000",
"905","2022","316 Contributions","12,294","12,294","11,773",
"906","2022","Total Industrial Development","71,123","71,211","74,773",
"907","2022","58190 Other Economic and Community Development","","","",
"908","2022","351 Rentals","0","0","0",
"909","2022","599 Other Charges","0","0","0",
"910","2022","Total Other Economic and Community Developme","0","0","0",
"911","2022","58300 Veterans Services","","","",
"912","2022","105 Supervisor/Director","31,154","31,201","32,450",
"913","2022","169 Part-time Personnel","0","0","0",
"914","2022","338 Maint & Repair Services - Vehicles","415","500","500",
"915","2022","338-SC Maint & Repair Services - Vehicles(South Central)","36","500","0",
"916","2022","Account No. Description","Actual 2020-2021","Original Estimated 2021-2022","Estimated 2022-2023",
"917","2022","351 Rentals","3,400","3,600","3,600",
"918","2022","355 Travel","0","300","300",
"919","2022","399 Other Contracted Service","449","450","450",
"920","2022","425 Gasoline","630","750","750",
"921","2022","425-SC Gasoline (SCHRA)","227","500","0",
"922","2022","435 Office Supplies","159","200","200",
"923","2022","599 Other Charges","957","1,000","1,000",
"924","2022","599-SC Other Charges (SCHRA)","0","1,000","0",
"925","2022","719 Office Equipment","0","200","200",
"926","2022","Total Veterans Services","37,427","40,201","39,450",
"927","2022","58400 Other Charges","","","",
"928","2022","506 Liability Insurance","290,698","297,000","300,632",
"929","2022","510 Trustees Commission","205,935","210,000","210,000",
"930","2022","513 Workers Comp","125,281","160,000","160,000",
"931","2022","Total Other Charges","621,914","667,000","670,632",
"932","2022","58600 Employee Benefits","","","",
"933","2022","201 Social Security","453,196","516,127","537,000",
"934","2022","204 State Retirement","638,967","700,068","728,000",
"935","2022","206 Life Insurance","43,292","53,000","53,000",
"936","2022","207 Medical Insurance","1,677,268","1,898,199","1,898,199",
"937","2022","210 Unemployment Comp","5,602","20,000","22,000",
"938","2022","399 Other Contracted Services","0","5,500","0",
"939","2022","Total Employees Benefits","2,818,325","3,192,894","3,238,199",
"940","2022","58836 CESF Video Arraignment","0","0","0",
"941","2022","Total CESF Video Arraignment","0","0","0",
"942","2022","58900 Miscellaneous","","","",
"943","2022","309 Contracts with Government Agencies","12,920","12,920","12,920",
"944","2022","316 Contributions","86,000","108,000","60,000",
"945","2022","316-DA Contributions-Direct Appropriations Grant","153,222","0","0",
"946","2022","320 Dues and Memberships","13,746","15,000","16,100",
"947","2022","348 Postal Charges","41,555","45,000","45,000",
"948","2022","351 Rentals","0","2,500","2,500",
"949","2022","399 Other Contracted Services","0","0","0",
"950","2022","509-DA Refunds","0","0","0",
"951","2022","599 Other Charges","1,719","2,500","2,500",
"952","2022","Total Miscellaneous","309,162","185,920","139,020",
"953","2022","Total Other General Government","3,857,951","4,158,426","4,163,274",
"954","2022","Account No. Description","Actual 2020-2021","Original Estimated 2021-2022","Estimated 2022-2023",
"955","2022","Total Estimated Expenditures","13,648,398","14,474,349","15,863,678",
"956","2022","99000 OTHER USES","","","",
"957","2022","91190 Other General Government Projects","","","",
"958","2022","706-DA Building Construction","0","0","0",
"959","2022","Total Estimated General Administration Projects","0","0","0",
"960","2022","91200 Highway & Street Capital Projects","","","",
"961","2022","713 Highway Construction","19,590","0","0",
"962","2022","Total Estimated Highway & Street Capital Projects","19,590","0","0",
"963","2022","99000 ESTIMATED OTHER USES","","","",
"964","2022","99100 Transfers Out","","","",
"965","2022","590 Transfers to Other Funds","107,777","100,000","100,000",
"966","2022","590-DA Transfers to Other Funds","360,000","0","0",
"967","2022","Total Estimated Other Uses","467,777","100,000","100,000",
"968","2022","Total Estimated Expenditures and other uses","14,135,765","14,574,349","15,963,678",
"969","2022","Excess of Estimated Revenue and Other Sources over (under) Estimated Expenditures and Othe","615,695","(1,432,501)","(2,374,434)",
"970","2022","Estimated Begin Fund Balance July 1","5,237,699","5,853,394","6,500,000",
"971","2022","Estimated Ending Fund Balance June 30","5,853,394","4,420,893","4,125,566",
"972","2022","Statement of Proposed Operations for the Fiscal Year Ending June 30, 2023","","Original","",
"973","2022","Account No. Description","Actual 2020-2021","Estimated 2021-2022","Estimated 2022-2023",
"974","2022","ESTIMATED REVENUES","","","",
"975","2022","42000 FINES, FORFIETURES AND PENALTIES","","","",
"976","2022","42100 Circuit Court","","","",
"977","2022","42140 Drug Control Fines","2,930","2,500","2,500",
"978","2022","42141 Drug Control Fees","0",".0","0",
"979","2022","42300 General Sessions Court","","","",
"980","2022","42340 Drug Control Fines","6,812","6,000","6,000",
"981","2022","42341 Drug Control Fees","0","0","0",
"982","2022","Total Fines, Forfeitures and Penalties","9,742","8,500","8,500",
"983","2022","42900 OTHER FINES, FORFEITURES AND PENALTIES","","","",
"984","2022","42910 Proceeds from Confiscated Property","58,136","45,000","45,000",
"985","2022","Total Other Fines, Forfeitures, and Penalties","58,136","45,000","45,000",
"986","2022","44000 OTHER LOCAL REVENUES","","","",
"987","2022","44500 Nonrecurring Items","","","",
"988","2022","44530 Sale of Equipment","1,000","0","0",
"989","2022","Total Other Local Revenues","1,000","0","0",
"990","2022","Total Estimated Revenue","68,878","53,500","53,500",
"991","2022","49000 ESTIMATED OTHER SOURCES(NON-REVENUE)","","","",
"992","2022","49700 Insurance Recovery","0","0","0",
"993","2022","Total Estimated Other Source(Non-Revenue)","0","0","0",
"994","2022","Total Estimated Revenues and Other Source","68,878","53,500","53,500",
"995","2022","ESTIMATED EXPENDITURES","","","",
"996","2022","54110 SHERIFF'S DEPARTMENT","","","",
"997","2022","355 Travel","0","0","0",
"998","2022","431 Law Enforcement Supplies","0","0","0",
"999","2022","524 Inservice","0","0","0",
"1000","2022","599 Other Charges","10,000","10,000","10,000",
"1001","2022","716 Law Enforcement Equipment","0","0","0",
"1002","2022","718 Motor Vehicles","0","0","75,000",
"1003","2022","Total Estimated Expenditures","10,000","10,000","85,000",
"1004","2022","Excess of Estimated Revenue Over","","","",
"1005","2022","(Under) Estimated Expenditures","58,878","43,500","(31,500)",
"1006","2022","Estimated Beginning Fund Balance July 1","99,773","158,651","108,000",
"1007","2022","Estimated Ending Fund Balance June 30","158,651","202,151","76,500",
"1008","2022","Adequate Facilities Tax Fund 125 Statement of Proposed Operations For the Fiscal Year Ending June 30, 2023","","Original","",
"1009","2022","Account No. Description","Actual 2020-2021","Estimated 2021-2022","Estimated 2022-2023",
"1010","2022","ESTIMATED REVENUES","","","",
"1011","2022","40200 COUNTY LOCAL OPTION TAXES","","","",
"1012","2022","40285 Adequate Facilities/Development Tax","246,779","280,000","260,000",
"1013","2022","Total Local Option Taxes","246,779","280,000","260,000",
"1014","2022","Total Revenues","246,779","280,000","260,000",
"1015","2022","ESTIMATED EXPENDITURES","","","",
"1016","2022","50000 GENERAL COUNTY OPERATIONS","","","",
"1017","2022","51730 Building","","","",
"1018","2022","509 Refunds","0","0","0",
"1019","2022","510 Trustee's Commission","2,468","2,500","2,600",
"1020","2022","Total Building","2,468","2,500","2,600",
"1021","2022","90000 CAPITAL PROJECTS","","","",
"1022","2022","91300 Educational Capital Project","","","",
"1023","2022","799 Other Capital Outlay","0","0","150,000",
"1024","2022","Total Public Safety Projects","0","0","150,000",
"1025","2022","99100 TRANSFERS OUT","","","",
"1026","2022","590 Transfers to Other Funds","0","280,000","280,000",
"1027","2022","Total Transfers Out","0","280,000","280,000",
"1028","2022","Total Estimated Expenditures","2,468","282,500","432,600",
"1029","2022","Excess of Estimated Revenue and Other","","","",
"1030","2022","Sources over/under Estimated Expendit","244,311","(2,500)","(172,600)",
"1031","2022","Estimated Beginning Fund Balance July","658,288","902,599","880,000",
"1032","2022","Estimated Ending Fund Balance June 3(","902,599","900,099","707,400",
"1033","2022","Statement of Proposed Operations for the Fiscal Year Ending June 30, 2023 Account No. Description","Actual 2020-2021","Original Estimated 2021-2022","Estimated 2022-2023",
"1034","2022","ESTIMATED REVENUES","","","",
"1035","2022","44000 OTHER LOCAL REVENUES","","","",
"1036","2022","44100 Recurring Items","","","",
"1037","2022","44110 Investment Income","0","0","480",
"1038","2022","Total Recurring Items","0","0","480",
"1039","2022","47000 FEDERAL GOVERNMENT","","","",
"1040","2022","47600 Direct Federal Revenue","","","",
"1041","2022","47902 American Rescue Plan Act Grant#7(SLFRF)","0","0","2,445,647",
"1042","2022","Total Direct Federal Revenue","0","0","2,445,647",
"1043","2022","Total Estimated Revenue","0","0","2,446,127",
"1044","2022","ESTIMATED EXPENDITURES","","","",
"1045","2022","58837 AMERICAN RESCUE PLAN ACT GRANT#7","","","",
"1046","2022","188 Bonus Payments","0","0","550,000",
"1047","2022","201 Social Security","0","0","20,000",
"1048","2022","204 Pensions","0","0","25,000",
"1049","2022","Total Estimated Expenditures","0","0","595,000",
"1050","2022","Excess of Estimated Revenue Over","","","",
"1051","2022","(Under) Estimated Expenditures","0","0","1,851,127",
"1052","2022","Estimated Beginning Fund Balance July 1","0","0","2,445,647",
"1053","2022","Estimated Ending Fund Balance June 30","0","0","4,296,774",
"1054","2022","Account No.","Description","Actual 2020-2021","Original Estimate 2021-2022","Estimate 2022-2023",
"1055","2022","","ESTIMATED REVENUES","","","",
"1056","2022","40000","LOCAL TAXES","","","",
"1057","2022","40100","County Property Taxes","","","",
"1058","2022","40110","Current Property Taxes","275,401","287,140","287,493",
"1059","2022","40120","Trustee's Collection Prior Year","6,794","12,930","12,930",
"1060","2022","40125","Trustee's Collection Bankruptcy","81","0","0",
"1061","2022","40130","Circuit/Clerk & Master Coll Prior Years","4,920","7,000","7,000",
"1062","2022","40140","Interest and Penalty","1,469","2,260","2,260",
"1063","2022","40161","Payments in Lieu of Taxes TVA","303","350","350",
"1064","2022","40200","County Local Option Taxes","","","",
"1065","2022","40270","Business Tax","3,131","3,500","3,500",
"1066","2022","40280","Mineral Severance Tax","66,653","85,000","85,000",
"1067","2022","","Total Local Taxes","358,752","398,180","398,533",
"1068","2022","43100","General Service Charge","","","",
"1069","2022","43102","Other Employee Benefit Charges/Contributions","5,454","4,825","0",
"1070","2022","","Total General Services Charge","5,454","4,825","0",
"1071","2022","43000","CHARGES FOR CURRENT SERVICES","","","",
"1072","2022","43380","Vending Machines Collections","1,387","2,600","2,600",
"1073","2022","","Total Charges for Current Services","1,387","2,600","2,600",
"1074","2022","44000","OTHER LOCAL REVENUES","","","",
"1075","2022","44100","Recurring Items","","","",
"1076","2022","44145","Sale of Recycled Materials","1,258","4,500","5,500",
"1077","2022","44170","Miscellaneous Refunds","7,281","0","0",
"1078","2022","44500","Nonrecurring Items","","","",
"1079","2022","44530","Sale of Equipment","12,350","100,000","150,000",
"1080","2022","","Total Other Local Revenues","20,889","104,500","155,500",
"1081","2022","46000","STATE OF TENNESSEE","","","",
"1082","2022","46400","Public Works Grants","","","",
"1083","2022","46410","Bridge Program","500,221","1,851,368","1,851,368",
"1084","2022","46420","State Aid Program","358,450","659,455","659,455",
"1085","2022","46851","State Revenue Sharing TVA","19,094","22,000","22,000",
"1086","2022","46920","Gasoline and Motor Fuel Tax","2,636,694","2,617,836","2,836,818",
"1087","2022","46930","Petroleum Special Tax","17,815","19,140","19,140",
"1088","2022","46980","Other State Grants","6,843","0","0",
"1089","2022","","Total State of Tennessee","3,539,117","5,169,799","5,388,781",
"1090","2022","Account No.","Description","Actual 2020-2021","Original Estimate 2021-2022","Estimate 2022-2023",
"1091","2022","47100","Federal Through State","","","",
"1092","2022","47230","Disaster Relief","108,177","200,000","500,000",
"1093","2022","47301-CRF","COVID-19 Grant # 1","35,748","0","0",
"1094","2022","47600","Direct Federal Revenue","","","",
"1095","2022","47990","Other Direct Federal Revenue","0","300,000","800,000",
"1096","2022","","Total Federal Government","143,925","500,000","1,300,000",
"1097","2022","48000","OTHER GOVERNMENTS AND CITIZENS GROUP","","","",
"1098","2022","48100","Other Governments","","","",
"1099","2022","48120","Paving and Maintenance","4,615","0","0",
"1100","2022","48600","Citizens Groups","","","",
"1101","2022","48610","Donations","500","0","0",
"1102","2022","","Total Other Governments","5,115","0","0",
"1103","2022","","Total Estimated Revenue","4,074,639","6,179,904","7,245,414",
"1104","2022","49000","OTHER SOURCES (NON-REVENUE)","","","",
"1105","2022","49700","Insurance Recovery","1,086","0","0",
"1106","2022","49800","Transfers In","367,777","0","0",
"1107","2022","","Total Other Sources (Non-Revenue)","368,863","0","0",
"1108","2022","","Total Estimated Revenues and Other Sources","4,443,502","6,179,904","7,245,414",
"1109","2022","","ESTIMATED EXPENDITURES","","","",
"1110","2022","61000","ADMINISTRATION","","","",
"1111","2022","101","County Official/Administrative Officer","88,735","88,735","95,035",
"1112","2022","140","Salary Supplement","2,062","4,500","4,500",
"1113","2022","161","Secretary","37,327","39,960","43,784",
"1114","2022","162","Clerical Personnel","0","0","30,160",
"1115","2022","169","Part-time Personnel","17,470","33,950","21,558",
"1116","2022","187","Overtime Pay","2,547","4,500","5,500",
"1117","2022","188","Bonus Payment","0","0","0",
"1118","2022","191","Board and Committee Members Fees","16,800","16,800","16,800",
"1119","2022","316","Contributions","500","500","500",
"1120","2022","317","Data Processing Services","0","400","400",
"1121","2022","320","Dues and Memberships","3,875","3,875","3,875",
"1122","2022","332","Legal Notices, Recording and Court Costs","364","400","1,000",
"1123","2022","348","Postal Charges","0","300","300",
"1124","2022","355","Travel","590","2,500","1,500",
"1125","2022","399","Other Contracted Services","8,113","8,200","8,500",
"1126","2022","435","Office Supplies","251","1,050","1,050",
"1127","2022","508","Premiums on Corporate Surety Bonds","0","2,000","2,000",
"1128","2022","524","In-Service/Staff Developement","150","2,500","2,500",
"1129","2022","719","Office Equipment","0","10,000","5,000",
"1130","2022","","Total Administration","178,784","220,170","243,962",
"1131","2022","Account No.","Description","Actual 2020-2021","Original Estimate 2021-2022","Estimate 2022-2023",
"1132","2022","62000","HIGHWAY AND BRIDGE MAINTENANCE","","","",
"1133","2022","140","Salary Supplements","1,500","1,500","1,500",
"1134","2022","141","Foremen","223,564","293,761","293,761",
"1135","2022","143","Equipment Operators","307,015","375,495","375,495",
"1136","2022","149","Laborers","242,705","302,230","315,000",
"1137","2022","187","Overtime Pay","32,765","50,000","50,000",
"1138","2022","188","Bonus Payment","0","0","0",
"1139","2022","323","Explosive and Drilling Services","0","2,000","2,000",
"1140","2022","403","Asphalt-Cold Mix","33,811","75,000","100,000",
"1141","2022","405","Asphalt-Liquid","95,448","450,000","550,000",
"1142","2022","409","Crushed Stone","120,266","400,000","750,000",
"1143","2022","426","General Construction Materials","1,858","15,000","25,000",
"1144","2022","436","Other Road Supplies","32,585","45,000","55,000",
"1145","2022","438","Pipe","22,555","30,000","70,000",
"1146","2022","443","Road Signs","8,773","18,000","18,000",
"1147","2022","444","Salt","0","5,000","5,000",
"1148","2022","446","Small Tools","2,113","8,000","5,000",
"1149","2022","455","Wood Products","1,247","5,000","5,000",
"1150","2022","468","Chemical","4,800","10,000","10,000",
"1151","2022","","Total Highway and Bridge Maintenance","1,131,005","2,085,986","2,630,756",
"1152","2022","63100","OPERATION AND MAINTENANCE OF EQUIPMENT","","","",
"1153","2022","141","Foremen","37,815","39,992","42,176",
"1154","2022","142","Mechanic(s)","29,270","31,860","32,760",
"1155","2022","187","Overtime Pay","5,018","5,000","5,000",
"1156","2022","188","Bonus Payments","0","0","0",
"1157","2022","329","Laundry Services","11,401","12,000","12,000",
"1158","2022","412","Diesel Fuel","92,609","150,000","200,000",
"1159","2022","418","Equipment and Machinery Parts","77,471","150,000","150,000",
"1160","2022","424","Garage Supplies","39,046","50,000","75,000",
"1161","2022","425","Gasoline","15,818","38,500","45,000",
"1162","2022","433","Lubricants","12,169","20,000","25,000",
"1163","2022","450","Tires and Tubes","54,409","50,000","75,000",
"1164","2022","599","Other Charges","100","1,500","1,500",
"1165","2022","","Total Operation and Maintenance of Equip","375,126","548,852","663,436",
"1166","2022","65000","OTHER CHARGES","","","",
"1167","2022","307","Communication","3,141","7,500","7,500",
"1168","2022","331","Legal Services","0","3,500","3,500",
"1169","2022","415","Electricity","4,400","8,000","8,000",
"1170","2022","454","Water and Sewer","4,001","6,500","6,500",
"1171","2022","505","Judgments","0","0","0",
"1172","2022","506","Liability Insurance","47,858","60,000","60,000",
"1173","2022","510","Trustees Commission","32,741","35,000","35,000",
"1174","2022","","Total Other Charges","92,141","120,500","120,500",
"1175","2022","66000","EMPLOYEE BENEFITS","","","",
"1176","2022","201","Social Security","74,902","114,600","114,600",
"1177","2022","Account No. Description","Actual 2020-2021","Original Estimate 2021-2022","Estimate 2022-2023",
"1178","2022","204 State Retirement","106,360","145,000","145,000",
"1179","2022","205 Employee and Dependent Insurance","351,107","506,375","506,375",
"1180","2022","210 Unemployment Compensation","7,026","17,000","17,000",
"1181","2022","513 Worker's Compensation Insurance","117,948","146,735","146,735",
"1182","2022","599 Other Charges","1,811","7,500","7,500",
"1183","2022","Total Employees Benefits","659,154","937,210","937,210",
"1184","2022","68000 CAPITAL OUTLAY","","","",
"1185","2022","705 Bridge Construction","603,046","1,600,000","1,600,000",
"1186","2022","708 Communication Equipment","985","4,000","4,000",
"1187","2022","713 Highway Construction","725,205","750,000","750,000",
"1188","2022","714 Highway Equipment","209,048","75,000","100,000",
"1189","2022","718 Motor Vehicles","30,765","35,000","35,000",
"1190","2022","791 Other Construction","3,536","15,000","15,000",
"1191","2022","Total Capital Outlay","1,572,585","2,479,000","2,504,000",
"1192","2022","Total Estimated Expenditures","4,008,795","6,391,718","7,099,864",
"1193","2022","99000 OTHER USES","","","",
"1194","2022","99100 Transfers Out","","","",
"1195","2022","590 Transfers to Other Funds","128,264","121,088","143,655",
"1196","2022","Total Other Uses","128,264","121,088","143,655",
"1197","2022","Total Estimated Expenditures and Other Uses","4,137,059","6,512,806","7,243,519",
"1198","2022","Excess of Estimated Revenue Over (Under)","","","",
"1199","2022","Estimated Expenditures and Other Uses","306,443","(332,902)","1,895",
"1200","2022","Estimated Beginning Fund Balance July 1","1,550,627","1,857,070","1,600,000",
"1201","2022","Fund Balance Audit Adjustment","","","",
"1202","2022","Estimated Ending Fund Balance June 30","1,857,070","1,524,168","1,601,895",
"1203","2022","Account No.","Description","Actual 2020-2021","Original Estimate 2021-2022","Estimate 2022-2023",
"1204","2022","","ESTIMATED REVENUES","","","",
"1205","2022","40000","Local Taxes","","","",
"1206","2022","40100","County Property Taxes","","","",
"1207","2022","40110","Current Property Taxes","3,180,080","2,953,439","2,953,480",
"1208","2022","40120","Trustee's Collection - Prior Year","78,477","80,000","80,000",
"1209","2022","40125","Trustee's Collection - Bankruptcy","940","","0",
"1210","2022","40130","Circuit/Clerk & Master Collections - Prior Years","56,812","45,000","45,000",
"1211","2022","40140","Interest and Penalty","16,975","21,000","21,000",
"1212","2022","40161","Payments in Lieu of Taxes - TVA","3,495","4,000","4,000",
"1213","2022","40162","Payments in Lieu of Taxes - Local Utilities","6,000","6,000","6,000",
"1214","2022","40200","County Local Option Taxes","","","",
"1215","2022","40210","Local Option Sales Tax","2,368,452","2,100,000","2,350,000",
"1216","2022","40270","Business Tax","36,153","30,000","30,000",
"1217","2022","40300","Statutory Local Taxes","","","",
"1218","2022","40320","Bank Excise Tax","0","0","0",
"1219","2022","40350","Interstate Telecommunication Tax","0","0","0",
"1220","2022","","Total Local Taxes","5,747,384","5,239,439","5,489,480",
"1221","2022","41000","Licenses and Permits","","","",
"1222","2022","41100","Licenses","","","",
"1223","2022","41110","Marriage Licenses","1,644","1,300","1,300",
"1224","2022","","Total Licenses and Permits","1,644","1,300","1,300",
"1225","2022","43000","Charges for Current Services","","","",
"1226","2022","43500","Education Charges","","","",
"1227","2022","43513","Tuition - Summer School","0","0","0",
"1228","2022","43517","Tuition - Other","3,500","2,000","2,000",
"1229","2022","43570","Receipts from Individual Schools","15,182","30,000","30,000",
"1230","2022","43582","Community Service Fees Adults","161","200","200",
"1231","2022","","Total Charges for Current Services","18,843","32,200","32,200",
"1232","2022","44000","Other Local Revenues","","","",
"1233","2022","44100","Recurring Items","","","",
"1234","2022","44110","Investment Income","46,247","0","0",
"1235","2022","44120","Lease/Rentals","70","1,000","10,000",
"1236","2022","44170","Miscellaneous Refunds","43,933","30,000","30,000",
"1237","2022","44500","Nonrecurring Items","","","",
"1238","2022","44512","Gain on Retirement of Debt (Gasb 54)","571,666","0","0",
"1239","2022","44530","Sale of Equipment","12,423","10,000","15,000",
"1240","2022","44560","Damages Recovered from Individuals","1,594","3,000","3,000",
"1241","2022","44570","Contributions and Gifts","10,251","15,000","15,000",
"1242","2022","44990","Other Local Revenues","0","0","0",
"1243","2022","Account No.","Description","Actual 2020-2021","Original Estimate 2021-2022","Estimate 2022-2023",
"1244","2022","","Total Other Local Revenues","686,184","59,000","73,000",
"1245","2022","","Total Local Revenue","6,454,055","5,331,939","5,595,980",
"1246","2022","46000","State of Tennessee","","","",
"1247","2022","46175","On-Behalf Contributions for OPEB","63,957","0","35,000",
"1248","2022","46500","State Education Funds","","","",
"1249","2022","46511","Basic Education Program","22,435,322","22,770,000","23,031,000",
"1250","2022","46515","Early Childhood Education","416,355","417,796","417,796",
"1251","2022","46520","School Food Service","20,886","22,000","22,000",
"1252","2022","46550","Driver Education","2,030","10,000","5,000",
"1253","2022","46590","Other State Education Funds","475,087","240,000","240,000",
"1254","2022","46591","Coordinated School Health","90,000","90,000","90,000",
"1255","2022","46594","Family Resource Centers","59,223","59,223","59,223",
"1256","2022","46610","Career Ladder Program","51,545","50,000","45,000",
"1257","2022","46640","Vocational Equipment","0","0","0",
"1258","2022","46800","Other State Revenues","","","",
"1259","2022","46851","State Revenue Sharing - TVA","220,483","240,000","240,000",
"1260","2022","46980","Other State Grants","0","0","0",
"1261","2022","46981","Safe Schools","86,386","86,560","86,560",
"1262","2022","46990","Other State Revenues","5,046","15,000","15,000",
"1263","2022","","Total State of Tennessee","23,926,320","24,000,579","24,286,579",
"1264","2022","47000","Federal Government","","","",
"1265","2022","47100","Federal Through State","","","",
"1266","2022","47304","COVID-19-Grant # 4","165,814","0","0",
"1267","2022","47590","Other Federal Through State","100,375","0","0",
"1268","2022","47600","Direct Federal Revenue","","","",
"1269","2022","47640","ROTC Reimbursement","76,591","70,000","70,000",
"1270","2022","","Total Federal Government","342,780","70,000","70,000",
"1271","2022","48000","Other Governments and Citizens Groups","","","",
"1272","2022","48990","Other","26,900","0","50,000",
"1273","2022","48990-GG","Other","0","0","0",
"1274","2022","","Total Other Governments and Citizens Groups","26,900","0","50,000",
"1275","2022","","Total Estimated Revenues","30,750,055","29,402,518","30,002,559",
"1276","2022","49000","OTHER SOURCES (NON-REVENUE)","","","",
"1277","2022","49700","Insurance Recovery","97,337","10,000","10,000",
"1278","2022","49800","Transfers In","22,336","25,000","25,000",
"1279","2022","","Total Other Sources","119,673","35,000","35,000",
"1280","2022","","Total Estimated Revenues & Other Sources","30,869,728","29,437,518","30,037,559",
"1281","2022","Account No. Description","Actual 2020-2021","Original Estimate 2021-2022","Estimate 2022-2023",
"1282","2022","71000 Instruction","","","",
"1283","2022","71100 Regular Instruction Program","","","",
"1284","2022","116 Teachers","8,586,527","9,505,579","9,840,000",
"1285","2022","117 Career Ladder Program","45,000","50,000","50,000",
"1286","2022","128 Homebound Teachers","0","12,000","12,000",
"1287","2022","140 Salary Supplements","303,545","319,317","335,602",
"1288","2022","163 Educational Assistants","381,060","300,000","324,240",
"1289","2022","189 Other Salaries and Wages","216,095","400,000","412,120",
"1290","2022","198 Non-Certified Substitute Teachers","113,024","150,000","185,000",
"1291","2022","201 Social Security","707,917","821,373","853,661",
"1292","2022","204 State Retirement","749,881","1,167,735","1,000,000",
"1293","2022","207 Medical Insurance","1,395,542","1,442,000","1,870,840",
"1294","2022","215 On-behalf Payments to OPEB","16,404","0","0",
"1295","2022","336 Maint and Repair Service - Equipment","8,000","16,000","16,000",
"1296","2022","399 Other Contracted Services","59,938","85,000","85,000",
"1297","2022","429 Instructional Supplies and Materials","124,413","120,000","125,000",
"1298","2022","449 Textbooks","355,290","100,000","100,000",
"1299","2022","499 Other Supplies and Materials","15,239","10,000","10,000",
"1300","2022","722 Regular Instructional Equipment","36,000","100,000","100,000",
"1301","2022","Total Instructional Program","13,113,875","14,599,004","15,319,463",
"1302","2022","71150 Alternative Instruction Program","","","",
"1303","2022","116 Teachers","70,817","112,000","150,000",
"1304","2022","163 Educational Assistants","17,982","19,000","20,535",
"1305","2022","201 Social Security","5,565","10,022","13,046",
"1306","2022","204 State Retirement","13,620","14,449","17,906",
"1307","2022","207 Medical Insurance","17,580","23,700","31,600",
"1308","2022","355 Travel","0","0","2,500",
"1309","2022","429 Instructional Supplies and Materials","0","500","1,000",
"1310","2022","499 Other Supplies and Materials","425","1,000","1,500",
"1311","2022","Total Alternative Schools","125,989","180,671","238,087",
"1312","2022","71200 Special Education Program","","","",
"1313","2022","116 Teachers","1,524,603","1,625,000","1,695,000",
"1314","2022","124 Psychological Personnel","62,790","64,000","68,000",
"1315","2022","128 Homebound Teachers","24,262","23,000","24,175",
"1316","2022","163 Educational Assistants","229,074","317,143","342,768",
"1317","2022","171 Speech Pathologist","186,945","214,878","225,858",
"1318","2022","201 Social Security","148,680","171,668","180,219",
"1319","2022","204 State Retirement","227,122","223,814","216,805",
"1320","2022","207 Medical Insurance","317,398","329,600","336,192",
"1321","2022","399 Other Contracted Services","180,346","225,000","240,000",
"1322","2022","Total Special Educational Program","2,901,220","3,194,103","3,329,017",
"1323","2022","71300 Career and Technical Education Program","","","",
"1324","2022","116 Teachers","697,470","770,000","770,000",
"1325","2022","140 Supplements","12,000","12,000","12,000",
"1326","2022","198 Non-Certified Substitute Teachers","12,608","15,000","20,000",
"1327","2022","Account No. Description","Actual 2020-2021","Original Estimate 2021-2022","Estimate 2022-2023",
"1328","2022","201 Social Security","54,020","60,971","61,353",
"1329","2022","204 State Retirement","80,126","86,255","70,380",
"1330","2022","207 Medical Insurance","94,328","104,030","106,111",
"1331","2022","399 Other Contracted Services","14,810","15,000","15,000",
"1332","2022","429 Instructional Supplies and Materials","0","0","0",
"1333","2022","449 Text Books","0","100,000","75,000",
"1334","2022","499 Other Supplies and Materials","12,797","15,000","20,000",
"1335","2022","599 Other Charges","0","0","0",
"1336","2022","730 Vocational Instruction Equipment","15,060","32,000","30,000",
"1337","2022","Total Vocational Education Program","993,219","1,210,256","1,179,844",
"1338","2022","Total Instruction","17,134,303","19,184,034","20,066,411",
"1339","2022","72000 Support Services","","","",
"1340","2022","72110 Attendance","","","",
"1341","2022","105 Supervisor/Director","73,000","77,000","79,240",
"1342","2022","162 Clerical Personnel","800","0","0",
"1343","2022","189 Other Salaries & Wages","31,500","36,894","34,150",
"1344","2022","201 Social Security","8,034","8,713","8,674",
"1345","2022","204 State Retirement","10,862","12,563","11,339",
"1346","2022","207 Medical Insurance","11,088","15,800","16,116",
"1347","2022","355 Travel","1,772","5,000","3,000",
"1348","2022","399 Other Contracted Services","12,000","17,000","20,000",
"1349","2022","499 Other Supplies and Materials","2,387","2,000","2,000",
"1350","2022","524 In Service/Staff Development","0","1,000","1,000",
"1351","2022","719 Office Equipment","0","0","5,000",
"1352","2022","Total Attendance","151,443","175,970","180,519",
"1353","2022","72120 Health Services","","","",
"1354","2022","105 Supervisor/Director","6,400","0","0",
"1355","2022","131 Medical Personnel","177,829","153,612","134,462",
"1356","2022","189 Other Salaries & Wages","93,069","105,833","120,000",
"1357","2022","201 Social security","20,803","19,847","19,467",
"1358","2022","204 State Retirement","27,268","28,616","28,111",
"1359","2022","207 Medical Insurance","31,180","49,100","50,082",
"1360","2022","355 Travel","3,589","3,500","5,000",
"1361","2022","399 Other Contracted Services","2,836","4,000","4,000",
"1362","2022","413 Drugs and Medical Supplies","4,251","4,500","4,500",
"1363","2022","499 Other Supplies and Materials","2,531","3,000","3,000",
"1364","2022","524 Inservice","1,113","2,000","3,000",
"1365","2022","599 Other Charges","1,100","2,000","9,100",
"1366","2022","735 Health Equipment","6,984","10,000","10,000",
"1367","2022","Total Health Service","378,953","386,008","390,722",
"1368","2022","72130 Other Student Support","","","",
"1369","2022","123 Guidance Personnel","567,635","590,000","620,149",
"1370","2022","189 Other Salaries and Wages","80,760","82,560","85,440",
"1371","2022","201 Social Security","48,104","51,451","53,978",
"1372","2022","Account No. Description","Actual 2020-2021","Original Estimate 2021-2022","Estimate 2022-2023",
"1373","2022","204 State Retirement","65,590","74,183","70,559",
"1374","2022","207 Medical Insurance","65,000","66,950","68,289",
"1375","2022","322 Evaluating and Testing","6,655","40,000","40,000",
"1376","2022","344 Payments to Schools - Other","80,000","80,000","80,000",
"1377","2022","355 Travel","2,343","3,000","5,000",
"1378","2022","399 Other Contracted Services","23,000","25,000","25,000",
"1379","2022","499 Other Supplies and Materials","3,998","4,000","4,000",
"1380","2022","524 Inservice","0","3,000","3,000",
"1381","2022","Total Other Student Support","943,085","1,020,144","1,055,415",
"1382","2022","72210 Regular Instruction Program","","","",
"1383","2022","105 Supervisor/Director","71,070","71,970","79,600",
"1384","2022","129 Librarians","395,670","430,000","451,973",
"1385","2022","161 Secretary(s)","200,206","200,000","216,160",
"1386","2022","162 Clerical Personnel","188,370","200,000","216,160",
"1387","2022","189 Other Salaries and Wages","0","20,000","19,500",
"1388","2022","201 Social Security","60,931","70,531","75,230",
"1389","2022","204 State Retirement","86,046","101,693","98,339",
"1390","2022","207 Medical Insurance","153,288","162,740","165,995",
"1391","2022","336 Maint and Repair Services - Equipment","0","2,500","4,000",
"1392","2022","355 Travel","791","5,000","5,000",
"1393","2022","399 Other Contracted Services","12,733","15,000","16,000",
"1394","2022","432 Library Books and Media","6,360","4,000","8,000",
"1395","2022","499 Other Supplies and Materials","675","3,600","4,000",
"1396","2022","524 In-Service/Staff Development","25","2,000","2,000",
"1397","2022","722 Regular Instruction Equipment","0","8,000","10,000",
"1398","2022","790 Other Equipment","41,606","50,000","50,000",
"1399","2022","Total Regular Instruction Program","1,217,771","1,347,034","1,421,957",
"1400","2022","72215 Alternative Instruction Program","","","",
"1401","2022","355 Travel","0","0","0",
"1402","2022","Total Alternative Instruction Program","0","0","0",
"1403","2022","72220 Special Education Program","","","",
"1404","2022","105 Supervisor/Director","75,035","76,691","76,000",
"1405","2022","189 Other Salaries and Wages","1,350","5,000","5,000",
"1406","2022","196 In-Service Training","1,415","3,500","2,000",
"1407","2022","201 Social Security","5,822","6,517","6,350",
"1408","2022","204 State Retirement","8,844","9,397","8,300",
"1409","2022","207 Medical Insurance","7,680","7,900","7,900",
"1410","2022","336 Maint and Repair Services - Equipment","2,786","5,000","5,000",
"1411","2022","355 Travel","5,774","7,500","7,500",
"1412","2022","524 In-Service Training","0","0","7,000",
"1413","2022","Total Special Education Program","108,706","121,505","125,050",
"1414","2022","72230 Career and Technical Education Program","","","",
"1415","2022","105 Supervisor/Director","79,520","81,320","83,960",
"1416","2022","189 Other Salaries and Wages","0","0","0",
"1417","2022","Account No. Description","Actual 2020-2021","Original Estimate 2021-2022","Estimate 2022-2023",
"1418","2022","201 Social Security","6,011","6,221","6,423",
"1419","2022","204 State Retirement","7,976","8,970","8,396",
"1420","2022","207 Medical Insurance","7,680","7,900","7,900",
"1421","2022","307 Communication","0","0","0",
"1422","2022","336 Maint and Repair Services - Equipment","1,220","3,000","3,000",
"1423","2022","355 Travel","988","2,000","2,000",
"1424","2022","499 Other Supplies and Materials","703","3,000","3,000",
"1425","2022","Total Vocational Education Program","104,098","112,411","114,679",
"1426","2022","72250 Technology","","","",
"1427","2022","105 Supervisor","60,000","63,000","68,300",
"1428","2022","189 Other Salaries and Wages","4,485","7,000","10,000",
"1429","2022","201 Social Security","4,697","5,355","5,990",
"1430","2022","204 State Retirement","7,394","8,312","8,636",
"1431","2022","207 Medical Insurance","7,900","7,900","7,900",
"1432","2022","336 Maint and Repair Services - Equipment","2,969","4,000","10,000",
"1433","2022","350 Internet Connectivity","0","80,000","100,000",
"1434","2022","355 Travel","0","2,000","2,000",
"1435","2022","399 Other Contracted Services","154,031","75,000","100,000",
"1436","2022","499 Other Supplies and Materials","1,413","2,000","2,000",
"1437","2022","722 Regular Instruction Equipment","67,308","85,000","197,000",
"1438","2022","Total Technology","310,197","339,567","511,826",
"1439","2022","72290 Other Programs","","","",
"1440","2022","215 On-Behalf Payments for OPEB","63,957","35,000","35,000",
"1441","2022","Total Other Programs","63,957","35,000","35,000",
"1442","2022","72310 Board of Education","","","",
"1443","2022","191 Board and Committee Members Fees","7,365","13,000","13,000",
"1444","2022","196 In-Service Training","400","12,000","12,000",
"1445","2022","201 Social Security","518","1,913","1,913",
"1446","2022","305 Audit Services","27,500","35,000","35,000",
"1447","2022","320 Dues and Memberships","17,975","32,000","32,000",
"1448","2022","331 Legal Services","18,850","40,000","40,000",
"1449","2022","399 Other Contracted Services","0","0","5,000",
"1450","2022","506 Liability Insurance","68,610","150,000","145,000",
"1451","2022","510 Trustees Commission","128,476","125,000","140,000",
"1452","2022","513 Workers Compensation Insurance","155,576","250,000","250,000",
"1453","2022","534 Refund to Applicant for Criminal Investigation","0","1,000","1,000",
"1454","2022","599 Other Charges","9,447","10,000","10,000",
"1455","2022","Total Board of Education","434,717","669,913","684,913",
"1456","2022","72320 Director of Schools","","","",
"1457","2022","101 County Official/Administrative Officer","110,000","113,000","115,000",
"1458","2022","117 Career Ladder Program","1,000","1,000","1,000",
"1459","2022","161 Secretary(s)","88,273","90,000","96,800",
"1460","2022","201 Social Security","15,030","15,606","16,279",
"1461","2022","204 State Retirement","23,526","22,501","23,472",
"1462","2022","Account No. Description","Actual 2020-2021","Original Estimate 2021-2022","Estimate 2022-2023",
"1463","2022","207 Medical Insurance","11,900","12,257","12,502",
"1464","2022","307 Communication","750","3,000","3,000",
"1465","2022","336 Maint and Repair Services - Equipment","16,172","20,000","20,000",
"1466","2022","348 Postal Charges","0","1,000","1,000",
"1467","2022","355 Travel","1,258","3,400","3,400",
"1468","2022","399 Other Contracted Service","3,050","5,000","5,000",
"1469","2022","435 Office Supplies","1,410","2,500","2,500",
"1470","2022","499 Other Supplies and Materials","1,065","3,500","3,500",
"1471","2022","599 Other Charges","18,162","0","0",
"1472","2022","Total Office of the Superintendent","291,596","292,764","303,453",
"1473","2022","72410 Office of the Principal","","","",
"1474","2022","104 Principals","617,005","721,600","750,000",
"1475","2022","139 Assistant Principals","416,336","500,000","525,000",
"1476","2022","189 Other Salaries and Wages","0","75,000","90,000",
"1477","2022","201 Social Security","76,921","99,190","104,423",
"1478","2022","204 State Retirement","122,110","143,015","136,500",
"1479","2022","207 Medical Insurance","97,276","145,780","148,696",
"1480","2022","348 Postal Charges","1,600","1,600","1,600",
"1481","2022","355 Travel","3,500","3,600","3,600",
"1482","2022","399 Other Contracted Services","160,078","164,000","164,000",
"1483","2022","Total Office of the Principal","1,494,826","1,853,785","1,923,819",
"1484","2022","72510 Fiscal Services","","","",
"1485","2022","399 Other Contracted Services","43,306","45,000","50,000",
"1486","2022","Total Fiscal Services","43,306","45,000","50,000",
"1487","2022","72610 Operation of Plant","","","",
"1488","2022","307 Communication","46,030","50,000","50,000",
"1489","2022","399 Other Contracted Services","609,652","710,000","750,000",
"1490","2022","410 Custodial Supplies","33,306","35,000","35,000",
"1491","2022","415 Electricity","749,184","915,000","950,000",
"1492","2022","434 Natural Gas","100,525","165,000","200,000",
"1493","2022","454 Water and Sewer","198,618","245,000","245,000",
"1494","2022","499 Other Supplies and Materials","1,023","3,500","3,500",
"1495","2022","501 Boiler Insurance","5,755","8,000","10,000",
"1496","2022","502 Building and Contents Insurance","160,744","180,000","190,000",
"1497","2022","720 Plant Operation Equipment","82,111","69,000","0",
"1498","2022","Total Operation of Plant","1,986,948","2,380,500","2,433,500",
"1499","2022","72620 Maintenance of Plant","","","",
"1500","2022","105 Supervisor/Director","63,000","63,788","68,300",
"1501","2022","161 Secretary(s)","10,458","11,500","12,429",
"1502","2022","189 Other Salaries and Wages","167,500","209,572","240,000",
"1503","2022","201 Social Security","16,502","21,792","24,536",
"1504","2022","204 State Retirement","27,218","31,420","35,376",
"1505","2022","207 Medical Insurance","33,160","43,950","44,829",
"1506","2022","Account No. Description","Actual 2020-2021","Original Estimate 2021-2022","Estimate 2022-2023",
"1507","2022","335 Maint & Repair Services - Building","268,829","265,000","316,000",
"1508","2022","336 Maint & Repair Services - Equipment","201,483","240,000","240,000",
"1509","2022","355 Travel","4,170","5,000","5,000",
"1510","2022","399 Other Contracted Services","191,915","195,000","210,000",
"1511","2022","418 Equipment and Machinery Parts","5,760","9,000","7,000",
"1512","2022","499 Other Supplies and Materials","0","1,000","1,000",
"1513","2022","701 Administrative Equipment","0","0","110,000",
"1514","2022","707 Building Improvements","0","0","109,600",
"1515","2022","717 Maintenance Equipment","0","88,000","0",
"1516","2022","718 Motor Vehicles","0","0","0",
"1517","2022","Total Maintenance of Plant","989,995","1,185,022","1,424,070",
"1518","2022","72710 Transportation","","","",
"1519","2022","105 Supervisor/Director","60,000","60,750","65,000",
"1520","2022","142 Mechanic(s)","73,720","120,409","130,138",
"1521","2022","146 Bus Drivers","651,644","717,000","730,000",
"1522","2022","161 Secretary(s)","10,458","12,000","12,970",
"1523","2022","189 Other Salaries and Wages","248","0","0",
"1524","2022","201 Social Security","59,330","69,627","71,765",
"1525","2022","204 State Retirement","88,721","100,391","103,473",
"1526","2022","207 Medical Insurance","99,700","139,780","142,576",
"1527","2022","299 Other Fringe Benefits","7,496","37,500","37,500",
"1528","2022","335 Maintenance and Repair Services - Building","12,557","5,000","5,000",
"1529","2022","338 Maintenance and Repair Services - Vehicles","10,004","25,000","30,000",
"1530","2022","355 Travel","0","2,500","2,500",
"1531","2022","399 Other Contracted Services","20,221","50,000","55,000",
"1532","2022","412 Diesel Fuel","113,157","200,000","250,000",
"1533","2022","418 Equipment and Machinery Parts","81","2,000","2,000",
"1534","2022","424 Garage Supplies","1,511","3,500","3,500",
"1535","2022","425 Gasoline","18,553","30,000","45,000",
"1536","2022","433 Lubricants","3,506","12,000","12,000",
"1537","2022","442 Propane","7,630","100,000","75,000",
"1538","2022","450 Tires and Tubes","13,603","30,000","30,000",
"1539","2022","453 Vehicles Parts","44,745","120,000","120,000",
"1540","2022","511 Vehicle and Equipment Insurance","40,183","45,000","50,000",
"1541","2022","599 Other Charges","0","0","5,000",
"1542","2022","718 Motor Vehicles","0","0","55,000",
"1543","2022","720 Plant Operation Equipment","0","40,000","0",
"1544","2022","729 Transportation Equipment","699,372","450,000","372,000",
"1545","2022","Total Transportation","2,036,440","2,372,457","2,405,422",
"1546","2022","72810 Central and Other","","","",
"1547","2022","201 Social Security","0","0","383",
"1548","2022","210 Unemployment Compensation","8,636","35,000","35,000",
"1549","2022","299 Other Fringe Benefits","0","5,000","5,000",
"1550","2022","316 Contributions","140,000","152,500","152,500",
"1551","2022","399 Other Contracted Services","29,965","35,000","35,000",
"1552","2022","499 Other Supplies and Materials","10,363","30,000","30,000",
"1553","2022","599 Other Charges","0","0","0",
"1554","2022","Account No. Description","Actual 2020-2021","Original Estimate 2021-2022","Estimate 2022-2023",
"1555","2022","Total Central and Other","188,964","257,500","257,883",
"1556","2022","Total Support Services","10,745,002","12,594,580","13,318,228",
"1557","2022","73000 Operation of Non-Instructional Services","","","",
"1558","2022","73100 Food Service","","","",
"1559","2022","105 Supervisor/Director","23,000","30,000","32,500",
"1560","2022","165 Cafeteria Personnel","20,100","0","0",
"1561","2022","201 Social Security","3,297","2,295","2,486",
"1562","2022","204 State Retirement","4,342","3,309","3,585",
"1563","2022","422 Food Supplies","11,631","0","0",
"1564","2022","Total Food Service","62,370","35,604","38,571",
"1565","2022","73300 Community Services","","","",
"1566","2022","105 Supervisor/Director","31,500","31,894","34,150",
"1567","2022","189 Other Salaries and Wages","56,802","58,075","62,667",
"1568","2022","201 Social security","6,466","6,883","7,406",
"1569","2022","204 State Retirement","9,819","9,924","10,679",
"1570","2022","207 Medical Insurance","18,000","18,540","18,911",
"1571","2022","499 Other Supplies and Materials","4,235","5,000","5,000",
"1572","2022","524 Inservice","0","0","0",
"1573","2022","719 Office Equipment","2,995","2,000","5,000",
"1574","2022","Total Community Services","129,817","132,316","143,813",
"1575","2022","73400 Early Childhood Education","","","",
"1576","2022","105 Supervisor/Director","39,820","40,720","42,100",
"1577","2022","116 Teachers","188,708","195,800","205,805",
"1578","2022","163 Educational Assistants","62,204","69,200","74,791",
"1579","2022","189 Other Salaries and Wages","8,970","12,000","12,000",
"1580","2022","198 Non-Certified Substitute Teachers","0","5,000","5,000",
"1581","2022","201 Social Security","22,506","24,306","25,604",
"1582","2022","204 Retirement","34,334","35,045","36,917",
"1583","2022","207 Medical Insurance","49,000","50,470","51,479",
"1584","2022","355 Travel","0","500","500",
"1585","2022","399 Other Contracted Services","457","2,000","2,000",
"1586","2022","429 Instructional Supplies and Materials","10,498","10,500","10,500",
"1587","2022","499 Other Supplies and Materials","17,152","10,500","10,500",
"1588","2022","524 Inservice","125","2,000","2,000",
"1589","2022","790 Other Equipment","400","15,000","15,000",
"1590","2022","Total Early Childhood Education","434,174","473,041","494,196",
"1591","2022","Total Operation of Non-Instructional Services","626,361","640,961","676,580",
"1592","2022","76000 Capital Outlay","","","",
"1593","2022","76100 Regular Capital Outlay","","","",
"1594","2022","799 Other Capital Outlay","77,192","450,000","690,000",
"1595","2022","Total Regular Capital Outlay","77,192","450,000","690,000",
"1596","2022","Account No. Description","Actual 2020-2021","Original Estimate 2021-2022","Estimate 2022-2023",
"1597","2022","82300 Other Debt Service","","","",
"1598","2022","82330 Education","","","",
"1599","2022","620 Debt Service Contribution to Primary Governm","163,284","0","0",
"1600","2022","Total Regular Capital Outlay","163,284","0","0",
"1601","2022","Total Estimated Expenditures","28,746,142","32,869,575","34,751,219",
"1602","2022","99000 ESTIMATED OTHER USES","","","",
"1603","2022","99100 Transfers Out","","","",
"1604","2022","590 Transfers to Other Funds","0","165,000","0",
"1605","2022","Total Estimated Other Uses","0","165,000","0",
"1606","2022","Total Estimated Expenditures and Other Uses","28,746,142","33,034,575","34,751,219",
"1607","2022","Excess of Estimated Revenues Over (Under) Estimated Expenditures","2,123,586","(3,597,057)","(4,713,660)",
"1608","2022","Estimated Beginning Fund Balances July 1","9,372,445","11,496,031","11,658,580",
"1609","2022","Fund Balance Audit Adjustment Estimated Ending Fund Balances June 30","11,496,031","7,898,974","6,944,920",
"1610","2022","Account No","Description","Actual 2020-2021","Original Estimated 2021-2022","Estimated 2022-2023",
"1611","2022","","ESTIMATED REVENUES","","","",
"1612","2022","43000","CHARGES FOR CURRENT SERVICES","","","",
"1613","2022","43500","Education Charges","","","",
"1614","2022","43521","Lunch Payments Children","13,127","0","603,000",
"1615","2022","43522","Lunch Payments Adults","33,692","75,000","75,000",
"1616","2022","43523","Income from Breakfast","6,519","10,000","55,000",
"1617","2022","43525","A la Carte Sales","118,216","175,000","175,000",
"1618","2022","","Total Charges for Current Services","171,554","260,000","908,000",
"1619","2022","44000","OTHER LOCAL REVENUES","","","",
"1620","2022","44100","Recurring Items","","","",
"1621","2022","44110","Investment Income","171","200","0",
"1622","2022","44500","Non-Recurring Items","","","",
"1623","2022","44170","Miscellaneous Refunds","0","0","0",
"1624","2022","44530","Sale of Equipment","0","0","0",
"1625","2022","","Total Other Local Revenues","171","200","0",
"1626","2022","46000","STATE OF TENNESSEE","","","",
"1627","2022","46800","Other State Revenue","","","",
"1628","2022","46980","Other State Grants","0","0","0",
"1629","2022","46990","Other State Revenue","0","0","0",
"1630","2022","","Total State of Tennessee","0","0","0",
"1631","2022","47000","FEDERAL GOVERNMENT","","","",
"1632","2022","47100","Federal Through State","","","",
"1633","2022","47111","USDA School Lunch Program","1,151,233","1,340,000","873,000",
"1634","2022","47112","USDA-Commodities","90,330","0","0",
"1635","2022","47113","Breakfast","426,489","560,000","540,000",
"1636","2022","47114","USDA-Other","10,879","15,000","15,000",
"1637","2022","47115","USDA Food Service Equipment Grant","0","0","0",
"1638","2022","47301","COVID-19 Grant #1","0","0","0",
"1639","2022","","Total Federal Government","1,678,931","1,915,000","1,428,000",
"1640","2022","48000","OTHER GOVERNMENTS AND CITIZENS","GROUPS","","",
"1641","2022","48100","Other Governments","","","",
"1642","2022","48990","Other","0","0","0",
"1643","2022","","Total Other Governments and Citizens Grou","0","0","0",
"1644","2022","","TOTAL ESTIMATED REVENUE","1,850,656","2,175,200","2,336,000",
"1645","2022","Account No","Description","Actual 2020-2021","Estimated 2021-2022","Estimated 2022-2023",
"1646","2022","49800","Transfer In","0","0","0",
"1647","2022","","TOTAL ESTIMATE OTHER SOURCES","0","0","0",
"1648","2022","","TOTAL ESTIMATED REVENUE AND OTHE","1,850,656","2,175,200","2,336,000",
"1649","2022","","ESTIMATED EXPENDITURES","","","",
"1650","2022","73000","OPERATION OF NON-INSTRUCTIONAL","SERVICES","","",
"1651","2022","73100","Food Services","","","",
"1652","2022","105","Supervisor/Director","37,000","37,000","37,000",
"1653","2022","119","Accountants/Bookkeeper","111,609","122,000","131,000",
"1654","2022","165","Cafeteria Personnel","457,360","525,000","546,000",
"1655","2022","201","Social Security","45,164","50,000","54,000",
"1656","2022","204","State Retirement","60,687","73,200","75,000",
"1657","2022","207","Medical Insurance","0","45,000","48,000",
"1658","2022","210","Unemployment Compensation","0","4,000","0",
"1659","2022","307","Communication","2,561","3,000","3,000",
"1660","2022","336","Maint & Repair Services - Equipment","47,503","50,000","59,000",
"1661","2022","354","Transportation - Other than Students","2,391","5,000","5,000",
"1662","2022","355","Travel","2,645","3,000","3,000",
"1663","2022","399","Other Contracted Services","55,617","55,000","59,000",
"1664","2022","422","Food Supplies","773,029","1,040,000","1,113,000",
"1665","2022","452","Utilities","1,646","3,000","3,000",
"1666","2022","469","USDA-Commodities","90,330","0","0",
"1667","2022","499","Other Supplies and Materials","82,042","100,000","125,000",
"1668","2022","599","Other Charges","14,808","20,000","25,000",
"1669","2022","710","Food Service Equipment","16,435","40,000","50,000",
"1670","2022","","Total Food Service","1,800,827","2,175,200","2,336,000",
"1671","2022","","Total Estimated Expenditures","1,800,827","2,175,200","2,336,000",
"1672","2022","","Excess of Estimated Revenues Over","","","",
"1673","2022","","(Under) Estimated Expenditures","49,829","0","0",
"1674","2022","","Estimated Beginning Fund Balance July 1","457,717","507,546","507,546",
"1675","2022","","Estimated Ending Fund Balance June 30","507,546","507,546","507,546",
"1676","2022","Account No.","Description","Actual 2020-2021","Original Estimated 2021-2022","Estimated 2022-2023",
"1677","2022","","ESTIMATED REVENUES","","","",
"1678","2022","40000","LOCAL TAXES","","","",
"1679","2022","40100","County Property Taxes","","","",
"1680","2022","40110","Current Property Taxes","135,837","82,040","82,069",
"1681","2022","40120","Trustee's Collection-Prior Year","3,385","5,000","3,500",
"1682","2022","40125","Trustee's Collection-Bankruptcy","40","0","100",
"1683","2022","40130","Circuit/Clerk & Master Coll-Prior Yea","2,427","1,500","1,500",
"1684","2022","40140","Interest & Penalty","727","1,000","500",
"1685","2022","40161","Payments in lieu of Taxes-TVA","149","250","150",
"1686","2022","","Total County Property Taxes","142,565","89,790","87,819",
"1687","2022","40200","County Local Option Taxes","","","",
"1688","2022","40210","Local Option Sales Taxes","1,470,715","1,300,000","1,600,000",
"1689","2022","40240","Wheel Tax","815,338","780,000","804,000",
"1690","2022","40270","Business Tax","1,544","2,000","2,000",
"1691","2022","","Total County Local Option Taxes","2,287,597","2,082,000","2,406,000",
"1692","2022","","Total Local Taxes","2,430,162","2,171,790","2,493,819",
"1693","2022","44000","OTHER LOCAL REVENUES","","","",
"1694","2022","44100","Recurring Items","","","",
"1695","2022","44110","Investment Income","14,356","21,000","6,500",
"1696","2022","","Total Recurring Items","14,356","21,000","6,500",
"1697","2022","44500","Nonrecurring Items","","","",
"1698","2022","44990","Other Local Revenue","0","0","0",
"1699","2022","","Total Nonrecurring Items","0","0","0",
"1700","2022","","Total Other Local Revenues","14,356","21,000","6,500",
"1701","2022","46000","STATE OF TENNESSEE","","","",
"1702","2022","46800","Other State Revenues","","","",
"1703","2022","46851","State Revenue Sharing-TVA","9,418","9,418","9,418",
"1704","2022","","Total State of Tennessee","9,418","9,418","9,418",
"1705","2022","48000","OTHER GOVERNMENTS AND CITIZENS","GROUPS","","",
"1706","2022","48100","Other Governments","","","",
"1707","2022","48130","Contributions","163,284","163,284","0",
"1708","2022","","Total Other Governments and Citize","163,284","163,284","0",
"1709","2022","Account No.","Description","Actual 2020-2021","Original Estimated 2021-2022","Estimated 2022-2023",
"1710","2022","","Total Estimated Revenues","2,617,220","2,365,492","2,509,737",
"1711","2022","49000","ESTIMATED OTHER SOURCES","","","",
"1712","2022","49200","Notes Issued","681,245","0","0",
"1713","2022","49800","Transfers In","666,366","466,088","488,655",
"1714","2022","","Total Estimated Other Sources","1,347,611","466,088","488,655",
"1715","2022","","Total Estimated Revenues and Othe","3,964,831","2,831,580","2,998,392",
"1716","2022","","ESTIMATED EXPENDITURES","","","",
"1717","2022","82100","PRINCIPAL ON DEBT","","","",
"1718","2022","82110","General Government","","","",
"1719","2022","602","Principal on Notes","118,053","123,096","128,355",
"1720","2022","612","Principal on Other Loans","397,000","412,000","427,000",
"1721","2022","","Total General Government","515,053","535,096","555,355",
"1722","2022","82120","Highways and Streets","","","",
"1723","2022","602","Principal on Notes","741,745","71,300","159,100",
"1724","2022","","Total Highways and Streets","741,745","71,300","159,100",
"1725","2022","82130","Education","","","",
"1726","2022","601","Principal on Bonds","0","0","0",
"1727","2022","612","Principal on Other Loans","1,624,012","1,661,212","1,697,424",
"1728","2022","","Total Education","1,624,012","1,661,212","1,697,424",
"1729","2022","","Total Principal Payments","2,880,810","2,267,608","2,411,879",
"1730","2022","82200","INTEREST ON DEBT","","","",
"1731","2022","82210","General Government","","","",
"1732","2022","604","Interest on Notes","66,126","61,085","55,826",
"1733","2022","613","Interest on Other Loans","30,855","159,737","135,483",
"1734","2022","","Total General Government","96,981","220,822","191,309",
"1735","2022","82220","Highway and Streets","","","",
"1736","2022","604","Interest on Notes","27,149","14,788","36,751",
"1737","2022","","Total Highways and Streets","27,149","14,788","36,751",
"1738","2022","82230","Education","","","",
"1739","2022","603","Interest on Bonds","0","0","0",
"1740","2022","613","Interest on other Loans","132,071","378,108","338,009",
"1741","2022","Account No.","Description","Actual 2020-2021","Original Estimated 2021-2022","Estimated 2022-2023",
"1742","2022","","Total Education","132,071","378,108","338,009",
"1743","2022","82300","OTHER DEBT SERVICE","","","",
"1744","2022","82310","General Government","","","",
"1745","2022","510","Trustees Commission","25,769","45,000","45,000",
"1746","2022","699","Other Debt Service","27,780","26,359","24,026",
"1747","2022","","Total General Government","53,549","71,359","69,026",
"1748","2022","82320","Highway and Streets","","","",
"1749","2022","699","Other Debt Service","6,746","0","0",
"1750","2022","","Total Highways and Streets","6,746","0","0",
"1751","2022","82330","Education","","","",
"1752","2022","699","Other Debt Service","67,834","61,416","54,591",
"1753","2022","","Total Education","67,834","61,416","54,591",
"1754","2022","","Total Interest Payments","384,330","746,493","689,686",
"1755","2022","","Total Principal and Interest Payment","3,265,140","3,014,101","3,101,565",
"1756","2022","99000","OTHER USES","","","",
"1757","2022","99100","Transfers Out","","","",
"1758","2022","590","Transfers to Other Funds","0","0","0",
"1759","2022","","Total Estimated Other Uses","0","0","0",
"1760","2022","","Total Estimated Expenditures and O","3,265,140","3,014,101","3,101,565",
"1761","2022","","Excess of Estimated Revenues and","Other Sources","Over","",
"1762","2022","","(Under) Estimated Expenditures anc","699,691","(182,521)","(103,173)",
"1763","2022","","Estimated Beginning Fund Balance,"","1,921,366","2,621,057","3,200,000",
"1764","2022","","Fund Balance Audit Adjustment Estimated Ending fund Balance, Jun","2,621,057","2,438,536","3,096,827",
"1765","2022","Account No.","Description","Actual 2020-2021","Original Estimated 2021-2022","Estimated 2022-2023",
"1766","2022","","ESTIMATED REVENUE","","","",
"1767","2022","","OPERATING REVENUE","","","",
"1768","2022","43000","CHARGES FOR CURRENT SERVICES","","","",
"1769","2022","43100","General Services Charges","","","",
"1770","2022","43106","Commercial & Industrial Collection Charge","170,498","125,000","130,000",
"1771","2022","43107","Residential Waste Collection Charge","114,894","150,000","150,000",
"1772","2022","43109","Transfer Waste Station Collection Charge","36","0","0",
"1773","2022","43110","Tipping Fees","59,569","50,000","50,000",
"1774","2022","43114","Solid Waste Disposal Fee","837,927","830,000","840,000",
"1775","2022","43350","Copy Fees","0","0","0",
"1776","2022","","Total Charges for Current Services","1,182,924","1,155,000","1,170,000",
"1777","2022","44000","OTHER LOCAL REVENUES","","","",
"1778","2022","44100","Recurring Items","","","",
"1779","2022","44110","Investment Income","796","6,000","6,000",
"1780","2022","44120","Lease/Rentals","63,158","65,000","65,000",
"1781","2022","44145","Sale of Recycled Materials","104,999","100,000","140,000",
"1782","2022","44170","Miscellaneous Refunds","0","0","0",
"1783","2022","","Total Recurring Items","168,953","171,000","211,000",
"1784","2022","44500","Non-Recurring Items","","","",
"1785","2022","44530","Sale of Equipment","66,001","5,000","5,000",
"1786","2022","","Total Non-Recurring Items","66,001","5,000","5,000",
"1787","2022","","Total Other Local Revenues","234,954","176,000","216,000",
"1788","2022","46000","STATE OF TENNESSEE","","","",
"1789","2022","46400","Public Works Grants","","","",
"1790","2022","46430","Litter Program","20,479","49,300","49,300",
"1791","2022","","Total Public Works Grants","20,479","49,300","49,300",
"1792","2022","46800","Other State Revenues","","","",
"1793","2022","46980","Other State Grants","11,442","0","0",
"1794","2022","46990","Other State Revenues","0","9,500","9,500",
"1795","2022","","Total Other State Revenues","11,442","9,500","9,500",
"1796","2022","","Total State of Tennessee","31,921","58,800","58,800",
"1797","2022","47000","FEDERAL GOVERNMENT","","","",
"1798","2022","47100","Federal Through State","","","",
"1799","2022","47235","Homeland Security Grants","0","0","0",
"1800","2022","Account No.","Description","Actual 2020-2021","Original Estimated 2021-2022","Estimated 2022-2023",
"1801","2022","","Total Federal Through State","0","0","0",
"1802","2022","","Total Federal Government","0","0","0",
"1803","2022","48000","OTHER GOVERNMENTS AND CITIZENS","GROUPS","","",
"1804","2022","48100","Other Governments","","","",
"1805","2022","48140","Contracted Services","161,164","284,760","284,760",
"1806","2022","","Total Other Governments","161,164","284,760","284,760",
"1807","2022","49000","Non-Revenue","","","",
"1808","2022","49100","Bonds Issured","0","0","0",
"1809","2022","49700","Insurance Recovery","0","0","0",
"1810","2022","49800","Transfer In","0","0","0",
"1811","2022","","Total Estimated Revenues","1,610,963","1,674,560","1,729,560",
"1812","2022","","ESTIMATED EXPENDITURES","","","",
"1813","2022","55000","PUBLIC HEALTH AND WELFARE","","","",
"1814","2022","55710","Sanitation Management","","","",
"1815","2022","105","Supervisor/Director","57,276","57,698","60,006",
"1816","2022","106","Deputy(ies)","34,775","34,081","36,126",
"1817","2022","121","Data Processing Personnel","29,096","28,906","23,796",
"1818","2022","140","Salary Supplements","0","0","750",
"1819","2022","143","Equipment Operators","28,739","38,326","75,821",
"1820","2022","144","Equipment Operators-Heavy","38,342","38,326","39,868",
"1821","2022","149","Laborers","136,415","180,000","120,000",
"1822","2022","162","Clerical Personnel","32,329","31,465","32,723",
"1823","2022","169","Part-Time Personnel","118,927","84,598","120,000",
"1824","2022","186","Longevity Pay","16,500","15,600","11,300",
"1825","2022","187","Overtime Pay","14,180","14,000","14,000",
"1826","2022","188","Bonus Payments","0","0","0",
"1827","2022","201","Social Security","37,731","41,406","43,063",
"1828","2022","204","State Retirement","46,374","57,000","57,000",
"1829","2022","207","Medical Insurance","106,322","130,000","130,000",
"1830","2022","302","Advertising","0","2,500","2,500",
"1831","2022","307","Communication","6,071","6,500","7,000",
"1832","2022","309","Contracts with Government Agencies","10,131","6,000","10,000",
"1833","2022","317","Data Processing Services","7,104","7,200","7,200",
"1834","2022","318","Debt Collection Services","14,166","9,000","9,000",
"1835","2022","331","Legal Services","0","1,000","1,000",
"1836","2022","332","Legal Notices, Recording, and Court Cost","0","1,500","1,500",
"1837","2022","335","Maintenance and Repair Services - Buildings","5,281","7,000","7,000",
"1838","2022","336","Maintenance & Repair Services - Equipment","32,415","35,000","38,000",
"1839","2022","338","Maintenance & Repair Services - Vehicles","11,116","15,000","18,000",
"1840","2022","347","Pest Control","1,755","1,700","1,700",
"1841","2022","348","Postal Charges","3,950","5,500","5,500",
"1842","2022","349","Printing, Stationery and Forms","604","1,800","1,800",
"1843","2022","351","Rentals","0","2,000","4,000",
"1844","2022","355","Travel","0","2,000","2,000",
"1845","2022","359","Disposal Fees","548,396","524,160","580,000",
"1846","2022","399","Other Contracted Services","3,145","5,000","5,000",
"1847","2022","Account No.","Description","Actual 2020-2021","Original Estimated 2021-2022","Estimated 2022-2023",
"1848","2022","410","Custodial Supplies","2,528","1,800","1,800",
"1849","2022","412","Diesel Fuel","30,339","38,000","42,000",
"1850","2022","415","Electricity","15,451","19,000","19,000",
"1851","2022","420","Fertilizer, Lime Chemicals and Seed","0","1,000","1,000",
"1852","2022","425","Gasoline","1,839","3,000","4,000",
"1853","2022","433","Lubricants","2,405","4,000","4,000",
"1854","2022","435","Office Supplies","2,323","2,500","3,000",
"1855","2022","436","Other Road Materials","0","1,000","1,000",
"1856","2022","446","Small Tools","301","1,000","2,000",
"1857","2022","450","Tires and Tubes","12,124","10,000","12,000",
"1858","2022","451","Uniforms","4,769","4,200","5,000",
"1859","2022","452","Utilities","8,876","7,700","8,000",
"1860","2022","462","Wire","3,975","4,000","4,000",
"1861","2022","463","Testing","775","12,500","13,000",
"1862","2022","499","Other Supplies and Materials","1,492","4,000","4,000",
"1863","2022","510","Trustees Commission","13,895","14,000","15,000",
"1864","2022","514","Depreciation","102,348","45,171","45,171",
"1865","2022","517","Surcharge","6,300","5,850","6,000",
"1866","2022","524","In Service/Staff Development","500","650","650",
"1867","2022","599","Other Charges","352","0","0",
"1868","2022","612","Principal on Other Loans","0","73,000","75,000",
"1869","2022","613","Interest on Other Loans","0","11,850","21,970",
"1870","2022","719","Office Equipment","959","2,500","3,000",
"1871","2022","733","Solid Waste Equipment","5,682","2,810","0",
"1872","2022","791","Other Construction","21,753","15,000","15,000",
"1873","2022","","Total Sanitation Management","1,580,126","1,668,797","1,771,244",
"1874","2022","60000","HIGHWAYS","","","",
"1875","2022","64000","Litter and Trash Collection","","","",
"1876","2022","105","Supervisor/Director","19,320","26,000","25,900",
"1877","2022","429","Instructional Supply and Materials","2,306","12,350","12,325",
"1878","2022","599","Other Charges","2,302","10,950","11,075",
"1879","2022","","Total Litter and Trash Collection","23,928","49,300","49,300",
"1880","2022","90000","CAPITAL PROJECTS","","","",
"1881","2022","91140","Public Health and Welfare Projects","","","",
"1882","2022","606","Other Debt Issuance Charge","0","0","0",
"1883","2022","799","Other Capital Outlay-Reserve","5,500","56,000","56,000",
"1884","2022","799-LOAN","Other Capital Outlay-Loan","0","0","0",
"1885","2022","","Total Public Health and Welfare Projects","5,500","56,000","56,000",
"1886","2022","","Total Estimated Expenditures","1,609,554","1,774,097","1,876,544",
"1887","2022","","Excess of Estimated Revenue Over (under)","","","",
"1888","2022","","Estimated Expenditures","1,409","(99,537)","(146,984)",
"1889","2022","","Estimated Beginning Fund Balance July 1","1,019,624","1,021,033","631,164",
"1890","2022","","Fund Balance Audit Adjustment","","","",
"1891","2022","","Estimated Ending Fund Balance June 30","1,021,033","921,496","484,180",
"1892","2022",
