"1","2024","Hickman County Senior Citizens","10,000",
"2","2024","Hickman County Chamber of Commerce","25,000",
"3","2024","Women Are Safe","5,000",
"4","2024","Davis House Child Advocacy Center","10,000",
"5","2024","Hickman Humane Society","5,000",
"6","2024","Total","$55,000.00",
"7","2024","51100","County Commission","54,100",
"8","2024","51210","Board of Equalization","3,500",
"9","2024","51220","Beer Board","1,000",
"10","2024","51300","County Mayor","159,673",
"11","2024","51400","County Attorney","45,000",
"12","2024","51500","Election Commission(Including Voter Registration)","270,823",
"13","2024","51600","Register of Deeds","194,850",
"14","2024","51720","Planning","383,527",
"15","2024","51800","County Building","443,489",
"16","2024","51810","Other Facilities","439,000",
"17","2024","51900","Other General Administration","115,000",
"18","2024","51910","Preservation of Records","56,689",
"19","2024","52100","Accounting and Budgeting","361,130",
"20","2024","52300","Property Assessor's Office","320,119",
"21","2024","52400","County Trustee's Office","256,540",
"22","2024","52500","County Clerk's Office","338,072",
"23","2024","53100","Circuit Court","385,450",
"24","2024","53300","General Sessions Court","256,979",
"25","2024","53310","General Sessions Judge","4,000",
"26","2024","53400","Chancery Court","201,955",
"27","2024","53700","Judicial Commissioners","65,512",
"28","2024","53920","Courtroom Security","0",
"29","2024","54110","Sheriff's Department","3,453,464",
"30","2024","54160","Adm. Of Sexual Offender Registry","7,500",
"31","2024","54210","Jail","1,854,509",
"32","2024","54310","Fire Prevention and Control","20,500",
"33","2024","54320","Rural Fire Protection","150,000",
"34","2024","54410","Civil Defense","235,778",
"35","2024","54610","County Coroner/Medical Examiner","60,000",
"36","2024","55110","Local Health Center","50,601",
"37","2024","55130","Ambulance/Emergency Medical Services","3,088,729",
"38","2024","55170","Alcohol and Drug Programs","22,758",
"39","2024","55190","Other Local Health Services","245,850",
"40","2024","55900","Other Public Health Services","0",
"41","2024","56500","Libraries","256,289",
"42","2024","56700","Parks and Fair Boards","3,000",
"43","2024","57100","Agriculture Extension Services","75,927",
"44","2024","57500","Soil Conservation","40,704",
"45","2024","58110","Tourism","1,200",
"46","2024","58120","Industrial Development","35,000",
"47","2024","58300","Veterans Service","44,836",
"48","2024","58400","Other Charges","852,000",
"49","2024","58600","Employee Benefits","3,838,060",
"50","2024","","Covid 19 Grant# 1 -- Dept. of Health Drug","",
"51","2024","58801","Room","90,800",
"52","2024","58900","Miscellaneous","148,293",
"53","2024","99100","Transfers to Other Funds","135,000",
"54","2024","","Total General Fund","19,067,206",
"55","2024","51730 Adequate Facilities-Trustee Commission","3,000",
"56","2024","99100 Transfers to Other Funds","400,000",
"57","2024","Total Adequate Facilities Fund","403,000",
"58","2024","Total American Rescue Plan Fund","3,046,361",
"59","2024","HIGHWAY/PUBLIC WORKS FUND","",
"60","2024","61000 Administration","363,289",
"61","2024","62000 Highway and Bridge Maintenance","3,023,683",
"62","2024","63100 Operation and Maintenance of Equipment","689,810",
"63","2024","65000 Other Charges","148,500",
"64","2024","66000 Employee Benefits","1,315,000",
"65","2024","68000 Capital Outlay","3,503,000",
"66","2024","99100 Transfers to Other Funds","143,373",
"67","2024","Total Highway/Public Works Fund","9,186,655",
"68","2024","GENERAL PURPOSE SCHOOL FUND","",
"69","2024","71000 Instruction","",
"70","2024","71100 Regular Instruction Program","16,193,159",
"71","2024","71150 Alternative Instruction Program","297,165",
"72","2024","71200 Special Education Program","3,873,641",
"73","2024","71300 Vocational Education Program","1,840,162",
"74","2024","72000 Support Services","",
"75","2024","72110 Attendance","221,255",
"76","2024","72120 Health Services","850,892",
"77","2024","72130 Other Student Support","1,248,128",
"78","2024","72210 Regular Instruction Program","1,558,117",
"79","2024","72220 Special Education Program","312,981",
"80","2024","72230 Vocational Education Program","231,125",
"81","2024","72250 Technology","463,782",
"82","2024","72290 Other Programs","35,000",
"83","2024","72310 Board of Education","716,803",
"84","2024","72320 Director of Schools","330,801",
"85","2024","72410 Office of Principals","2,090,218",
"86","2024","72510 Fiscal Services","50,000",
"87","2024","72610 Operation of Plant","2,681,750",
"88","2024","72620 Maintenance of Plant","1,360,002",
"89","2024","72710 Transportation","2,236,715",
"90","2024","72810 Central and Other","180,383",
"91","2024","73000 Operation of Non-Instructional Services","",
"92","2024","73100 Food Service","44,809",
"93","2024","73300 Community Services","115,277",
"94","2024","73400 Early Childhood Education","519,555",
"95","2024","76000 Capital Outlay","",
"96","2024","76100 Regular Capital Outlay","1,668,254",
"97","2024","99100 Transfers Out","0",
"98","2024","Total General Purpose School Fund","39,119,974",
"99","2024","GENERAL CAFETERIA FUND","",
"100","2024","73100 Food Services","3,248,963",
"101","2024","Total Central Cafeteria Fund","3,248,963",
"102","2024","GENERAL DEBT SERVICE FUND","",
"103","2024","82110 Principal-General Government","598,554",
"104","2024","82120 Principal-Highway and Streets","167,200",
"105","2024","82130 Principal-Education","1,411,000",
"106","2024","82210 Interest-General Government","158,501",
"107","2024","82220 Interest-Highway and Streets","28,891",
"108","2024","82230 Interest-Education","376,651",
"109","2024","82310 Other-General Government","64,099",
"110","2024","82330 Other-Education","40,369",
"111","2024","99100 Transfers to Other Funds","0",
"112","2024","Total General Debt Service Fund","2,845,265",
"113","2024","SOLID WASTE DISPOSAL FUND","",
"114","2024","55710 Sanitation Management","2,178,729",
"115","2024","64000 Litter and Trash Collection","49,300",
"116","2024","91140 Public Health and Welfare","16,000",
"117","2024","","2,244,029",
"140","2024","Account No. Description","Actual 2022-2023","Original Estimated 2023-2024","Estimated 2024-2025",
"141","2024","ESTIMATED REVENUES","","","",
"142","2024","40000 LOCAL TAXES","","","",
"143","2024","40100 County Property Taxes","","","",
"144","2024","40110 Current Property Taxes","8,964,043","8,885,785","10,091,397",
"145","2024","40120 Trustees Collection Prior Year","176,990","179,000","195,000",
"146","2024","40125 Trustees Collection-Bankruptcy","1,818","2,000","400",
"147","2024","40130 Clerk & Master Prior Years","92,633","116,000","75,000",
"148","2024","40140 Interest and Penalty","39,287","40,000","40,000",
"149","2024","40161 Payments in Lieu of Taxes TVA","9,940","9,000","9,200",
"150","2024","40162 Payments in Lieu of Taxes-Loc Utilities","53,398","31,000","34,000",
"151","2024","40163 Payments in Lieu of Taxes-Other","15,071","15,000","7,000",
"152","2024","Total County Property Taxes","9,353,180","9,277,785","10,451,997",
"153","2024","40200 County Local Option Taxes","","","",
"154","2024","40210 Local Option","0","0","1,600,000",
"155","2024","40220 Hotel/Motel Tax","65,142","50,000","58,000",
"156","2024","40250 Litigation Tax General","89,670","84,000","85,000",
"157","2024","40260 Litigation Tax-Special Purpose","12,315","11,000","12,500",
"158","2024","40266 Litigation Tax-Jail, Workhouse, Courthouse","80,831","75,000","80,500",
"159","2024","40267 Litigation Tax-Victim Offender","5,418","5,000","5,000",
"160","2024","40270 Business Tax","142,570","115,000","120,000",
"161","2024","40275 Mixed Drink Tax","1,322","1,000","1,300",
"162","2024","Total County Local Option Taxes","397,268","341,000","1,962,300",
"163","2024","40300 Statutory Local Taxes","","","",
"164","2024","40320 Bank Excise Tax","3,636","4,000","50,000",
"165","2024","40330 Wholesale Beer Tax","220,854","230,000","230,000",
"166","2024","40390 Other Statutory Local Taxes","4,161","4,400","4,200",
"167","2024","Total Local Option Taxes","228,651","238,400","284,200",
"168","2024","TOTAL LOCAL TAXES","9,979,099","9,857,185","12,698,497",
"169","2024","41000 LICENSES AND PERMITS","","","",
"170","2024","41100 Licenses","","","",
"171","2024","41140 Cable TV Franchise","50,648","49,000","50,000",
"172","2024","41500 Permits","","","",
"173","2024","41510 Beer Permits","3,989","3,500","3,500",
"174","2024","41520 Building Permits","118,638","108,000","115,000",
"175","2024","TOTAL LICENSES AND PERMITS","173,275","160,500","168,500",
"176","2024","42000 FINES FORFEITURES AND PENALTIES","","","",
"177","2024","42100 Circuit Court","","","",
"178","2024","42110 Fines","2,054","3,000","2,800",
"179","2024","Account No. Description","Actual 2022-2023","Original Estimated 2023-2024","Estimated 2024-2025",
"180","2024","42120 Officers Cost","1,433","1,800","1,800",
"181","2024","42141 Drug Court Fees","392","650","400",
"182","2024","42150 Jail Fees","499","700","700",
"183","2024","42180 DUI Treatment Fines","665","600","500",
"184","2024","42190 Data Entry Fee-Circuit Court","332","400","400",
"185","2024","Total Circuit Court","5,375","7,150","6,600",
"186","2024","42200 Criminal Court","","","",
"187","2024","42280 DUI Treatment Fines","332","400","250",
"188","2024","Total Criminal Court","332","400","250",
"189","2024","42300 General Sessions Court","","","",
"190","2024","42310 Fines","10,692","10,000","10,000",
"191","2024","42320 Officers Cost","30,401","29,000","30,800",
"192","2024","42330 Game and Fish Fines","99","150","150",
"193","2024","42341 Drug Court Fees","2,262","2,000","2,200",
"194","2024","42350 Jail Fees","7,316","7,000","7,100",
"195","2024","42380 DUI Treatment Fines","3,325","3,000","3,000",
"196","2024","42390 Data Entry Fee-General Sessions","12,624","11,700","13,380",
"197","2024","Total General Sessions Court","66,719","62,850","66,630",
"198","2024","42500 Chancery Court","","","",
"199","2024","42520 Officers Costs","515","800","500",
"200","2024","42530 Data Entry Fee-Chancery Court","2,778","3,000","2,500",
"201","2024","Total Chancery Court","3,293","3,800","3,000",
"202","2024","42800 Judicial District Drug Program","","","",
"203","2024","42871 Courtroom Security Fee","6,942","8,000","7,200",
"204","2024","Total Judicial District Drug Program","6,942","8,000","7,200",
"205","2024","42900 Other Fines, Forfeitures, and Seizures","","","",
"206","2024","42910 Proceeds from Confiscated Property","2,783","2,500","2,700",
"207","2024","42910-STOR Proceeds from Confiscated Property-Storage","0","0","35,000",
"208","2024","42990 Other Fines, Forfeitures, and Penalties","0","400","0",
"209","2024","Total Other Fines, Forfeitures and Seizures","2,783","2,900","37,700",
"210","2024","TOTAL FINES, FORFEITURES AND PENALTIES","85,444","85,100","121,380",
"211","2024","43000 CHARGES FOR CURRENT SERVICES","","","",
"212","2024","43100 General Services","","","",
"213","2024","43102 Other Employee Benefit Charges/Contrib","31,036","25,000","25,000",
"214","2024","43120 Patient Charges","1,125,513","1,200,000","1,100,000",
"215","2024","Total Charges for General Services","1,156,549","1,225,000","1,125,000",
"216","2024","Account No. Description","Actual 2022-2023","Original Estimated 2023-2024","Estimated 2024-2025",
"217","2024","43300 Fees","","","",
"218","2024","43350 Copy Fees","3,776","2,000","2,500",
"219","2024","43350-LIB Copy Fees-Library","5,733","5,000","5,500",
"220","2024","43360 Library Fees","1,852","2,000","1,800",
"221","2024","43365 Archives and Records Management Fees","16,012","15,000","16,200",
"222","2024","43370 Telephone Commissions","44,163","50,000","60,000",
"223","2024","43383 Additional Fees-Titling and Registration","19,539","15,000","18,000",
"224","2024","43392 Data Processing Fees Register","12,190","13,000","12,000",
"225","2024","43393 Probation Fees","1,590","1,500","1,770",
"226","2024","43394 Data Processing Fees-Sheriff","55","100","100",
"227","2024","43395 Sexual Offenders Registration Fees-Sheriff","5,400","5,500","5,500",
"228","2024","43396 Data Processing Fee-County Clerk","660","700","700",
"229","2024","43399 Vehicle Insurance Coverage and Reinstatement Fee","1,330","1,200","2,200",
"230","2024","Total Charges for Fees","112,300","111,000","126,270",
"231","2024","TOTAL CHARGES FOR CURRENT SERVICES","1,268,849","1,336,000","1,251,270",
"232","2024","44000 OTHER LOCAL REVENUES","","","",
"233","2024","44100 Recurring items","","","",
"234","2024","44110 Investment Income","1,476","1,000","0",
"235","2024","44110-LIB Investment Income-Library","976","500","1,000",
"236","2024","44120 Lease/Rentals","3,965","4,081","21,000",
"237","2024","44131 Commissary Sales","14,529","13,000","15,000",
"238","2024","44170 Miscellaneous Refunds","78,713","12,000","12,000",
"239","2024","Total Recurring Items","99,659","30,581","49,000",
"240","2024","44500 Nonrecurring Items","","","",
"241","2024","44530 Sale of Equipment","0","0","0",
"242","2024","44540 Sale of Property","0","0","0",
"243","2024","44570 Contributions and Gifts","176","0","0",
"244","2024","44570-LIB Contributions and Gifts-Library","3,614","1,500","1,000",
"245","2024","44990 Other Local Revenue","3,869","0","0",
"246","2024","44990-LIB Other Local Revenue-Library","2,275","1,400","1,500",
"247","2024","Total Nonrecurring Items","9,934","2,900","2,500",
"248","2024","TOTAL OTHER LOCAL REVENUES","109,593","33,481","51,500",
"249","2024","45000 FEES RECEIVED FROM COUNTY OFFICALS","","","",
"250","2024","45100 Excess Fees","","","",
"251","2024","45160 Juvenile Court Clerk","7,115","6,000","6,960",
"252","2024","45190 Trustee","101","0","0",
"253","2024","45500 Fees in Lieu of Salary","","","",
"254","2024","45510 County Clerk","267,002","265,000","265,000",
"255","2024","45520 Circuit Court Clerk","17,948","18,000","40,000",
"256","2024","45540 General Sessions Court Clerk","191,309","180,000","180,000",
"257","2024","45550 Clerk & Master","90,701","90,000","80,000",
"258","2024","45580 Register","140,898","160,000","140,000",
"259","2024","45590 Sheriff","17,822","20,000","20,000",
"260","2024","Account No. Description","Actual 2022-2023","Original Estimated 2023-2024","Estimated 2024-2025",
"261","2024","45610 Trustee","448,868","440,000","450,000",
"262","2024","TOTAL FEES RECEIVED FROM COUNTY OFFICIALS","1,181,764","1,179,000","1,181,960",
"263","2024","46000 STATE OF TENNESSEE","","","",
"264","2024","46100 General Government Grants","","","",
"265","2024","46110 Juvenile Service Program","9,000","9,000","9,000",
"266","2024","Total General Government Grants","9,000","9,000","9,000",
"267","2024","46200 Public Safety Grants","","","",
"268","2024","46210 Law Enforcement Training Programs","21,600","29,000","30,400",
"269","2024","46240 School Resource Officer Grants","0","0","375,000",
"270","2024","46290 Other Public Safety Grants","","0","0",
"271","2024","46290-SEC Other Public Safety Grants-Security Officer","0","0","0",
"272","2024","46290-TCI Other Public Safety Grants-TN Correction Institute","9,873","0","0",
"273","2024","46290-TDDTF Other Public Safety Grants-TN Dangerous Drug Task Force","0","0","145,200",
"274","2024","46290-TLETA Other Public Safety Grants-TN Law Enforcement Training","0","0","40,000",
"275","2024","46290-VCIF Other Public Safety Grants-Violent Crime Intervention","0","0","15,000",
"276","2024","Total Public Safety Grants","31,473","29,000","605,600",
"277","2024","46300 Health and Welfare Grants","","","",
"278","2024","46310 Health Department Programs","210,381","324,190","347,775",
"279","2024","46330 Emergency Medical Service Training Programs","0","0","24,000",
"280","2024","46390 Other Health and Welfare Grants","0","0","0",
"281","2024","Total Health and Welfare Grants","210,381","324,190","371,775",
"282","2024","46800 Other State Revenues","","","",
"283","2024","46820 Income Tax","696","3,405","700",
"284","2024","46830 Beer Tax","19,200","19,000","19,000",
"285","2024","46835 Vehicle Certificates of Title Fees","7,028","7,000","7,000",
"286","2024","46840 Alcoholic Beverage Tax","94,930","95,000","95,000",
"287","2024","46845 Opioid Settlement Funds-TN Abatement Council","151,344","0","165,160",
"288","2024","46851 State Revenue Sharing-TVA","647,557","647,556","667,705",
"289","2024","46852 State Revenue Sharing-Telecommunications","54,431","57,000","54,500",
"290","2024","46855 State Shared Sports Gaming","34,891","30,000","35,000",
"291","2024","46915 Contracted Prisoner Boarding","208,444","150,000","200,000",
"292","2024","46960 Registrar's Salary Supplement","18,955","15,164","18,955",
"293","2024","46980 Other State Grants","0","400,000","0",
"294","2024","46980-LAND Other State Grants-Land Use Plan","0","0","25,000",
"295","2024","46980-LIB Other State Grants-Library","11,880","10,000","3,000",
"296","2024","46980-TOUR Other State Grants-Tourism","0","0","0",
"297","2024","46990 Other State Revenues","12,725","4,000","8,000",
"298","2024","Total Other State Revenues","1,262,081","1,438,125","1,299,020",
"299","2024","TOTAL STATE OF TENNESSEE","1,512,935","1,800,315","2,285,395",
"300","2024","Account No. Description","Actual 2022-2023","Original Estimated 2023-2024","Estimated 2024-2025",
"301","2024","47100 Federal Through State","","","",
"302","2024","47230 Disaster Relief","8,640","0","0",
"303","2024","47235 Homeland Security Grants","0","41,661","41,127",
"304","2024","47235-THSO Homeland Security Grants-TN Hwy Safety","0","0","20,000",
"305","2024","47235-TSEE Homeland Security Grants-Traffic Safety Enforcement","2,000","25,000","0",
"306","2024","47250-ELC Law Enforcement Grants-ELC Confinement Facility","6,908","176,290","0",
"307","2024","47250-VCIF Law Enforcement Grants-Violent Crime","0","96,806","0",
"308","2024","47301 Covid 19 Grant#1-Dept of Health Drug Room","0","100,000","90,800",
"309","2024","47590 Other Federal Through State","0","0","0",
"310","2024","Total Federal Through State","17,548","439,757","151,927",
"311","2024","47600 DIRECT FEDERAL REVENUE","","","",
"312","2024","47903 American Rescue Plan Act Grant #8 (LATCF)","50,000","0","0",
"313","2024","47990 Other Direct Federal","0","0","0",
"314","2024","Total Direct Federal","50,000","0","0",
"315","2024","TOTAL FEDERAL GOVERNMENT","67,548","439,757","151,927",
"316","2024","48000 OTHER GOVERNMENTS AND CITIZEN GROUPS","","","",
"317","2024","48100 Other Governments","","","",
"318","2024","48130 Contributions","45,000","45,000","45,000",
"319","2024","48130-TOUR Contributions-Tourism Grant","0","0","0",
"320","2024","Total Other Governments","45,000","45,000","45,000",
"321","2024","48600 Citizens Groups","","","",
"322","2024","48610 Donations","25","0","0",
"323","2024","48610-HOSP Donations-Ascension St. Thomas Hickman","5,000","5,000","0",
"324","2024","48610-LIB Donations-Library","100","0","0",
"325","2024","Total Citizen Groups","5,125","5,000","0",
"326","2024","48900 Other","","","",
"327","2024","48990-TRMT Other-Tennessee Risk Management Grant","0","0","0",
"328","2024","48991 Opioid Settlement Funds-Past Remediation","54,259","0","27,585",
"329","2024","Total Other","54,259","0","27,585",
"330","2024","TOTAL OTHER GOVERNMENTS AND CITIZEN GROUPS","104,384","50,000","72,585",
"331","2024","TOTAL ESIMATED REVENUES","14,482,891","14,941,338","17,983,014",
"332","2024","49000 ESTIMATED OTHER SOURCES (NON-REVENUE)","","","",
"333","2024","49700 Insurance Recovery","64,863","40,000","40,000",
"334","2024","49800 Transfers In","35,000","35,000","35,000",
"335","2024","TOTAL ESTIMATED OTHER SOURCES (NON-REVENUE","99,863","75,000","75,000",
"336","2024","TOTAL ESTIMATED REVENUES AND OTHER SOURCES","14,582,754","15,016,338","18,058,014",
"337","2024","Account No. Description","Actual 2022-2023","Original Estimated 2023-2024","Estimated 2024-2025",
"338","2024","ESTIMATED EXPENDITURES","","","",
"339","2024","51000 GENERAL ADMINISTRATION","","","",
"340","2024","51100 County Commission","","","",
"341","2024","191 Board and Committee Members Fees","36,400","33,600","33,600",
"342","2024","301 Accounting Services","0","1,500","1,500",
"343","2024","305 Audit Services","10,469","11,000","11,500",
"344","2024","332 Legal Notices, Recording and Court Cost","2,757","5,000","5,000",
"345","2024","355 Travel","354","2,500","2,500",
"346","2024","719 Office Equipment","3,383","0","0",
"347","2024","51210 Board of Equalization","","","",
"348","2024","191 Board and Committee Members Fees","3,315","3,500","3,500",
"349","2024","51220 Beer Board","","","",
"350","2024","533 Criminal Investigation of Applicants","116","1,000","1,000",
"351","2024","Total County Commission","56,794","58,100","58,600",
"352","2024","51300 County Mayor","","","",
"353","2024","101 County Official","99,787","104,776","110,015",
"354","2024","140 Salary Supplement","1,629","0","0",
"355","2024","161 Secretary","33,176","35,055","36,458",
"356","2024","169 Part-Time Personnel","0","0","0",
"357","2024","186 Longevity","500","0","0",
"358","2024","332 Legal Notices, Rec & Court Cost","385","1,200","1,200",
"359","2024","355 Travel","912","3,000","3,000",
"360","2024","399 Other Contracted Services","4,327","5,000","5,000",
"361","2024","435 Office Supplies","933","1,500","1,500",
"362","2024","508 Premiums on Corp Surety Bonds","0","0","0",
"363","2024","524 In-Service/Staff Development","545","1,500","1,500",
"364","2024","719 Office Equipment","400","1,000","1,000",
"365","2024","Total County Mayor","142,594","153,031","159,673",
"366","2024","51400 County Attorney","","","",
"367","2024","331 Legal Services","33,738","35,000","40,000",
"368","2024","599 Other Charges(Deductibles)","500","5,000","5,000",
"369","2024","Total County Attorney","34,238","40,000","45,000",
"370","2024","51500 Election Commission","","","",
"371","2024","101 County Official","77,756","81,644","85,726",
"372","2024","106 Deputy","33,146","34,804","36,197",
"373","2024","169 Part-Time Personnel","12,224","18,000","19,000",
"374","2024","192 Election Commission","5,200","7,400","8,400",
"375","2024","193 Election Workers","46,547","55,000","60,000",
"376","2024","317 Data Processing Services","3,502","4,500","4,500",
"377","2024","Account No. Description","Actual 2022-2023","Original Estimated 2023-2024","Estimated 2024-2025",
"378","2024","332 Legal Notices, Rec and Court Costs","2,733","4,500","4,500",
"379","2024","337 Maint and Repair-Office Equip","0","1,500","1,500",
"380","2024","349 Printing Stationary and Forms","2,503","4,000","9,000",
"381","2024","351 Rentals","1,250","2,500","3,000",
"382","2024","355 Travel","2,640","4,000","4,000",
"383","2024","399 Other Contracted Services","15,872","25,000","25,000",
"384","2024","435 Office Supplies","2,317","4,000","5,000",
"385","2024","719 Office Equipment","770","4,000","5,000",
"386","2024","790 Other Equipment","0","474,989","0",
"387","2024","Total Election Commission","206,460","725,837","270,823",
"388","2024","51600 Register of Deeds","","","",
"389","2024","101 County Official","86,395","90,715","95,251",
"390","2024","106 Deputy","33,169","34,828","36,222",
"391","2024","140 Salary Supplement","2,508","4,150","4,500",
"392","2024","162 Clerical Personnel","27,797","29,187","30,355",
"393","2024","186 Longevity Pay","1,500","1,600","2,200",
"394","2024","317 Data Processing Services","12,238","16,000","16,000",
"395","2024","332 Legal Notices, Recording and Court Costs","0","22","22",
"396","2024","337 Maint and Repair Services","1,183","2,500","2,500",
"397","2024","355 Travel","503","2,000","2,000",
"398","2024","399 Other Contracted Services","200","200","200",
"399","2024","435 Office Supplies","1,736","2,400","2,400",
"400","2024","524 In-Service/Staff Development","865","1,000","1,200",
"401","2024","719 Office Equipment","980","2,000","2,000",
"402","2024","Total Register of Deeds","169,074","186,602","194,850",
"403","2024","51720 Planning","","","",
"404","2024","105 Supervisor/Director","62,000","65,101","67,705",
"405","2024","106 Deputy(s)","35,610","37,391","38,887",
"406","2024","140 Salary Supplement","0","0","750",
"407","2024","162 Clerical Personnel","26,804","28,145","29,271",
"408","2024","186 Longevity Pay","900","1,000","1,100",
"409","2024","191 Board and Committee Member Fees","2,675","3,900","4,200",
"410","2024","196 In-Service Training","0","3,000","0",
"411","2024","312 Contracts with Private Agencies","13,200","18,000","18,000",
"412","2024","317 Data Processing Service","2,532","3,000","3,120",
"413","2024","331 Legal Services","10,186","12,000","12,000",
"414","2024","332 Legal Notices, Recording & Court Costs","3,243","5,000","5,000",
"415","2024","338 Maint and Repair Services-Vehicle","358","2,500","2,500",
"416","2024","349 Printing, Stationary, and Forms","1,020","1,500","1,500",
"417","2024","355 Travel","298","1,500","1,500",
"418","2024","399 Other Contracted Services","36,495","35,000","35,000",
"419","2024","399-LAND Other Contracted Services-Land Use Plan","0","0","149,194",
"420","2024","425 Gasoline","3,758","4,500","4,500",
"421","2024","435 Office Supplies","839","1,200","1,200",
"422","2024","499 Other Supplies and Materials","230","800","800",
"423","2024","524 In-Service/Staff Development","2,199","1,500","4,500",
"424","2024","718 Motor Vehicles","0","0","0",
"425","2024","Account No. Description","Actual 2022-2023","Original Estimated 2023-2024","Estimated 2024-2025",
"426","2024","719 Office Equipment","1,860","2,800","2,800",
"427","2024","791 Other Construction","0","0","0",
"428","2024","Total Planning","204,207","227,837","383,527",
"429","2024","51800 County Buildings","","","",
"430","2024","105 Facility Supervisor","50,000","52,501","57,751",
"431","2024","166 Custodial Personnel","27,675","29,178","30,346",
"432","2024","167 Maintenance Personnel","39,473","47,251","49,142",
"433","2024","169 Part-Time Personnel","9,435","13,500","14,500",
"434","2024","335 Maint and Repair-buildings","185,573","241,500","245,000",
"435","2024","335-ADA Maint and Repair-buildings(ADA)","0","3,000","3,000",
"436","2024","336 Maint and Repair-equipment","0","10,000","10,000",
"437","2024","338 Maint and Repair-vehicle","1,749","5,000","5,000",
"438","2024","355 Travel","466","750","750",
"439","2024","410 Custodial Supplies","16,963","18,000","18,000",
"440","2024","425 Gasoline","2,354","7,500","6,000",
"441","2024","435 Office Supplies","817","1,000","1,000",
"442","2024","451 Uniforms","316","3,000","2,000",
"443","2024","599 Other Charges","20","1,000","1,000",
"444","2024","718 Motor Vehicles","12,500","15,000","0",
"445","2024","Total County Buildings","347,341","448,180","443,489",
"446","2024","51810 Other Facilities","","","",
"447","2024","307 Communication","115,690","140,000","140,000",
"448","2024","347 Pest Control","7,600","8,000","8,000",
"449","2024","359 Disposal Fee","21","1,000","1,000",
"450","2024","415 Electricity","149,916","175,000","180,000",
"451","2024","452 Utilities","88,933","105,000","110,000",
"452","2024","Total Other Facilities","362,160","429,000","439,000",
"453","2024","51900 Other General Administration","","","",
"454","2024","189 Other Salaries and Wages","85,643","89,925","0",
"455","2024","334 Maintenance Agreements","11,482","11,000","12,500",
"456","2024","336 Maintenance and Repair-Equipment","197","2,000","1,500",
"457","2024","355 Travel","349","400","0",
"458","2024","399 Other Contracted Services","639","2,000","85,000",
"459","2024","435 Office Supplies","186","1,000","0",
"460","2024","499 Other Supplies and Materials","288","1,000","0",
"461","2024","524 In-Service/Staff Development","0","0","0",
"462","2024","719 Office Equipment","29,062","20,000","16,000",
"463","2024","Total Other General Administration","127,846","127,325","115,000",
"464","2024","51910 Preservation of Records","","","",
"465","2024","140 Salary Supplement","1,500","1,500","1,500",
"466","2024","162 Clerical Personnel","35,310","33,758","35,109",
"467","2024","186 Longevity Pay","2,500","2,400","2,500",
"468","2024","351 Rentals","0","0","12,000",
"469","2024","Account No. Description","Actual 2022-2023","Original Estimated 2023-2024","Estimated 2024-2025",
"470","2024","355 Travel","0","150","150",
"471","2024","399 Other Contracted Services","3,238","4,000","4,000",
"472","2024","435 Office Supplies","363","550","550",
"473","2024","499 Other Supplies and Materials","0","680","680",
"474","2024","524 In-Service/Staff Development","0","100","100",
"475","2024","599 Other Charges","94","100","100",
"476","2024","Total Preservation of Records","43,005","43,238","56,689",
"477","2024","Total General Administration","1,693,719","2,439,150","2,166,651",
"478","2024","52000 FINANCE","","","",
"479","2024","52100 Accounting and Budgeting","","","",
"480","2024","101 Administrative Officer","86,395","90,715","95,251",
"481","2024","103 Assistants","45,000","47,251","50,000",
"482","2024","119 Accounts/Bookkeepers","120,612","131,450","135,850",
"483","2024","140 Salary Supplement","6,375","7,125","7,875",
"484","2024","186 Longevity Pay","3,200","3,500","3,800",
"485","2024","317 Data Processing Services","21,005","22,629","44,054",
"486","2024","332 Legal Notices Rec Court Costs","5,778","4,300","6,500",
"487","2024","349 Printing Stationary Forms","3,482","5,500","5,500",
"488","2024","355 Travel","477","2,100","2,100",
"489","2024","399 Other Contracted Services","2,579","3,000","3,400",
"490","2024","435 Office Supplies","3,127","3,500","3,500",
"491","2024","508 Surety Bond","100","300","300",
"492","2024","524 In-Service/Staff Development","1,000","1,000","1,000",
"493","2024","719 Office Equipment","1,716","2,000","2,000",
"494","2024","Total Accounting and Budgeting","300,846","324,370","361,130",
"495","2024","52300 Property Assessor Office","","","",
"496","2024","101 County Official","86,395","90,715","95,251",
"497","2024","140 Salary Supplement","2,758","4,800","4,100",
"498","2024","162 Clerical Personnel","93,200","127,147","132,233",
"499","2024","186 Longevity Pay","500","1,100","600",
"500","2024","187 Overtime Pay(Re-appraisal)","2,579","0","0",
"501","2024","187-PY Overtime Pay( PY Re-appraisal)","7,435","0","0",
"502","2024","312 Contracts with Private Agencies","4,334","10,000","10,000",
"503","2024","317 Data Processing Services","34,390","38,500","40,425",
"504","2024","332 Legal Notices","145","200","200",
"505","2024","337 Maint and Repair-Office Equipment","0","1,000","1,000",
"506","2024","338 Maint and Repair-Vehicle","1,276","2,000","2,000",
"507","2024","349 Printing Stationary Forms","1,704","2,200","2,310",
"508","2024","355 Travel","2,563","3,500","3,500",
"509","2024","399 Other Contracted Services","17,329","7,000","7,000",
"510","2024","425 Gasoline","1,085","3,000","3,000",
"511","2024","435 Office Supplies","1,669","3,500","3,500",
"512","2024","524 In-Service/Staff Development","1,075","4,000","4,000",
"513","2024","599 Other Charges","0","5,000","5,000",
"514","2024","719 Office Equipment","3,479","5,000","6,000",
"515","2024","Account No. Description","Actual 2022-2023","Original Estimated 2023-2024","Estimated 2024-2025",
"516","2024","Total Property Assessor's Office","261,916","308,662","320,119",
"517","2024","52400 County Trustee's Office","","","",
"518","2024","101 County Official","86,395","90,715","95,251",
"519","2024","106 Deputy","35,277","37,041","38,523",
"520","2024","121 Data Processing Personnel","28,165","29,574","34,216",
"521","2024","140 Salary Supplement","4,008","5,625","4,875",
"522","2024","162 Clerical Personnel","31,816","33,407","31,200",
"523","2024","169 Part-time Personnel","9,048","15,000","15,750",
"524","2024","186 Longevity Pay","2,600","2,900","4,300",
"525","2024","317 Data Processing Services","12,916","13,000","11,000",
"526","2024","332 Legal Notices, Recording and Court Costs","233","400","400",
"527","2024","349 Printing Stationary Forms","4,976","6,800","6,900",
"528","2024","355 Travel","1,586","2,200","2,200",
"529","2024","399 Other Contracted Services","1,702","3,325","3,325",
"530","2024","435 Office Supplies","3,244","3,500","3,500",
"531","2024","508 Surety Bond","13,365","0","0",
"532","2024","524 In-Service/Staff Development","1,085","1,600","1,600",
"533","2024","719 Office Equipment","2,543","3,500","3,500",
"534","2024","Total Trustees Office","238,959","248,587","256,540",
"535","2024","52500 County Clerk Office","","","",
"536","2024","101 County Official","86,395","90,715","95,251",
"537","2024","106 Deputy","33,729","35,416","36,833",
"538","2024","140 Salary Supplement","16,258","7,500","7,500",
"539","2024","161 Secretary","32,150","33,758","35,109",
"540","2024","162 Clerical Personnel","92,106","96,646","100,512",
"541","2024","169 Part-Time Personnel","11,340","15,000","15,000",
"542","2024","186 Longevity Pay","7,900","6,000","6,400",
"543","2024","317 Data Processing Services","26,445","28,591","28,467",
"544","2024","355 Travel","3,895","4,000","4,000",
"545","2024","435 Office Supplies","3,689","3,000","4,000",
"546","2024","524 In-Service/Staff Development","1,349","1,400","1,500",
"547","2024","719 Office Equipment","16,681","3,000","3,500",
"548","2024","Total County Clerk","331,937","325,026","338,072",
"549","2024","Total Finance","1,133,658","1,206,645","1,275,861",
"550","2024","53000 ADMINISTRATION OF JUSTICE","","","",
"551","2024","53100 Circuit Court","","","",
"552","2024","101 County Official","86,395","90,715","95,251",
"553","2024","106 Deputies","147,273","180,310","216,199",
"554","2024","169 Part-time Personnel","16,980","5,000","15,000",
"555","2024","186 Longevity Pay","5,800","5,400","5,700",
"556","2024","189 Other Salaries and Wages","28,035","27,573","0",
"557","2024","194 Jury & Witness Fees","1,995","5,000","5,000",
"558","2024","317 Data Processing Services","23,688","25,345","30,000",
"559","2024","332 Legal Notices, Recording & Court Costs","1,338","600","650",
"560","2024","337 Maint and Repair Services - Equipment","1,870","2,500","2,500",
"561","2024","Account No. Description","Actual 2022-2023","Original Estimated 2023-2024","Estimated 2024-2025",
"562","2024","355 Travel","88","150","150",
"563","2024","399 Other Contracted Services","0","800","800",
"564","2024","435 Office Supplies","5,146","6,000","6,000",
"565","2024","508 Premiums on Corporate Surety Bonds","50","200","200",
"566","2024","719 Office Equipment","3,001","8,000","8,000",
"567","2024","Total Circuit Court","321,659","357,593","385,450",
"568","2024","53300 General Sessions Court","","","",
"569","2024","102 Judge","123,848","128,802","134,083",
"570","2024","123 Guidance Personnel","59,210","62,190","64,678",
"571","2024","161 Secretary","25,409","26,680","30,748",
"572","2024","169 Part-time Personnel","7,717","8,686","9,120",
"573","2024","186 Longevity Pay","1,000","0","0",
"574","2024","355 Travel","2,414","3,000","3,500",
"575","2024","399 Other Contracted Services","1,270","6,600","6,600",
"576","2024","432 Library Books","1,373","1,750","2,000",
"577","2024","435 Office Supplies","793","1,750","1,750",
"578","2024","524 In-Service/Staff Development","960","1,500","2,000",
"579","2024","719 Office Equipment","1,792","2,500","2,500",
"580","2024","Total General Sessions Court","225,786","243,458","256,979",
"581","2024","53310 General Sessions Judge","","","",
"582","2024","102 Judge","165","2,300","2,300",
"583","2024","355 Travel","0","1,000","1,000",
"584","2024","524 In-Service/Staff Development","0","700","700",
"585","2024","Total General Sessions Judge","165","4,000","4,000",
"586","2024","53400 Chancery Court","","","",
"587","2024","101 County Official","86,395","90,715","95,251",
"588","2024","103 Assistant","28,734","31,051","32,294",
"589","2024","106 Deputy","22,529","26,754","27,825",
"590","2024","140 Salary Supplement","0","1,500","1,500",
"591","2024","169 Part-time Personnel","0","15,000","14,000",
"592","2024","186 Longevity Pay","3,100","2,300","2,400",
"593","2024","317 Data Processing Services","15,403","16,500","17,185",
"594","2024","332 Legal Notices, Recording & Court Costs","50","1,500","1,500",
"595","2024","355 Travel","0","2,000","2,000",
"596","2024","435 Office Supplies","5,693","6,000","6,000",
"597","2024","719 Office Equipment","1,883","2,000","2,000",
"598","2024","Total Chancery Court","163,787","195,320","201,955",
"599","2024","53700 Judicial Commissioners","","","",
"600","2024","169 Part-time Personnel","16,468","17,008","17,689",
"601","2024","186 Longevity","1,100","1,200","1,200",
"602","2024","189 Other Salaries & Wages","35,275","37,493","38,993",
"603","2024","Account No. Description","Actual 2022-2023","Original Estimated 2023-2024","Estimated 2024-2025",
"604","2024","196 In-Service Training","482","1,250","1,250",
"605","2024","355 Travel","1,280","5,000","5,000",
"606","2024","435 Office Supplies","698","700","700",
"607","2024","524 In-Service/Staff Development","150","200","200",
"608","2024","599 Other Charges","330","360","480",
"609","2024","Total Judicial Commissioners","55,783","63,211","65,512",
"610","2024","53920 Courtroom Security","","","",
"611","2024","431 Law Enforcement Supplies","0","0","0",
"612","2024","499 Other Supplies and Materials","0","0","0",
"613","2024","499-CRF Other Supplies and Materials-Coronavirus Relief","0","0","0",
"614","2024","599 Other Charges","0","0","0",
"615","2024","799 Other Capital Outlay","0","0","0",
"616","2024","799-SEC Other Capital Outlay-Security Grant","0","0","0",
"617","2024","Total Courtroom Security","0","0","0",
"618","2024","Total Administration of Justice","767,180","863,582","913,896",
"619","2024","54000 PUBLIC SAFETY","","","",
"620","2024","54110 Sheriff's Department","","","",
"621","2024","101 County Official","95,035","99,787","104,776",
"622","2024","103 Assistant","39,903","41,899","45,002",
"623","2024","106 Deputies","926,358","1,138,086","1,418,601",
"624","2024","106-SEC Deputies (Courtroom Security)","98,594","108,524","114,916",
"625","2024","119 Accounts/Bookkeepers","37,910","39,806","42,826",
"626","2024","140 Salary Supplements","23,100","27,000","31,900",
"627","2024","148 Dispatchers and Radio Operators","384,421","350,000","380,000",
"628","2024","169-SEC Part-time Personnel","19,435","46,000","46,000",
"629","2024","170 School Resource Officer","0","241,367","51,843",
"630","2024","170-SROG School Resource Officer-Grant","0","0","264,856",
"631","2024","186 Longevity Pay","19,900","19,200","19,600",
"632","2024","187 Overtime Pay","75,149","60,000","110,000",
"633","2024","187-TDDTF Overtime Pay-TN Dangerous Drug Task Force","0","0","145,200",
"634","2024","187-THSO Overtime Pay- TN Hwy Safety Grant","0","0","0",
"635","2024","187-TSEE Overtime Pay-Tennessee Safety Environment &","0","15,000","0",
"636","2024","187-VCIF Overtime Pay-Violent Crimes","0","15,000","15,000",
"637","2024","188 Bonus Payments","26,000","31,000","37,000",
"638","2024","189 Other Salaries and Wages","","43,045","0",
"639","2024","189-SRO Other Salaries and Wages(SRO)","218,027","0","0",
"640","2024","201-SROG Social Security-School Resource Officer Grant","0","0","9,995",
"641","2024","204-SROG State Retirement-School Resource Officer Grant","0","0","32,500",
"642","2024","206-SROG Life Insurance-School Resource Officer Grant","0","0","0",
"643","2024","207-SROG Medical Insurance-School Resource Officer Grant","0","0","53,752",
"644","2024","210-SROG Unemployment Compensation-School Resource Officer G","0","0","0",
"645","2024","302 Advertising","0","500","500",
"646","2024","307 Communication","4,380","15,000","15,000",
"647","2024","312 Contracts with Private Agencies","0","2,500","2,500",
"648","2024","317 Data Processing Services","20,289","30,000","30,000",
"649","2024","331 Legal Services","0","200","200",
"650","2024","Account No. Description","Actual 2022-2023","Original Estimated 2023-2024","Estimated 2024-2025",
"651","2024","336 Maint and Repair Services - Equipment","1,013","2,000","2,000",
"652","2024","338 Maint and Repair Services - Vehicles","82,967","65,000","80,000",
"653","2024","348 Postal Charges","300","300","600",
"654","2024","355 Travel","4,263","10,000","24,000",
"655","2024","355-SRO Travel (SRO)","3,678","5,000","0",
"656","2024","399 Other Contracted Service","0","0","0",
"657","2024","412 Diesel Fuel","87","2,000","2,000",
"658","2024","425 Gasoline","135,763","150,000","165,000",
"659","2024","431 Law Enforcement Supplies","86,931","45,000","43,900",
"660","2024","431-ELC Law Enforcement Supplies-ELC Confinement Facility Grant","0","0","0",
"661","2024","431-SRO Law Enforcement Supplies-SRO","3,936","5,000","0",
"662","2024","431-SROG Law Enforcement Supplies-School Resource Officer Grant","0","0","8,897",
"663","2024","431-THSO Law Enforcement Supplies- TN Hwy Safety","0","0","20,000",
"664","2024","431-TLETA Law Enforcement Supplies-TLETA Grant","0","0","20,000",
"665","2024","431-TRMT Law Enforcement Supplies-Tennessee Risk Management","0","0","0",
"666","2024","431-TSEE Law Enforcement Supplies-TN Safety Environment","2,000","10,000","0",
"667","2024","431-VCIF Law Enforcement Supplies-Violent Crimes Grant","0","81,806","0",
"668","2024","435 Office Supplies","5,787","8,000","8,000",
"669","2024","450 Tires and Tubes","9,736","20,000","20,000",
"670","2024","451 Uniforms","23,178","15,000","15,000",
"671","2024","451-TLETA Uniforms-TLETA Grant","0","0","20,000",
"672","2024","513-SROG Workmans' Compensation Insurance","0","0","0",
"673","2024","524 In-Service/Staff Development","6,477","25,000","21,000",
"674","2024","524-SRO In-Service/Staff Development-SRO","5,006","5,000","0",
"675","2024","524-SROG In-Service/Staff Development-SRO Grant","0","0","5,000",
"676","2024","599 Other Charges","4,276","5,000","11,100",
"677","2024","599-STOR Other Charges-STORAGE","0","0","10,000",
"678","2024","718 Motor Vehicles","33,375","0","0",
"679","2024","718-ELC Motor Vehicles -ELC","0","120,000","0",
"680","2024","718-VCIF Motor Vehicles-VCIF Grant","0","0","0",
"681","2024","719 Office Equipment","4,937","5,000","5,000",
"682","2024","Total Sheriffs Department","2,402,211","2,903,020","3,453,464",
"683","2024","54160 Administration Of Sexual Offender Registry","","","",
"684","2024","435 Office Supplies","686","1,000","1,000",
"685","2024","599 Other Charges","1,700","3,000","3,000",
"686","2024","719 Office Equipment","2,794","3,500","3,500",
"687","2024","Total Administration Of Sexual Offender Registry","5,180","7,500","7,500",
"688","2024","54210 Jail","","","",
"689","2024","160 Guards","628,363","824,000","842,883",
"690","2024","161 Secretary","0","31,200","30,826",
"691","2024","186 Longevity Pay","6,200","4,500","3,800",
"692","2024","187 Overtime Pay","46,005","20,000","83,000",
"693","2024","188 Bonus Payment","16,000","23,000","23,000",
"694","2024","189 Other Salaries and Wages","15,376","35,939","0",
"695","2024","340 Medical and Dental Services","267,614","250,000","300,000",
"696","2024","355 Travel","0","5,000","5,000",
"697","2024","399 Other Contracted Service","123,629","135,000","145,000",
"698","2024","Account No. Description","Actual 2022-2023","Original Estimated 2023-2024","Estimated 2024-2025",
"699","2024","410 Custodial Supplies","19,564","7,000","20,000",
"700","2024","410-ELC Custodial Supplies-ELC Grant","0","18,000","0",
"701","2024","413 Drugs & Medical Supplies","24,983","40,000","40,000",
"702","2024","422 Food Supplies","224,717","260,000","285,000",
"703","2024","431 Law Enforcement Supplies","2,094","5,000","5,000",
"704","2024","435 Office Supplies","4,873","5,000","5,000",
"705","2024","441 Prisoners Clothing","1,762","0","4,000",
"706","2024","441-ELC Prisoners Clothing-ELC Grant","0","8,200","0",
"707","2024","451 Uniforms","7,425","8,000","8,000",
"708","2024","499 Other Supplies and Materials","6,121","15,000","15,000",
"709","2024","499-ELC Other Supplies and Materials-ELC Grant","0","13,090","0",
"710","2024","524 In-Service/Staff Development","0","5,000","5,000",
"711","2024","599-ELC Other Charges-ELC Grant","0","17,000","0",
"712","2024","709 Data Processing Equipment","23,010","29,000","29,000",
"713","2024","719 Office Equipment","2,888","5,000","5,000",
"714","2024","719-TCI Office Equipment-TN Correction Institute","9,873","0","0",
"715","2024","790-TCI Office Equipment-TN Correction Institute","0","0","0",
"716","2024","Total Jail","1,430,497","1,763,929","1,854,509",
"717","2024","54310 Fire Prevention and Control","","","",
"718","2024","309 Contracts with Govt Agen","2,000","2,000","2,000",
"719","2024","429 Instructional Supplies and Materials","2,356","1,500","1,500",
"720","2024","524 In-Service/Staff Development","9,362","14,000","14,000",
"721","2024","790 Other Equipment","0","3,000","3,000",
"722","2024","Total Fire Prevention and Control","13,718","20,500","20,500",
"723","2024","54320 Rural Fire Protection","","","",
"724","2024","316 Contributions","70,000","150,000","150,000",
"725","2024","790 Other Equipment","0","0","0",
"726","2024","Total Rural Fire Prevention","70,000","150,000","150,000",
"727","2024","54410 Civil Defense","","","",
"728","2024","105 Supervisor/Director","56,317","69,608","72,393",
"729","2024","169 Part-time Personnel","1,560","5,000","5,000",
"730","2024","186 Longevity Pay","0","0","500",
"731","2024","187 Overtime Pay","357","5,000","5,000",
"732","2024","189 Other Salaries and Wages","45,000","47,251","49,142",
"733","2024","320 Dues and Memberships","265","1,000","1,000",
"734","2024","330 Operating Lease Payment","3,400","3,600","3,600",
"735","2024","336 Maint and Repair Services - Equipment","5,261","5,000","8,000",
"736","2024","338 Maint and Repair Services - Vehicles","7,718","14,000","14,000",
"737","2024","355 Travel","697","1,000","1,000",
"738","2024","399 Other Contracted Services","3,134","4,500","4,500",
"739","2024","412 Diesel","1,394","4,000","4,000",
"740","2024","425 Gasoline","5,542","10,000","10,000",
"741","2024","435 Office Supplies","1,057","1,000","2,000",
"742","2024","442 Propane Gas","1,164","3,000","3,000",
"743","2024","451 Uniforms","904","1,500","2,000",
"744","2024","Account No. Description","Actual 2022-2023","Original Estimated 2023-2024","Estimated 2024-2025",
"745","2024","499 Other Supplies and Materials","9,690","11,624","12,593",
"746","2024","508 Premiums on Corporate Surety Bonds","50","50","50",
"747","2024","524 In-Service/Staff Development","175","2,000","2,000",
"748","2024","599 Other Charges","8,778","1,000","1,000",
"749","2024","708 Communication Equipment","11,423","22,000","20,000",
"750","2024","718 Motor Vehicles","0","0","0",
"751","2024","790 Other Equipment","603","6,000","15,000",
"752","2024","Total Civil Defense","164,489","218,133","235,778",
"753","2024","54420 Rescue Squad","","","",
"754","2024","316 Contributions","80,000","0","0",
"755","2024","515 Liability Claims","0","0","0",
"756","2024","Total Rescue Squad","80,000","0","0",
"757","2024","54610 County Coroner","","","",
"758","2024","131 Medical Personnel","3,050","5,000","7,000",
"759","2024","341 Pauper Burials","2,250","3,000","3,000",
"760","2024","399 Other Contracted Services","43,525","50,000","50,000",
"761","2024","508 Premiums on Corporate Surety Bonds","0","0","0",
"762","2024","Total County Coroner","48,825","58,000","60,000",
"763","2024","Total Public Safety","4,214,920","5,121,082","5,781,751",
"764","2024","55000 PUBLIC HEALTH AND WELFARE","","","",
"765","2024","55110 Local Health Center","","","",
"766","2024","316 Contributions","38,111","38,111","38,111",
"767","2024","335 Maintenance and Repair Service-Building","275","1,000","1,000",
"768","2024","399 Other Contracted Services","2,240","6,100","6,100",
"769","2024","435 Office Supplies","40","1,520","1,520",
"770","2024","499 Other Supplies & Materials","0","2,250","2,250",
"771","2024","599 Other Charges","375","700","700",
"772","2024","599-PPI Other Charges","0","920","920",
"773","2024","Total Local Health Center","41,041","50,601","50,601",
"774","2024","55130 Ambulance/Emergency Medical Services","","","",
"775","2024","105 Supervisor/Director","64,620","69,608","75,000",
"776","2024","131 Medical Personnel","1,091,716","1,360,000","1,446,292",
"777","2024","140 Salary Supplements","0","0","24,000",
"778","2024","169 Part-time Personnel","91,722","150,000","150,000",
"779","2024","186 Longevity","18,700","20,300","20,900",
"780","2024","187 Overtime Pay","465,671","470,000","574,237",
"781","2024","199 Other Per Diem & Fees","76","3,000","3,000",
"782","2024","320 Dues and Memberships","795","1,200","1,200",
"783","2024","335 Maint & Repair Services - Building","872","2,000","2,000",
"784","2024","336 Maint & Repair Services - Equipment","453","10,000","10,000",
"785","2024","338 Maint & Repair Services - Vehicles","28,410","60,000","60,000",
"786","2024","355 Travel","2,870","3,500","3,500",
"787","2024","Account No. Description","Actual 2022-2023","Original Estimated 2023-2024","Estimated 2024-2025",
"788","2024","399 Other Contracted Services","252,582","235,000","235,000",
"789","2024","410 Custodial Supplies","1,938","3,000","8,000",
"790","2024","412 Diesel Fuel","10,070","22,000","22,000",
"791","2024","413 Drugs and Medical Supplies","48,248","65,000","66,000",
"792","2024","413-PHAR Drugs and Medical Supplies(Pharmaceuticals)","22,434","35,000","35,600",
"793","2024","425 Gasoline","45,863","80,000","80,000",
"794","2024","435 Office Supplies","1,021","3,000","3,000",
"795","2024","450 Tires and Tubes","8,260","15,000","15,000",
"796","2024","451 Uniforms","13,485","18,000","18,000",
"797","2024","499 Other Supplies and Materials","6,457","13,000","13,000",
"798","2024","524 In-Service/Staff Development","6,601","25,000","25,000",
"799","2024","718 Motor Vehicle","33,800","0","180,000",
"800","2024","719 Office Equipment","2,545","3,000","3,000",
"801","2024","790 Other Equipment","19,449","30,000","15,000",
"802","2024","790-TRMT Other Equipment-Tennessee Risk Management Grant","0","0","0",
"803","2024","Total Ambulance/Emergency Medical Services","2,238,658","2,696,608","3,088,729",
"804","2024","55170 Alcohol and Drug Programs","","","",
"805","2024","111 Probation Officer","11,020","12,810","13,323",
"806","2024","201 Social Security","0","780","780",
"807","2024","355 Travel","","796","655",
"808","2024","435 Office Supplies","644","1,500","1,000",
"809","2024","599 Other Charges","5,854","7,000","7,000",
"810","2024","Total Alcohol and Drug Programs","17,518","22,886","22,758",
"811","2024","55190 Other Local Health Services","","","",
"812","2024","131 Medical Personnel","80,115","143,448","153,340",
"813","2024","163 Educational Assistants","68,415","67,752","73,160",
"814","2024","349 Printing, Stationery, and Forms","0","100","100",
"815","2024","355 Travel","10,074","15,000","15,000",
"816","2024","399 Other Contracted Services","29","100","500",
"817","2024","499 Other Supplies and Materials","176","2,500","2,500",
"818","2024","506 Liability Insurance","186","250","250",
"819","2024","599 Other Charges","0","0","1,000",
"820","2024","Total Other Local Health Services","158,995","229,150","245,850",
"821","2024","55900 Other Public Health Services","","","",
"822","2024","599-HOSP Other Charges (Hospital Donation)","0","5,000","0",
"823","2024","599-TOBG Other Charges(Tobacco Grant)","520","707","0",
"824","2024","Total Other Public Health Services","520","5,707","0",
"825","2024","Total Public Health & Welfare","2,456,732","3,004,952","3,407,938",
"826","2024","56500 Libraries","","","",
"827","2024","103 Assistants","96,041","117,536","122,238",
"828","2024","129 Librarians","32,247","42,991","44,711",
"829","2024","Account No. Description","Actual 2022-2023","Original Estimated 2023-2024","Estimated 2024-2025",
"830","2024","186 Longevity","5,400","3,200","3,500",
"831","2024","189 Other Salaries and Wages","20,039","21,704","22,790",
"832","2024","317 Data Processing Services","3,235","3,600","3,600",
"833","2024","320 Dues & Memberships","60","750","750",
"834","2024","335 Maint & Repair Services Buildings","2,946","3,000","3,000",
"835","2024","348 Postal Charges","709","1,200","1,200",
"836","2024","355 Travel","796","2,000","2,000",
"837","2024","399 Other Contracted Services","17,622","17,854","18,000",
"838","2024","432 Library Books & Media","5,792","7,500","7,000",
"839","2024","435 Office Supplies","6,643","7,000","6,500",
"840","2024","452 Utilities","5,446","3,000","5,500",
"841","2024","499 Other Supplies & Materials","304","2,000","2,000",
"842","2024","524 In-Service/Staff Development","0","2,000","1,500",
"843","2024","599 Other Charges","13,440","15,000","3,000",
"844","2024","790 Other Equipment","1,642","8,000","9,000",
"845","2024","Total Estimated Expenditures","212,362","258,335","256,289",
"846","2024","56700 Parks and Fair Boards","","","",
"847","2024","316 Contributions","3,000","3,000","3,000",
"848","2024","Total Senior Citizens Assistance","3,000","3,000","3,000",
"849","2024","Total Social, Cultural and Recreational","215,362","261,335","259,289",
"850","2024","57000 AGRICULTURE AND NATURAL RESOURCES","","","",
"851","2024","57100 Agriculture Extension Service","","","",
"852","2024","316 Contributions","69,434","70,261","70,992",
"853","2024","320 Dues and Memberships","345","350","350",
"854","2024","328 Janitorial Services","0","0","1,560",
"855","2024","355 Travel","1,041","900","900",
"856","2024","410 Custodial Supplies","125","125","125",
"857","2024","435 Office Supplies","0","1,000","1,000",
"858","2024","719 Office Equipment","1,849","1,000","1,000",
"859","2024","Total Agriculture Extension Services","72,794","73,636","75,927",
"860","2024","57500 Soil Conservation","","","",
"861","2024","161 Secretary","22,547","26,208","31,804",
"862","2024","186 Longevity","700","800","900",
"863","2024","399 Other Contracted Services","5,000","5,000","5,000",
"864","2024","599 Other Charges","2,550","2,550","3,000",
"865","2024","Total Soil Conservation","30,797","34,558","40,704",
"866","2024","Total Agriculture and Natural Resources","103,591","108,194","116,631",
"867","2024","58000 OTHER GENERAL GOVERNMENT","","","",
"868","2024","58110 Tourism","","","",
"869","2024","316 Contributions","0","1,200","1,200",
"870","2024","599-TOUR Other Charges-Tourism Grant","0","0","0",
"871","2024","Account No. Description","Actual 2022-2023","Original Estimated 2023-2024","Estimated 2024-2025",
"872","2024","Total Tourism","0","1,200","1,200",
"873","2024","58120 Industrial Development (Vision 21)","","","",
"874","2024","105 Supervisor/Director","63,000","66,150","0",
"875","2024","316 Contributions","11,773","9,054","35,000",
"876","2024","Total Industrial Development","74,773","75,204","35,000",
"877","2024","58300 Veterans Services","","","",
"878","2024","105 Supervisor/Director","32,450","34,073","35,436",
"879","2024","338 Maint & Repair Services - Vehicles","435","750","750",
"880","2024","351 Rentals","3,600","3,600","3,600",
"881","2024","355 Travel","0","600","600",
"882","2024","399 Other Contracted Service","449","450","450",
"883","2024","425 Gasoline","1,243","1,000","1,000",
"884","2024","435 Office Supplies","187","200","500",
"885","2024","599 Other Charges","0","1,000","1,000",
"886","2024","719 Office Equipment","94","200","1,500",
"887","2024","Total Veterans Services","38,458","41,873","44,836",
"888","2024","58400 Other Charges","","","",
"889","2024","506 Liability Insurance","299,437","335,400","424,000",
"890","2024","510 Trustees Commission","224,803","225,000","232,000",
"891","2024","513 Workers Comp","136,731","170,450","196,000",
"892","2024","599 Other Charges","329","0","0",
"893","2024","Total Other Charges","661,300","730,850","852,000",
"894","2024","58600 Employee Benefits","","","",
"895","2024","201 Social Security","506,341","610,684","630,000",
"896","2024","204 State Retirement","724,610","762,186","883,000",
"897","2024","206 Life Insurance","46,422","62,000","68,000",
"898","2024","207 Medical Insurance","1,842,446","2,031,600","2,235,060",
"899","2024","210 Unemployment Comp","4,560","22,000","22,000",
"900","2024","399 Other Contracted Services","0","6,000","0",
"901","2024","Total Employees Benefits","3,124,379","3,494,470","3,838,060",
"902","2024","58801 Covid 19 Grant # 1-Dept of Health Drug Room","","","",
"903","2024","707 Building Improvements","0","100,000","90,800",
"904","2024","Total Covid 19 Grant#1- Dept. of Health Drug Room","0","100,000","90,800",
"905","2024","58900 Miscellaneous","","","",
"906","2024","309 Contracts with Government Agencies","12,920","12,920","13,993",
"907","2024","316 Contributions","61,500","65,000","55,000",
"908","2024","320 Dues and Memberships","16,100","16,100","17,000",
"909","2024","Account No. Description","Actual 2022-2023","Original Estimated 2023-2024","Estimated 2024-2025",
"910","2024","348 Postal Charges","41,684","45,000","50,000",
"911","2024","351 Rentals","65","2,500","2,500",
"912","2024","399 Other Contracted Services","0","0","7,300",
"913","2024","599 Other Charges","2,014","2,500","2,500",
"914","2024","Total Miscellaneous","134,283","144,020","148,293",
"915","2024","Total Other General Government","4,033,193","4,587,617","5,010,189",
"916","2024","Total Estimated Expenditures","14,618,355","17,592,557","18,932,206",
"917","2024","99000 OTHER USES","","","",
"918","2024","91190 Other General Government Projects","","","",
"919","2024","732 Building Purchases","0","0","0",
"920","2024","799-DA Building Construction","9,500","0","0",
"921","2024","Total Estimated General Administration Projects","9,500","0","0",
"922","2024","99000 ESTIMATED OTHER USES","","","",
"923","2024","99100 Transfers Out","","","",
"924","2024","590 Transfers to Other Funds","134,891","100,000","135,000",
"925","2024","Total Estimated Other Uses","134,891","100,000","135,000",
"926","2024","Total Estimated Expenditures and other uses","14,762,746","17,692,557","19,067,206",
"927","2024","Excess of Estimated Revenue and Other Sources over (under) Estimated Expenditures and Other Uses","(179,992)","(2,676,219)","(1,009,192)",
"928","2024","Estimated Begin Fund Balance July 1","6,663,263","6,483,271","4,500,000",
"929","2024","Estimated Ending Fund Balance June 30","6,483,271","3,807,052","3,490,808",
"930","2024","Statement of Proposed Operations for the Fiscal Year Ending June 30, 2025","","Original","",
"931","2024","Account No Description","Actual 2022-2023","Estimated 2023-2024","Estimated 2024-2025",
"932","2024","ESTIMATED REVENUES","","","",
"933","2024","42000 FINES, FORFIETURES AND PENALTIES","","","",
"934","2024","42100 Circuit Court","","","",
"935","2024","42140 Drug Control Fines","1,459","2,500","2,500",
"936","2024","42300 General Sessions Court","","","",
"937","2024","42340 Drug Control Fines","3,713","5,500","5,500",
"938","2024","Total Fines, Forfeitures and Penalties","5,172","8,000","8,000",
"939","2024","42900 OTHER FINES, FORFEITURES AND PENALTIES 42910 Proceeds from Confiscated Property","62,443","45,000","45,000",
"940","2024","Total Other Fines, Forfeitures, and Penalties","62,443","45,000","45,000",
"941","2024","44000 OTHER LOCAL REVENUES","","","",
"942","2024","44500 Nonrecurring Items","","","",
"943","2024","44530 Sale of Equipment","0","0","0",
"944","2024","Total Other Local Revenues","0","0","0",
"945","2024","Total Estimated Revenue","67,615","53,000","53,000",
"946","2024","49000 ESTIMATED OTHER SOURCES(NON-REVENUE)","","","",
"947","2024","49700 Insurance Recovery","0","0","0",
"948","2024","Total Estimated Other Source(Non-Revenue)","0","0","0",
"949","2024","Total Estimated Revenues and Other Source","67,615","53,000","53,000",
"950","2024","ESTIMATED EXPENDITURES","","","",
"951","2024","54110 SHERIFF'S DEPARTMENT","","","",
"952","2024","599 Other Charges","7,740","10,000","15,000",
"953","2024","716 Law Enforcement Equipment","39,096","0","0",
"954","2024","718 Motor Vehicles","27,325","0","100,000",
"955","2024","Total Estimated Expenditures","74,161","10,000","115,000",
"956","2024","Excess of Estimated Revenue Over","","","",
"957","2024","(Under) Estimated Expenditures","(6,546)","43,000","(62,000)",
"958","2024","Estimated Beginning Fund Balance July 1","115,791","109,245","95,000",
"959","2024","Estimated Ending Fund Balance June 30","109,245","152,245","33,000",
"960","2024","Statement of Proposed Operations For the Fiscal Year Ending June 30, 2025","","Original","",
"961","2024","Account No. Description","Actual 2022-2023","Estimated 2023-2024","Estimated 2024-2025",
"962","2024","ESTIMATED REVENUES","","","",
"963","2024","40200 COUNTY LOCAL OPTION TAXES","","","",
"964","2024","40285 Adequate Facilities/Development Tax","304,676","260,000","260,000",
"965","2024","Total Local Option Taxes","304,676","260,000","260,000",
"966","2024","Total Revenues","304,676","260,000","260,000",
"967","2024","ESTIMATED EXPENDITURES","","","",
"968","2024","50000 GENERAL COUNTY OPERATIONS","","","",
"969","2024","51730 Building","","","",
"970","2024","509 Refunds","0","0","0",
"971","2024","510 Trustee's Commission","3,067","3,000","3,000",
"972","2024","Total Building","3,067","3,000","3,000",
"973","2024","90000 CAPITAL PROJECTS","","","",
"974","2024","91300 Educational Capital Project","","","",
"975","2024","799 Other Capital Outlay","140,000","0","0",
"976","2024","Total Public Safety Projects","140,000","0","0",
"977","2024","99100 TRANSFERS OUT","","","",
"978","2024","590 Transfers to Other Funds","280,000","0","400,000",
"979","2024","Total Transfers Out","280,000","0","400,000",
"980","2024","Total Estimated Expenditures","423,067","3,000","403,000",
"981","2024","Excess of Estimated Revenue and Other","","","",
"982","2024","Sources over/under Estimated Expendit","(118,391)","257,000","(143,000)",
"983","2024","Estimated Beginning Fund Balance July","914,111","795,720","1,052,720",
"984","2024","Estimated Ending Fund Balance June 3(","795,720","1,052,720","909,720",
"985","2024","for the","Fiscal Year Ending June 30, 2025","","Original","",
"986","2024","Account Nc","Description","Actual 2022-2023","Estimated 2023-2024","Estimated 2024-2025",
"987","2024","","ESTIMATED REVENUES","","","",
"988","2024","44000","OTHER LOCAL REVENUES","","","",
"989","2024","44100","Recurring Items","","","",
"990","2024","44110","Investment Income","838","800","0",
"991","2024","","Total Recurring Items","838","800","0",
"992","2024","47000","FEDERAL GOVERNMENT","","","",
"993","2024","47100","Federal Through State","","","",
"994","2024","47406","American Rescue Plan Act Grant#A(Health Dept)","0","383,200","363,296",
"995","2024","47407","American Rescue Plan Act Grant#B(TDEC BALU)","0","225,000","212,625",
"996","2024","","Total Federal Through State Revenue","0","608,200","575,921",
"997","2024","47000","FEDERAL GOVERNMENT","","","",
"998","2024","47600","Direct Federal Revenue","","","",
"999","2024","47902","American Rescue Plan Act Grant#7(SLFRF)","2,445,266","0","0",
"1000","2024","","Total Direct Federal Revenue","2,445,266","0","0",
"1001","2024","","Total Estimated Revenue","2,446,104","609,000","575,921",
"1002","2024","","ESTIMATED EXPENDITURES","","","",
"1003","2024","58837","AMERICAN RESCUE PLAN ACT GRANT#7(SLFRF)","","","",
"1004","2024","188","Bonus Payments","470,800","0","0",
"1005","2024","201","Social Security","35,483","0","0",
"1006","2024","204","Pensions","47,988","0","0",
"1007","2024","316","Contributions","0","0","550,000",
"1008","2024","339-TOC","Matching Share","0","696,552","628,500",
"1009","2024","339-BALU","Matching Share","0","75,000","70,875",
"1010","2024","707-HLTH","Building Improvement","0","0","121,065",
"1011","2024","713","Highway Construction","0","861,000","0",
"1012","2024","716","Law Enforcement Equipment","203,267","0","0",
"1013","2024","718-EMS","Motor Vehicles","0","0","0",
"1014","2024","791-EMS","Other Construction","23,690","1,000,000","1,100,000",
"1015","2024","","Total Estimated American Rescue Plan Grant #7","781,228","2,632,552","2,470,440",
"1016","2024","58841","AMERICAN RESCUE PLAN ACT GRANT#A(Health","Dept.)","","",
"1017","2024","707","Building Improvements","0","510,900","363,296",
"1018","2024","","Total Estimated American Rescue Plan Grant #A","0","510,900","363,296",
"1019","2024","58842","AMERICAN RESCUE PLAN ACT GRANT#B(TDEC","BALU)","","",
"1020","2024","399","Other Contracted Services","0","225,000","212,625",
"1021","2024","","Total Estimated American Rescue Plan Grant #A","0","225,000","212,625",
"1022","2024","","Total Estimated Expenditure","781,228","3,368,452","3,046,361",
"1023","2024","","(Under) Estimated Expenditures","1,664,876","(2,759,452)","(2,470,440)",
"1024","2024","","Estimated Beginning Fund Balance July 1","2,445,649","4,110,525","2,640,000",
"1025","2024","","Estimated Ending Fund Balance June 30","4,110,525","1,351,073","169,560",
"1026","2024","Account No.","Description","Actual 2022-2023","Original Estimate 2023-2024","Estimate 2024-2025",
"1027","2024","","ESTIMATED REVENUES","","","",
"1028","2024","40000","LOCAL TAXES","","","",
"1029","2024","40100","County Property Taxes","","","",
"1030","2024","40110","Current Property Taxes","306,045","299,798","313,722",
"1031","2024","40120","Trustee's Collection Prior Year","6,222","12,930","12,930",
"1032","2024","40125","Trustee's Collection Bankruptcy","62","0","0",
"1033","2024","40130","Circuit/Clerk & Master Coll Prior Years","3,254","7,000","7,000",
"1034","2024","40140","Interest and Penalty","1,370","2,260","2,260",
"1035","2024","40161","Payments in Lieu of Taxes TVA","340","350","350",
"1036","2024","40200","County Local Option Taxes","","","",
"1037","2024","40270","Business Tax","4,868","3,500","4,800",
"1038","2024","40280","Mineral Severance Tax","71,894","85,000","85,000",
"1039","2024","","Total Local Taxes","394,055","410,838","426,062",
"1040","2024","43100","General Service Charge","","","",
"1041","2024","43102","Other Employee Benefit Charges/Contributions","11,039","0","0",
"1042","2024","","Total General Services Charge","11,039","0","0",
"1043","2024","43000","CHARGES FOR CURRENT SERVICES","","","",
"1044","2024","43380","Vending Machines Collections","1,575","2,600","2,600",
"1045","2024","","Total Charges for Current Services","1,575","2,600","2,600",
"1046","2024","44000","OTHER LOCAL REVENUES","","","",
"1047","2024","44100","Recurring Items","","","",
"1048","2024","44145","Sale of Recycled Materials","1,326","5,500","5,500",
"1049","2024","44170","Miscellaneous Refunds","6","0","0",
"1050","2024","44500","Nonrecurring Items","","","",
"1051","2024","44530","Sale of Equipment","12,174","150,000","100,000",
"1052","2024","","Total Other Local Revenues","13,506","155,500","105,500",
"1053","2024","46000","STATE OF TENNESSEE","","","",
"1054","2024","46400","Public Works Grants","","","",
"1055","2024","46410","Bridge Program","317,448","1,851,368","2,000,000",
"1056","2024","46420","State Aid Program","200,649","1,500,000","1,700,000",
"1057","2024","46851","State Revenue Sharing TVA","22,109","22,000","22,000",
"1058","2024","46920","Gasoline and Motor Fuel Tax","2,750,449","2,836,818","2,836,818",
"1059","2024","46930","Petroleum Special Tax","16,515","19,140","19,140",
"1060","2024","46980","Other State Grants","46,899","0","0",
"1061","2024","","Total State of Tennessee","3,354,069","6,229,326","6,577,958",
"1062","2024","Account No.","Description","Actual 2022-2023","Original Estimate 2023-2024","Estimate 2024-2025",
"1063","2024","47000","FEDERAL GOVERNMENT","","","",
"1064","2024","47100","Federal Through State","","","",
"1065","2024","47230","Disaster Relief","874,990","500,000","400,000",
"1066","2024","47590","Other Federal through State","20,529","0","0",
"1067","2024","47600","Direct Federal Revenue","","","",
"1068","2024","47990","Other Direct Federal Revenue","30,277","400,000","500,000",
"1069","2024","","Total Federal Government","925,796","900,000","900,000",
"1070","2024","48000","OTHER GOVERNMENTS AND CITIZENS GROUP","","","",
"1071","2024","48100","Other Governments","","","",
"1072","2024","48120","Paving and Maintenance","17,297","0","0",
"1073","2024","48600","Citizens Groups","","","",
"1074","2024","48610","Donations","0","0","0",
"1075","2024","","Total Other Governments","17,297","0","0",
"1076","2024","","Total Estimated Revenue","4,717,337","7,698,264","8,012,120",
"1077","2024","49000","OTHER SOURCES (NON-REVENUE)","","","",
"1078","2024","49700","Insurance Recovery","2,140","0","0",
"1079","2024","49800","Transfers In","34,891","75,000","35,000",
"1080","2024","","Total Other Sources (Non-Revenue)","37,031","75,000","35,000",
"1081","2024","","Total Estimated Revenues and Other Sources","4,754,368","7,773,264","8,047,120",
"1082","2024","","ESTIMATED EXPENDITURES","","","",
"1083","2024","61000","ADMINISTRATION","","","",
"1084","2024","101","County Official/Administrative Officer","95,035","99,787","104,776",
"1085","2024","103","Assistant(s)","0","94,000","102,128",
"1086","2024","106","Deputy","0","40,000","49,760",
"1087","2024","140","Salary Supplement","1,758","6,000","6,000",
"1088","2024","161","Secretary","45,388","0","0",
"1089","2024","162","Clerical Personnel","32,044","0","0",
"1090","2024","169","Part-time Personnel","15,486","23,000","22,300",
"1091","2024","186","Longevity Pay","0","0","3,800",
"1092","2024","187","Overtime Pay","1,877","8,500","15,000",
"1093","2024","191","Board and Committee Members Fees","16,800","16,800","16,800",
"1094","2024","316","Contributions","500","500","500",
"1095","2024","317","Data Processing Services","0","400","5,500",
"1096","2024","320","Dues and Memberships","3,600","3,875","3,875",
"1097","2024","332","Legal Notices, Recording and Court Costs","256","1,000","1,500",
"1098","2024","348","Postal Charges","0","300","300",
"1099","2024","355","Travel","3,093","4,500","9,000",
"1100","2024","399","Other Contracted Services","5,286","8,500","10,000",
"1101","2024","435","Office Supplies","708","1,050","1,050",
"1102","2024","508","Premiums on Corporate Surety Bonds","100","2,000","2,000",
"1103","2024","524","In-Service/Staff Developement","2,510","3,800","4,000",
"1104","2024","Account No. Description","Actual 2022-2023","Original Estimate 2023-2024","Estimate 2024-2025",
"1105","2024","719 Office Equipment","288","5,000","5,000",
"1106","2024","Total Administration","224,729","319,012","363,289",
"1107","2024","62000 HIGHWAY AND BRIDGE MAINTENANCE","","","",
"1108","2024","140 Salary Supplements","1,500","1,500","1,500",
"1109","2024","141 Foremen","243,059","332,470","332,925",
"1110","2024","143 Equipment Operators","326,326","390,000","479,067",
"1111","2024","149 Laborers","290,298","426,291","418,491",
"1112","2024","186 Longevity","0","0","31,700",
"1113","2024","187 Overtime Pay","21,821","55,000","55,000",
"1114","2024","323 Explosive and Drilling Services","0","2,000","2,000",
"1115","2024","403 Asphalt-Cold Mix","62,069","100,000","80,000",
"1116","2024","405 Asphalt-Liquid","646,298","900,000","850,000",
"1117","2024","409 Crushed Stone","201,901","750,000","600,000",
"1118","2024","426 General Construction Materials","293","25,000","25,000",
"1119","2024","436 Other Road Supplies","23,235","55,000","55,000",
"1120","2024","438 Pipe","56,194","70,000","55,000",
"1121","2024","443 Road Signs","4,956","18,000","15,000",
"1122","2024","444 Salt","5,641","6,500","6,500",
"1123","2024","446 Small Tools","1,458","5,000","4,000",
"1124","2024","455 Wood Products","0","5,000","5,000",
"1125","2024","468 Chemical","4,800","8,550","7,500",
"1126","2024","Total Highway and Bridge Maintenance","1,889,849","3,150,311","3,023,683",
"1127","2024","63100 OPERATION AND MAINTENANCE OF EQUIPMENT","","","",
"1128","2024","141 Foremen","42,858","48,000","51,190",
"1129","2024","142 Mechanic(s)","32,471","38,000","42,120",
"1130","2024","186 Longevity","0","0","3,000",
"1131","2024","187 Overtime Pay","470","5,000","5,000",
"1132","2024","329 Laundry Services","10,890","12,000","12,000",
"1133","2024","412 Diesel Fuel","154,004","250,000","250,000",
"1134","2024","418 Equipment and Machinery Parts","87,597","150,000","125,000",
"1135","2024","424 Garage Supplies","20,702","75,000","70,000",
"1136","2024","425 Gasoline","25,628","45,000","45,000",
"1137","2024","433 Lubricants","11,733","25,000","25,000",
"1138","2024","450 Tires and Tubes","49,541","75,000","60,000",
"1139","2024","599 Other Charges","605","1,500","1,500",
"1140","2024","Total Operation and Maintenance of Equip","436,499","724,500","689,810",
"1141","2024","65000 OTHER CHARGES","","","",
"1142","2024","307 Communication","4,650","7,500","7,500",
"1143","2024","331 Legal Services","0","3,500","3,500",
"1144","2024","415 Electricity","4,231","8,000","7,500",
"1145","2024","454 Water and Sewer","3,462","6,500","6,000",
"1146","2024","506 Liability Insurance","57,970","65,000","84,000",
"1147","2024","510 Trustees Commission","35,063","35,000","40,000",
"1148","2024","Total Other Charges","105,376","125,500","148,500",
"1149","2024","Account No.","Description","Actual 2022-2023","Original Estimate 2023-2024","Estimate 2024-2025",
"1150","2024","66000","EMPLOYEE BENEFITS","","","",
"1151","2024","201","Social Security","85,936","114,600","120,000",
"1152","2024","204","State Retirement","128,024","145,000","150,000",
"1153","2024","205","Employee and Dependent Insurance","485,993","550,000","900,000",
"1154","2024","210","Unemployment Compensation","7,575","17,000","15,000",
"1155","2024","513","Worker's Compensation Insurance","117,628","152,000","125,000",
"1156","2024","599","Other Charges","634","7,500","5,000",
"1157","2024","","Total Employees Benefits","825,790","986,100","1,315,000",
"1158","2024","68000","CAPITAL OUTLAY","","","",
"1159","2024","705","Bridge Construction","75,097","1,600,000","1,600,000",
"1160","2024","708","Communication Equipment","1,239","4,000","3,000",
"1161","2024","713","Highway Construction","467,267","1,500,000","1,750,000",
"1162","2024","714","Highway Equipment","59,410","100,000","100,000",
"1163","2024","718","Motor Vehicles","21,000","39,000","35,000",
"1164","2024","791","Other Construction","2,045","15,000","15,000",
"1165","2024","","Total Capital Outlay","626,058","3,258,000","3,503,000",
"1166","2024","","Total Estimated Expenditures","4,108,301","8,563,423","9,043,282",
"1167","2024","99000","OTHER USES","","","",
"1168","2024","99100","Transfers Out","","","",
"1169","2024","590","Transfers to Other Funds","142,998","143,655","143,373",
"1170","2024","","Total Other Uses","142,998","143,655","143,373",
"1171","2024","","Total Estimated Expenditures and Other Uses","4,251,299","8,707,078","9,186,655",
"1172","2024","","Excess of Estimated Revenue Over (Under)","","","",
"1173","2024","","Estimated Expenditures and Other Uses","503,069","(933,814)","(1,139,535)",
"1174","2024","","Estimated Beginning Fund Balance July 1","1,986,176","2,489,245","1,800,000",
"1175","2024","","Fund Balance Audit Adjustment Estimated Ending Fund Balance June 30","2,489,245","1,555,431","660,465",
"1176","2024","Account No.","Description","Actual 2022-2023","Original Estimate 2023-2024","Estimate 2024-2025",
"1177","2024","","ESTIMATED REVENUES","","","",
"1178","2024","40000","Local Taxes","","","",
"1179","2024","40100","County Property Taxes","","","",
"1180","2024","40110","Current Property Taxes","3,144,196","2,974,879","3,032,648",
"1181","2024","40120","Trustee's Collection - Prior Year","63,996","65,000","65,000",
"1182","2024","40125","Trustee's Collection - Bankruptcy","641","500","500",
"1183","2024","40130","Circuit/Clerk & Master Collections - Prior Years","33,469","47,000","47,000",
"1184","2024","40140","Interest and Penalty","14,071","15,000","15,000",
"1185","2024","40161","Payments in Lieu of Taxes - TVA","3,495","4,000","4,000",
"1186","2024","40162","Payments in Lieu of Taxes - Local Utilities","6,000","6,000","6,000",
"1187","2024","40200","County Local Option Taxes","","","",
"1188","2024","40210","Local Option Sales Tax","2,869,529","2,455,008","2,535,177",
"1189","2024","40270","Business Tax","50,007","35,000","35,000",
"1190","2024","40300","Statutory Local Taxes","","","",
"1191","2024","40320","Bank Excise Tax","0","0","0",
"1192","2024","40350","Interstate Telecommunication Tax","0","0","0",
"1193","2024","","Total Local Taxes","6,185,404","5,602,387","5,740,325",
"1194","2024","41000","Licenses and Permits","","","",
"1195","2024","41100","Licenses","","","",
"1196","2024","41110","Marriage Licenses","1,672","1,300","1,300",
"1197","2024","","Total Licenses and Permits","1,672","1,300","1,300",
"1198","2024","43000","Charges for Current Services","","","",
"1199","2024","43500","Education Charges","","","",
"1200","2024","43517","Tuition - Other","1,000","2,000","0",
"1201","2024","43570","Receipts from Individual Schools","22,820","30,000","30,000",
"1202","2024","43582","Community Service Fees Adults","279","200","200",
"1203","2024","","Total Charges for Current Services","24,099","32,200","30,200",
"1204","2024","44000","Other Local Revenues","","","",
"1205","2024","44100","Recurring Items","","","",
"1206","2024","44110","Investment Income","298,729","0","0",
"1207","2024","44120","Lease/Rentals","9,258","10,000","10,000",
"1208","2024","44170","Miscellaneous Refunds","73,181","30,000","30,000",
"1209","2024","44500","Nonrecurring Items","","","",
"1210","2024","44530","Sale of Equipment","9,332","15,000","15,000",
"1211","2024","44560","Damages Recovered from Individuals","1,324","3,000","3,000",
"1212","2024","44570","Contributions and Gifts","11,657","15,000","15,000",
"1213","2024","44990","Other Local Revenues","0","0","0",
"1214","2024","Account No.","Description","Actual 2022-2023","Original Estimate 2023-2024","Estimate 2024-2025",
"1215","2024","","Total Other Local Revenues","403,481","73,000","73,000",
"1216","2024","","Total Local Revenue","6,614,656","5,708,887","5,844,825",
"1217","2024","46000","State of Tennessee","","","",
"1218","2024","46175","On-Behalf Contributions for OPEB","63,566","35,000","35,000",
"1219","2024","46500","State Education Funds","","","",
"1220","2024","46510","Tennessee Investment in Student Achievement","0","23,886,562","24,228,618",
"1221","2024","46511","Basic Education Program","23,055,227","0","0",
"1222","2024","46515","Early Childhood Education","417,763","417,796","490,275",
"1223","2024","46520","School Food Service","","22,000","22,000",
"1224","2024","46550","Driver Education","828","5,000","5,000",
"1225","2024","46590","Other State Education Funds","465,122","240,000","240,000",
"1226","2024","46591","Coordinated School Health","90,000","0","0",
"1227","2024","46594","Family Resource Centers","59,223","0","0",
"1228","2024","46790","Other Vocational","0","0","",
"1229","2024","46610","Career Ladder Program","53,340","45,000","45,000",
"1230","2024","46800","Other State Revenues","","","",
"1231","2024","46851","State Revenue Sharing - TVA","227,133","230,000","230,000",
"1232","2024","46980","Other State Grants","95,158","0","124,847",
"1233","2024","46981","Safe Schools","43,000","0","0",
"1234","2024","46990","Other State Revenues","0","0","258,804",
"1235","2024","","Total State of Tennessee","24,570,360","24,881,358","25,679,544",
"1236","2024","47000","Federal Government","","","",
"1237","2024","47100","Federal Through State","","","",
"1238","2024","47590","Other Federal Through State","102,023","0","",
"1239","2024","47600","Direct Federal Revenue","","","",
"1240","2024","47640","ROTC Reimbursement","39,766","70,000","70,000",
"1241","2024","47990","Other Direct Federal Revenue","166,806","0","0",
"1242","2024","","Total Federal Government","308,595","70,000","70,000",
"1243","2024","48000","Other Governments and Citizens Groups","","","",
"1244","2024","48610","Donations","198,000","0","0",
"1245","2024","48990","Other","197,892","258,804","161,000",
"1246","2024","","Total Other Governments and Citizens Groups","395,892","258,804","161,000",
"1247","2024","","Total Estimated Revenues","31,889,503","30,919,049","31,755,369",
"1248","2024","49000","OTHER SOURCES (NON-REVENUE)","","","",
"1249","2024","49700","Insurance Recovery","193,594","10,000","10,000",
"1250","2024","49800","Transfers In","8,259","25,000","25,000",
"1251","2024","","Total Other Sources","201,853","35,000","35,000",
"1252","2024","","Total Estimated Revenues & Other Sources","32,091,356","30,954,049","31,790,369",
"1253","2024","Account No. Description","Actual 2022-2023","Original Estimate 2023-2024","Estimate 2024-2025",
"1254","2024","ESTIMATED EXPENDITURES","","","",
"1255","2024","71000 Instruction","","","",
"1256","2024","71100 Regular Instruction Program","","","",
"1257","2024","116 Teachers","9,006,758","10,065,910","10,273,253",
"1258","2024","117 Career Ladder Program","42,000","45,000","45,000",
"1259","2024","128 Homebound Teachers","0","10,797","12,000",
"1260","2024","140 Salary Supplements","334,741","414,200","460,000",
"1261","2024","163 Educational Assistants","347,585","402,000","460,000",
"1262","2024","189 Other Salaries and Wages","437,806","405,000","420,000",
"1263","2024","198 Non-Certified Substitute Teachers","182,692","185,000","175,000",
"1264","2024","201 Social Security","752,931","1,095,393","906,162",
"1265","2024","204 State Retirement","787,535","972,254","1,016,744",
"1266","2024","207 Medical Insurance","1,517,010","2,270,840","2,000,000",
"1267","2024","212 Employer Medicare","2,947","0","0",
"1268","2024","215 On-behalf Payments to OPEB","20,490","0","0",
"1269","2024","336 Maint and Repair Service - Equipment","16,000","16,000","12,000",
"1270","2024","399 Other Contracted Services","69,599","85,000","55,000",
"1271","2024","429 Instructional Supplies and Materials","147,908","125,000","125,000",
"1272","2024","449 Textbooks","181,914","175,000","175,000",
"1273","2024","499 Other Supplies and Materials","8,105","10,000","8,000",
"1274","2024","599 Other Charges","850","0","0",
"1275","2024","722 Regular Instructional Equipment","168,656","100,000","50,000",
"1276","2024","Total Instructional Program","14,025,527","16,377,394","16,193,159",
"1277","2024","71150 Alternative Instruction Program","","","",
"1278","2024","116 Teachers","114,800","190,000","195,000",
"1279","2024","163 Educational Assistants","19,811","22,900","25,000",
"1280","2024","201 Social Security","9,968","16,287","16,830",
"1281","2024","204 State Retirement","17,523","19,811","19,656",
"1282","2024","207 Medical Insurance","26,334","33,812","36,179",
"1283","2024","355 Travel","0","3,000","1,500",
"1284","2024","429 Instructional Supplies and Materials","981","1,500","1,500",
"1285","2024","499 Other Supplies and Materials","808","1,500","1,500",
"1286","2024","Total Alternative Schools","190,225","288,810","297,165",
"1287","2024","71200 Special Education Program","","","",
"1288","2024","116 Teachers","1,639,984","1,908,233","1,980,000",
"1289","2024","124 Psychological Personnel","67,344","77,203","0",
"1290","2024","128 Homebound Teachers","4,016","15,000","15,000",
"1291","2024","163 Educational Assistants","340,991","406,000","510,000",
"1292","2024","171 Speech Pathologist","189,303","260,000","300,000",
"1293","2024","201 Social Security","164,432","201,971","214,583",
"1294","2024","204 State Retirement","213,202","237,779","256,948",
"1295","2024","207 Medical Insurance","322,667","359,725","399,706",
"1296","2024","212 Employer Medicare","0","0","0",
"1297","2024","Account No. Description","Actual 2022-2023","Original Estimate 2023-2024","Estimate 2024-2025",
"1298","2024","399 Other Contracted Services","214,770","250,000","180,000",
"1299","2024","429 Instructional Supplies and Materials","0","0","7,000",
"1300","2024","499 Other Supplies and Materials","0","5,000","5,000",
"1301","2024","725 Special Education Equipment","0","0","5,404",
"1302","2024","Total Special Educational Program","3,156,709","3,720,911","3,873,641",
"1303","2024","71300 Career and Technical Education Program","","","",
"1304","2024","116 Teachers","735,588","862,530","900,000",
"1305","2024","140 Supplements","12,000","12,000","6,000",
"1306","2024","189 Other Salaries and Wages","1,200","14,000","14,000",
"1307","2024","198 Non-Certified Substitute Teachers","15,938","20,000","18,000",
"1308","2024","201 Social Security","56,702","68,992","71,757",
"1309","2024","204 State Retirement","65,453","75,277","79,598",
"1310","2024","207 Medical Insurance","103,140","121,439","121,487",
"1311","2024","307 Communications","0","15,000","0",
"1312","2024","355 Travel","1,088","5,500","2,000",
"1313","2024","399 Other Contracted Services","10,000","20,000","0",
"1314","2024","429 Instructional Supplies and Materials","2,886","15,500","11,000",
"1315","2024","449 Text Books","11,154","7,000","7,000",
"1316","2024","471 Software","0","0","139,850",
"1317","2024","499 Other Supplies and Materials","36,986","48,000","25,000",
"1318","2024","524 Inservice","63","3,000","0",
"1319","2024","599 Other Charges","5,538","9,000","3,500",
"1320","2024","730 Vocational Instruction Equipment","3,157","30,000","430,970",
"1321","2024","790 Vocational Other Equipment","0","10,000","10,000",
"1322","2024","Total Vocational Education Program","1,060,893","1,337,238","1,840,162",
"1323","2024","Total Instruction","18,433,354","21,724,353","22,204,127",
"1324","2024","72000 Support Services","","","",
"1325","2024","72110 Attendance","","","",
"1326","2024","105 Supervisor/Director","79,240","85,000","92,000",
"1327","2024","189 Other Salaries & Wages","34,126","36,857","56,000",
"1328","2024","201 Social Security","8,653","9,218","11,322",
"1329","2024","204 State Retirement","10,927","8,312","12,482",
"1330","2024","207 Medical Insurance","11,442","17,244","18,451",
"1331","2024","355 Travel","2,578","3,000","3,000",
"1332","2024","399 Other Contracted Services","8,407","20,000","20,000",
"1333","2024","499 Other Supplies and Materials","1,635","3,000","2,000",
"1334","2024","524 In Service/Staff Development","0","1,000","1,000",
"1335","2024","719 Office Equipment","0","6,000","5,000",
"1336","2024","Total Attendance","157,008","189,631","221,255",
"1337","2024","72120 Health Services","","","",
"1338","2024","105 Supervisor/Director","68,253","71,000","75,000",
"1339","2024","130 Social Workers","0","0","96,000",
"1340","2024","Account No. Description","Actual 2022-2023","Original Estimate 2023-2024","Estimate 2024-2025",
"1341","2024","131 Medical Personnel","163,424","360,000","380,000",
"1342","2024","189 Other Salaries & Wages","51,020","56,000","57,000",
"1343","2024","201 Social security","21,085","37,248","46,512",
"1344","2024","204 State Retirement","27,811","47,354","54,720",
"1345","2024","207 Medical Insurance","22,942","53,588","57,339",
"1346","2024","355 Travel","4,503","5,000","4,000",
"1347","2024","399 Other Contracted Services","4,215","6,000","56,821",
"1348","2024","413 Drugs and Medical Supplies","3,819","5,500","5,500",
"1349","2024","499 Other Supplies and Materials","2,720","3,500","3,500",
"1350","2024","524 Inservice","488","5,000","4,000",
"1351","2024","599 Other Charges","9,068","5,000","5,000",
"1352","2024","735 Health Equipment","9,577","5,500","5,500",
"1353","2024","Total Health Service","388,925","660,690","850,892",
"1354","2024","72130 Other Student Support","","","",
"1355","2024","123 Guidance Personnel","531,343","667,000","685,000",
"1356","2024","189 Other Salaries and Wages","86,190","96,184","190,000",
"1357","2024","201 Social Security","46,374","57,566","66,938",
"1358","2024","204 State Retirement","61,507","57,650","74,885",
"1359","2024","207 Medical Insurance","65,836","78,790","84,305",
"1360","2024","212 Employer Medicare","11","0","0",
"1361","2024","322 Evaluating and Testing","40,000","40,000","20,000",
"1362","2024","344 Payments to Schools - Other","80,000","80,000","80,000",
"1363","2024","355 Travel","2,690","5,000","8,000",
"1364","2024","399 Other Contracted Services","24,412","25,000","25,000",
"1365","2024","499 Other Supplies and Materials","4,000","4,000","4,000",
"1366","2024","524 Inservice","0","3,000","3,000",
"1367","2024","599 Other Charges","1,740","10,000","7,000",
"1368","2024","Total Other Student Support","944,103","1,124,190","1,248,128",
"1369","2024","72210 Regular Instruction Program","","","",
"1370","2024","105 Supervisor/Director","42,100","45,100","119,000",
"1371","2024","129 Librarians","426,777","475,000","485,000",
"1372","2024","161 Secretary(s)","201,768","220,000","235,000",
"1373","2024","162 Clerical Personnel","215,804","255,000","272,000",
"1374","2024","189 Other Salaries and Wages","21,069","20,000","20,000",
"1375","2024","201 Social Security","66,364","78,803","86,522",
"1376","2024","204 State Retirement","85,188","103,692","113,047",
"1377","2024","207 Medical Insurance","154,660","177,615","190,048",
"1378","2024","212 Employer Medicare","23","0","0",
"1379","2024","336 Maint and Repair Services - Equipment","4,000","4,000","4,000",
"1380","2024","355 Travel","1,081","5,000","2,500",
"1381","2024","399 Other Contracted Services","14,680","16,000","16,000",
"1382","2024","432 Library Books and Media","8,000","8,000","8,000",
"1383","2024","499 Other Supplies and Materials","3,168","6,000","5,000",
"1384","2024","524 In-Service/Staff Development","276","2,000","2,000",
"1385","2024","701 Administration Equipment","0","0","0",
"1386","2024","722 Regular Instruction Equipment","10,000","10,000","0",
"1387","2024","Account No. Description","Actual 2022-2023","Original Estimate 2023-2024","Estimate 2024-2025",
"1388","2024","790 Other Equipment","6,790","50,000","0",
"1389","2024","Total Regular Instruction Program","1,261,748","1,476,210","1,558,117",
"1390","2024","72220 Special Education Program","","","",
"1391","2024","105 Supervisor/Director","72,938","84,088","96,742",
"1392","2024","124 Psychological Personnel","0","0","80,000",
"1393","2024","131 Medical Personnel","0","0","65,335",
"1394","2024","189 Other Salaries and Wages","5,000","5,000","5,000",
"1395","2024","196 In-Service Training","425","2,000","2,000",
"1396","2024","201 Social Security","5,843","6,968","19,054",
"1397","2024","204 State Retirement","6,338","7,742","19,683",
"1398","2024","207 Medical Insurance","7,900","8,100","8,667",
"1399","2024","336 Maint and Repair Services - Equipment","794","5,000","5,000",
"1400","2024","355 Travel","7,045","7,500","7,500",
"1401","2024","524 In-Service Training","2,231","7,000","4,000",
"1402","2024","Total Special Education Program","108,514","133,398","312,981",
"1403","2024","72230 Career and Technical Education Program","","","",
"1404","2024","105 Supervisor/Director","167,860","173,500","89,613",
"1405","2024","189 Other Salaries and Wages","2,000","2,000","81,937",
"1406","2024","201 Social Security","7,488","13,426","13,075",
"1407","2024","204 State Retirement","7,204","7,531","13,633",
"1408","2024","207 Medical Insurance","7,542","8,100","24,867",
"1409","2024","336 Maint and Repair Services - Equipment","0","3,000","3,000",
"1410","2024","355 Travel","766","2,000","2,000",
"1411","2024","399 Other Contracted Services","0","0","3,000",
"1412","2024","499 Other Supplies and Materials","1,094","3,000","0",
"1413","2024","524 In-Service Training","0","0","0",
"1414","2024","790 Other Equipment","0","0","0",
"1415","2024","Total Vocational Education Program","193,954","212,557","231,125",
"1416","2024","72250 Technology","","","",
"1417","2024","105 Supervisor","68,253","73,713","74,816",
"1418","2024","189 Other Salaries and Wages","5,167","10,000","70,659",
"1419","2024","201 Social Security","5,589","6,197","11,129",
"1420","2024","204 State Retirement","8,198","9,582","14,511",
"1421","2024","207 Medical Insurance","7,900","8,100","8,667",
"1422","2024","336 Maint and Repair Services - Equipment","1,350","10,000","10,000",
"1423","2024","350 Internet Connectivity","92,786","105,000","105,000",
"1424","2024","355 Travel","354","2,000","2,000",
"1425","2024","399 Other Contracted Services","97,633","105,000","90,000",
"1426","2024","499 Other Supplies and Materials","1,870","2,000","2,000",
"1427","2024","722 Regular Instruction Equipment","31,505","120,000","75,000",
"1428","2024","Total Technology","320,605","451,592","463,782",
"1429","2024","Account No. Description","Actual 2022-2023","Original Estimate 2023-2024","Estimate 2024-2025",
"1430","2024","215 On-Behalf Payments for OPEB","63,566","35,000","35,000",
"1431","2024","Total Other Programs","63,566","35,000","35,000",
"1432","2024","72310 Board of Education","","","",
"1433","2024","191 Board and Committee Members Fees","9,059","16,800","16,800",
"1434","2024","196 In-Service Training","3,381","12,000","12,000",
"1435","2024","201 Social Security","547","2,203","2,203",
"1436","2024","204 Medical Insurance","0","0","15,800",
"1437","2024","305 Audit Services","27,500","35,000","35,000",
"1438","2024","320 Dues and Memberships","19,220","32,000","32,000",
"1439","2024","331 Legal Services","35,426","40,000","40,000",
"1440","2024","355 Travel","0","5,000","5,000",
"1441","2024","399 Other Contracted Services","16,947","17,000","17,000",
"1442","2024","506 Liability Insurance","76,224","150,000","150,000",
"1443","2024","510 Trustees Commission","132,008","140,000","140,000",
"1444","2024","513 Workers Compensation Insurance","166,339","250,000","240,000",
"1445","2024","515 Liability Claims","500","0","0",
"1446","2024","534 Refund to Applicant for Criminal Investigation","0","6,200","1,000",
"1447","2024","599 Other Charges","7,434","10,000","10,000",
"1448","2024","Total Board of Education","494,585","716,203","716,803",
"1449","2024","72320 Director of Schools","","","",
"1450","2024","101 County Official/Administrative Officer","115,000","125,000","125,000",
"1451","2024","117 Career Ladder Program","0","1,000","0",
"1452","2024","161 Secretary(s)","96,768","108,000","116,000",
"1453","2024","201 Social Security","16,062","17,901","18,437",
"1454","2024","204 State Retirement","20,859","24,037","24,984",
"1455","2024","207 Medical Insurance","11,900","14,000","14,980",
"1456","2024","307 Communication","244","3,000","3,000",
"1457","2024","336 Maint and Repair Services - Equipment","11,332","20,000","15,000",
"1458","2024","348 Postal Charges","0","1,000","1,000",
"1459","2024","355 Travel","2,178","3,400","1,400",
"1460","2024","399 Other Contracted Service","672","5,000","5,000",
"1461","2024","435 Office Supplies","1,726","2,500","2,500",
"1462","2024","499 Other Supplies and Materials","2,725","3,500","3,500",
"1463","2024","599 Other Charges","14,349","0","0",
"1464","2024","Total Office of the Superintendent","293,815","328,338","330,801",
"1465","2024","72410 Office of the Principal","","","",
"1466","2024","104 Principals","673,634","780,000","780,000",
"1467","2024","139 Assistant Principals","517,280","570,000","650,000",
"1468","2024","189 Other Salaries and Wages","89,100","96,184","101,507",
"1469","2024","201 Social Security","95,556","110,504","117,160",
"1470","2024","204 State Retirement","112,841","125,892","137,836",
"1471","2024","207 Medical Insurance","134,327","158,612","169,715",
"1472","2024","348 Postal Charges","1,600","1,600","1,000",
"1473","2024","355 Travel","292","3,600","3,000",
"1474","2024","Account No. Description","Actual 2022-2023","Original Estimate 2023-2024","Estimate 2024-2025",
"1475","2024","399 Other Contracted Services","135,991","168,000","130,000",
"1476","2024","701 Administration Equipment","32,444","0","0",
"1477","2024","Total Office of the Principal","1,793,065","2,014,392","2,090,218",
"1478","2024","72510 Fiscal Services","","","",
"1479","2024","399 Other Contracted Services","45,000","50,000","50,000",
"1480","2024","Total Fiscal Services","45,000","50,000","50,000",
"1481","2024","72610 Operation of Plant","","","",
"1482","2024","307 Communication","39,481","50,000","50,000",
"1483","2024","399 Other Contracted Services","717,290","775,000","829,250",
"1484","2024","410 Custodial Supplies","34,018","38,500","38,500",
"1485","2024","415 Electricity","883,028","975,000","1,000,000",
"1486","2024","434 Natural Gas","85,127","200,000","160,000",
"1487","2024","454 Water and Sewer","285,921","315,000","325,000",
"1488","2024","499 Other Supplies and Materials","332","3,500","3,500",
"1489","2024","501 Boiler Insurance","8,412","10,000","10,500",
"1490","2024","502 Building and Contents Insurance","177,538","200,000","250,000",
"1491","2024","790 Other Equipment","0","0","15,000",
"1492","2024","Total Operation of Plant","2,231,147","2,567,000","2,681,750",
"1493","2024","72620 Maintenance of Plant","","","",
"1494","2024","105 Supervisor/Director","63,135","73,713","74,816",
"1495","2024","161 Secretary(s)","12,303","13,489","23,000",
"1496","2024","189 Other Salaries and Wages","223,230","270,000","230,000",
"1497","2024","201 Social Security","23,207","27,275","25,078",
"1498","2024","204 State Retirement","35,376","42,214","41,783",
"1499","2024","207 Medical Insurance","44,829","47,967","51,325",
"1500","2024","335 Maint & Repair Services - Building","461,802","347,600","375,000",
"1501","2024","336 Maint & Repair Services - Equipment","178,716","264,000","275,000",
"1502","2024","355 Travel","3,920","5,000","3,000",
"1503","2024","399 Other Contracted Services","141,278","231,000","250,000",
"1504","2024","418 Equipment and Machinery Parts","0","10,000","10,000",
"1505","2024","499 Other Supplies and Materials","0","1,000","1,000",
"1506","2024","701 Administrative Equipment","0","0","0",
"1507","2024","707 Building Improvements","44,607","0","0",
"1508","2024","717 Maintenance Equipment","0","0","0",
"1509","2024","718 Motor Vehicles","0","0","0",
"1510","2024","Total Maintenance of Plant","1,232,403","1,333,258","1,360,002",
"1511","2024","72710 Transportation","","","",
"1512","2024","105 Supervisor/Director","65,000","70,203","74,816",
"1513","2024","142 Mechanic(s)","84,639","140,000","130,000",
"1514","2024","146 Bus Drivers","679,508","790,000","865,000",
"1515","2024","161 Secretary(s)","12,303","13,489","23,000",
"1516","2024","Account No. Description","Actual 2022-2023","Original Estimate 2023-2024","Estimate 2024-2025",
"1517","2024","201 Social Security","61,781","76,612","83,600",
"1518","2024","204 State Retirement","102,435","91,000","129,389",
"1519","2024","207 Medical Insurance","107,800","113,000","120,910",
"1520","2024","212 Employer Medicare","382","0","0",
"1521","2024","299 Other Fringe Benefits","17,445","37,500","25,000",
"1522","2024","335 Maintenance and Repair Services - Building","0","5,000","5,000",
"1523","2024","338 Maintenance and Repair Services - Vehicles","9,596","30,000","30,000",
"1524","2024","355 Travel","0","3,000","3,000",
"1525","2024","399 Other Contracted Services","39,355","60,000","60,000",
"1526","2024","412 Diesel Fuel","153,178","220,000","200,000",
"1527","2024","418 Equipment and Machinery Parts","0","2,000","2,000",
"1528","2024","424 Garage Supplies","0","4,000","3,000",
"1529","2024","425 Gasoline","39,294","45,000","45,000",
"1530","2024","433 Lubricants","1,754","12,000","12,000",
"1531","2024","442 Propane","45,611","75,000","70,000",
"1532","2024","450 Tires and Tubes","17,963","30,000","25,000",
"1533","2024","453 Vehicles Parts","62,437","115,000","100,000",
"1534","2024","511 Vehicle and Equipment Insurance","44,384","50,000","65,000",
"1535","2024","599 Other Charges","0","5,000","5,000",
"1536","2024","718 Motor Vehicles","0","80,000","0",
"1537","2024","729 Transportation Equipment","435,672","478,500","160,000",
"1538","2024","790 Other Equipment","0","0","0",
"1539","2024","Total Transportation","1,980,537","2,546,304","2,236,715",
"1540","2024","72810 Central and Other","","","",
"1541","2024","201 Social Security","210","383","383",
"1542","2024","210 Unemployment Compensation","0","35,000","20,000",
"1543","2024","299 Other Fringe Benefits","2,675","5,000","5,000",
"1544","2024","316 Contributions","140,000","152,500","50,000",
"1545","2024","399 Other Contracted Services","9,876","35,000","50,000",
"1546","2024","499 Other Supplies and Materials","13,111","30,000","15,000",
"1547","2024","599 Other Charges","47,748","148,980","40,000",
"1548","2024","Total Central and Other","213,620","406,863","180,383",
"1549","2024","Total Support Services","11,722,595","14,245,626","14,567,952",
"1550","2024","73000 Operation of Non-Instructional Services","","","",
"1551","2024","73100 Food Service","","","",
"1552","2024","105 Supervisor/Director","32,500","36,000","37,500",
"1553","2024","165 Cafeteria Personnel","16,800","0","0",
"1554","2024","201 Social Security","3,528","2,754","2,869",
"1555","2024","204 State Retirement","5,192","4,262","4,440",
"1556","2024","212 Employer Medicare","244","0","0",
"1557","2024","Total Food Service","58,264","43,016","44,809",
"1558","2024","Account No. Description","Actual 2022-2023","Original Estimate 2023-2024","Estimate 2024-2025",
"1559","2024","105 Supervisor/Director","34,126","36,900","0",
"1560","2024","189 Other Salaries and Wages","60,934","68,000","74,548",
"1561","2024","201 Social security","7,145","8,025","5,703",
"1562","2024","204 State Retirement","10,679","12,420","8,826",
"1563","2024","207 Medical Insurance","18,911","19,289","16,200",
"1564","2024","499 Other Supplies and Materials","4,997","5,000","5,000",
"1565","2024","719 Office Equipment","300","5,000","5,000",
"1566","2024","Total Community Services","137,092","154,634","115,277",
"1567","2024","73400 Early Childhood Education","","","",
"1568","2024","105 Supervisor/Director","42,100","45,100","47,100",
"1569","2024","116 Teachers","195,989","218,000","223,789",
"1570","2024","163 Educational Assistants","66,552","80,000","84,662",
"1571","2024","189 Other Salaries and Wages","10,133","12,000","12,000",
"1572","2024","198 Non-Certified Substitute Teachers","0","5,000","5,000",
"1573","2024","201 Social Security","23,192","27,548","28,500",
"1574","2024","204 Retirement","29,301","32,000","25,678",
"1575","2024","207 Medical Insurance","51,479","64,940","50,326",
"1576","2024","355 Travel","0","500","500",
"1577","2024","399 Other Contracted Services","0","2,000","0",
"1578","2024","429 Instructional Supplies and Materials","10,642","10,500","10,500",
"1579","2024","449 Textbooks-Bound","1,955","0","0",
"1580","2024","499 Other Supplies and Materials","14,849","10,500","14,500",
"1581","2024","524 Inservice","0","2,000","2,000",
"1582","2024","790 Other Equipment","10,972","15,000","15,000",
"1583","2024","Total Early Childhood Education","457,164","525,088","519,555",
"1584","2024","Total Operation of Non-Instructional Services","652,520","722,738","679,641",
"1585","2024","76000 Capital Outlay","","","",
"1586","2024","76100 Regular Capital Outlay","","","",
"1587","2024","304 Architects","0","0","97,072",
"1588","2024","399 Other Contracted Services","0","0","2,254",
"1589","2024","706 Building Construction","0","0","790,928",
"1590","2024","707 Building Improvements","0","0","137,000",
"1591","2024","790 Other Equipment","0","0","6,000",
"1592","2024","799 Other Capital Outlay","330,015","2,011,000","635,000",
"1593","2024","Total Regular Capital Outlay","330,015","2,011,000","1,668,254",
"1594","2024","82300 Other Debt Service","","","",
"1595","2024","82330 Education","","","",
"1596","2024","620 Debt Service Contribution to Primary Government","0","0","0",
"1597","2024","Total Regular Capital Outlay","0","0","0",
"1598","2024","Total Estimated Expenditures","31,138,484","38,703,717","39,119,974",
"1599","2024","Account No. Description","Actual 2022-2023","Original Estimate 2023-2024","Estimate 2024-2025",
"1600","2024","99000 ESTIMATED OTHER USES","","","",
"1601","2024","99100 Transfers Out","","","",
"1602","2024","590 Transfers to Other Funds","0","0","0",
"1603","2024","Total Estimated Other Uses","0","0","0",
"1604","2024","Total Estimated Expenditures and Other Uses","31,138,484","38,703,717","39,119,974",
"1605","2024","Excess of Estimated Revenues Over (Under) Estimated Expenditures","952,872","(7,749,668)","(7,329,605)",
"1606","2024","Estimated Beginning Fund Balances July 1","12,115,861","13,068,733","11,968,733",
"1607","2024","Fund Balance Audit Adjustment Estimated Ending Fund Balances June 30","13,068,733","5,319,065","4,639,128",
"1608","2024","Account No Description","Actual 2022-2023","Original Estimated 2023-2024","Estimated 2024-2025",
"1609","2024","ESTIMATED REVENUES","","","",
"1610","2024","43000 CHARGES FOR CURRENT SERVICES","","","",
"1611","2024","43500 Education Charges","","","",
"1612","2024","43521 Lunch Payments Children","340,953","540,000","0",
"1613","2024","43522 Lunch Payments Adults","30,045","75,000","28,498",
"1614","2024","43523 Income from Breakfast","87,940","85,000","2,969",
"1615","2024","43525 A la Carte Sales","115,256","175,000","225,000",
"1616","2024","Total Charges for Current Services","574,194","875,000","256,467",
"1617","2024","44000 OTHER LOCAL REVENUES","","","",
"1618","2024","44100 Recurring Items","","","",
"1619","2024","44110 Investment Income","2,221","1,000","1,000",
"1620","2024","44500 Non-Recurring Items","","","",
"1621","2024","44530 Sale of Equipment","0","0","0",
"1622","2024","Total Other Local Revenues","2,221","1,000","1,000",
"1623","2024","46000 STATE OF TENNESSEE","","","",
"1624","2024","46500 State Education Funds","","","",
"1625","2024","46520 School Food Service","16,734","0","0",
"1626","2024","46800 Other State Revenue","","","",
"1627","2024","46980 Other State Grants","0","0","0",
"1628","2024","46990 Other State Revenue","397","0","0",
"1629","2024","Total State of Tennessee","17,131","0","0",
"1630","2024","47000 FEDERAL GOVERNMENT","","","",
"1631","2024","47100 Federal Through State","","","",
"1632","2024","47111 USDA School Lunch Program","1,063,615","1,035,000","1,700,000",
"1633","2024","47112 USDA-Commodities","133,059","0","0",
"1634","2024","47113 Breakfast","387,076","540,000","750,000",
"1635","2024","47114 USDA-Other","176,363","35,970","0",
"1636","2024","Total Federal Government","1,760,113","1,610,970","2,450,000",
"1637","2024","TOTAL ESTIMATED REVENUE","2,353,659","2,486,970","2,707,467",
"1638","2024","49000 ESTIMATED OTHER SOURCES(NON-REVENUE) 49800 Transfer In","0","0","0",
"1639","2024","TOTAL ESTIMATE OTHER SOURCES","0","0","0",
"1640","2024","TOTAL ESTIMATED REVENUE AND OTHER SOURCE","2,353,659","2,486,970","2,707,467",
"1641","2024","Account No Description","Actual 2022-2023","Estimated 2023-2024","Estimated 2024-2025",
"1642","2024","ESTIMATED EXPENDITURES","","","",
"1643","2024","73000 OPERATION OF NON-INSTRUCTIONAL SERVICES","","","",
"1644","2024","73100 Food Services","","","",
"1645","2024","105 Supervisor/Director","32,503","37,000","38,500",
"1646","2024","119 Accountants/Bookkeeper","123,963","155,000","175,000",
"1647","2024","165 Cafeteria Personnel","490,032","657,000","675,000",
"1648","2024","189 Other Salaries & Wages","0","0","53,221",
"1649","2024","201 Social Security","43,571","64,948","72,042",
"1650","2024","204 State Retirement","69,507","100,522","111,500",
"1651","2024","207 Medical Insurance","48,000","135,000","145,000",
"1652","2024","307 Communication","3,118","3,500","4,200",
"1653","2024","336 Maint & Repair Services - Equipment","91,792","59,000","75,000",
"1654","2024","354 Transportation - Other than Students","4,251","5,000","5,000",
"1655","2024","355 Travel","3,501","4,000","3,000",
"1656","2024","399 Other Contracted Services","42,299","59,000","59,000",
"1657","2024","422 Food Supplies","848,662","1,213,000","1,150,000",
"1658","2024","422-SCA Food Supplies-Supply Chain","78,612","0","0",
"1659","2024","452 Utilities","1,279","3,000","30,000",
"1660","2024","469 USDA-Commodities","133,059","0","0",
"1661","2024","499 Other Supplies and Materials","102,255","198,024","175,000",
"1662","2024","599 Other Charges","21,699","25,000","27,500",
"1663","2024","710 Food Service Equipment","12,750","180,500","450,000",
"1664","2024","Total Food Service","2,150,853","2,899,494","3,248,963",
"1665","2024","Total Estimated Expenditures","2,150,853","2,899,494","3,248,963",
"1666","2024","Excess of Estimated Revenues Over","","","",
"1667","2024","(Under) Estimated Expenditures","202,806","(412,524)","(541,496)",
"1668","2024","Estimated Beginning Fund Balance July 1","1,091,080","1,293,886","1,173,886",
"1669","2024","Estimated Ending Fund Balance June 30","1,293,886","881,362","632,390",
"1670","2024","Account No. Description","Actual 2022-2023","Original Estimated 2023-2024","Estimated 2024-2025",
"1671","2024","ESTIMATED REVENUES","","","",
"1672","2024","40000 LOCAL TAXES","","","",
"1673","2024","40100 County Property Taxes","","","",
"1674","2024","40110 Current Property Taxes","87,373","85,582","0",
"1675","2024","40120 Trustee's Collection-Prior Year","1,780","3,000","2,000",
"1676","2024","40125 Trustee's Collection-Bankruptcy","18","100","100",
"1677","2024","40130 Circuit/Clerk & Master Coll-Prior Years","930","1,500","735",
"1678","2024","40140 Interest & Penalty","390","500","500",
"1679","2024","40161 Payments in lieu of Taxes-TVA","97","150","150",
"1680","2024","Total County Property Taxes","90,588","90,832","3,485",
"1681","2024","40200 County Local Option Taxes","","","",
"1682","2024","40210 Local Option Sales Taxes","1,820,400","1,700,000","250,000-",
"1683","2024","40240 Wheel Tax","827,497","850,000","850,000",
"1684","2024","40270 Business Tax","1,390","1,300","1,300",
"1685","2024","Total County Local Option Taxes","2,649,287","2,551,300","1,101,300",
"1686","2024","Total Local Taxes","2,739,875","2,642,132","1,104,785",
"1687","2024","44000 OTHER LOCAL REVENUES","","","",
"1688","2024","44100 Recurring Items","","","",
"1689","2024","44110 Investment Income","522,345","300,000","650,000",
"1690","2024","Total Recurring Items","522,345","300,000","650,000",
"1691","2024","44500 Nonrecurring Items","","","",
"1692","2024","44990 Other Local Revenue","0","0","0",
"1693","2024","Total Nonrecurring Items","0","0","0",
"1694","2024","Total Other Local Revenues","522,345","300,000","650,000",
"1695","2024","46000 STATE OF TENNESSEE","","","",
"1696","2024","46800 Other State Revenues","","","",
"1697","2024","46851 State Revenue Sharing-TVA","6,312","6,312","6,431",
"1698","2024","Total State of Tennessee","6,312","6,312","6,431",
"1699","2024","Account No. Description","Actual 2022-2023","Original Estimated 2023-2024","Estimated 2024-2025",
"1700","2024","48130 Contributions","0","27,219","0",
"1701","2024","Total Other Governments and Citizens Groups","0","27,219","0",
"1702","2024","Total Estimated Revenues","3,268,532","2,975,663","1,761,216",
"1703","2024","49000 ESTIMATED OTHER SOURCES","","","",
"1704","2024","49200 Notes Issued","0","0","0",
"1705","2024","49800 Transfers In","487,998","296,975","608,373",
"1706","2024","Total Estimated Other Sources","487,998","296,975","608,373",
"1707","2024","Total Estimated Revenues and Other Sources","3,756,530","3,272,638","2,369,589",
"1708","2024","ESTIMATED EXPENDITURES","","","",
"1709","2024","82100 PRINCIPAL ON DEBT","","","",
"1710","2024","82110 General Government","","","",
"1711","2024","602 Principal on Notes","128,353","133,707","139,554",
"1712","2024","612 Principal on Other Loans","427,000","443,780","459,000",
"1713","2024","Total General Government","555,353","577,487","598,554",
"1714","2024","82120 Highways and Streets","","","",
"1715","2024","602 Principal on Notes","159,100","164,100","167,200",
"1716","2024","Total Highways and Streets","159,100","164,100","167,200",
"1717","2024","82130 Education","","","",
"1718","2024","612 Principal on Other Loans","1,697,424","1,449,147","1,411,000",
"1719","2024","Total Education","1,697,424","1,449,147","1,411,000",
"1720","2024","Total Principal Payments","2,411,877","2,190,734","2,176,754",
"1721","2024","82200 INTEREST ON DEBT","","","",
"1722","2024","82210 General Government","","","",
"1723","2024","604 Interest on Notes","55,825","50,473","44,627",
"1724","2024","613 Interest on Other Loans","103,838","110,981","113,874",
"1725","2024","Total General Government","159,663","161,454","158,501",
"1726","2024","82220 Highway and Streets","","","",
"1727","2024","604 Interest on Notes","36,093","32,875","28,891",
"1728","2024","Total Highways and Streets","36,093","32,875","28,891",
"1729","2024","Account No. Description","Actual 2022-2023","Original Estimated 2023-2024","Estimated 2024-2025",
"1730","2024","82230 Education","","","",
"1731","2024","613 Interest on other Loans","287,622","297,230","376,651",
"1732","2024","Total Education","287,622","297,230","376,651",
"1733","2024","82300 OTHER DEBT SERVICE","","","",
"1734","2024","82310 General Government","","","",
"1735","2024","510 Trustees Commission","28,328","45,000","45,000",
"1736","2024","699 Other Debt Service","23,130","21,608","19,099",
"1737","2024","Total General Government","51,458","66,608","64,099",
"1738","2024","82320 Highway and Streets","","","",
"1739","2024","699 Other Debt Service","0","0","0",
"1740","2024","Total Highways and Streets","0","0","0",
"1741","2024","82330 Education","","","",
"1742","2024","699 Other Debt Service","54,177","47,578","40,369",
"1743","2024","Total Education","54,177","47,578","40,369",
"1744","2024","Total Interest Payments","589,013","605,745","668,510",
"1745","2024","Total Principal and Interest Payments","3,000,890","2,796,479","2,845,264",
"1746","2024","99000 OTHER USES","","","",
"1747","2024","99100 Transfers Out","","","",
"1748","2024","590 Transfers to Other Funds","0","0","0",
"1749","2024","Total Estimated Other Uses","0","0","0",
"1750","2024","Total Estimated Expenditures and Other Uses","3,000,890","2,796,479","2,845,264",
"1751","2024","Excess of Estimated Revenues and Other Sources Over","","","",
"1752","2024","(Under) Estimated Expenditures and Other Uses","755,640","476,159","(475,675)",
"1753","2024","Estimated Beginning Fund Balance, July 1","3,283,713","4,039,353","5,400,000",
"1754","2024","Fund Balance Audit Adjustment","","","",
"1755","2024","Estimated Ending fund Balance, June 30","4,039,353","4,515,512","4,924,325",
"1756","2024","Account No.","Description","Actual 2022-2023","Original Estimated 2023-2024","Estimated 2024-2025",
"1757","2024","","ESTIMATED REVENUE","","","",
"1758","2024","","OPERATING REVENUE","","","",
"1759","2024","43000","CHARGES FOR CURRENT SERVICES","","","",
"1760","2024","43100","General Services Charges","","","",
"1761","2024","43106","Commercial & Industrial Collection Charge","232,096","140,000","212,000",
"1762","2024","43107","Residential Waste Collection Charge","129,385","100,000","135,000",
"1763","2024","43110","Tipping Fees","78,485","50,000","50,000",
"1764","2024","43114","Solid Waste Disposal Fee","856,684","850,000","850,000",
"1765","2024","","Total Charges for Current Services","1,296,650","1,140,000","1,247,000",
"1766","2024","44000","OTHER LOCAL REVENUES","","","",
"1767","2024","44100","Recurring Items","","","",
"1768","2024","44110","Investment Income","15,406","6,000","30,000",
"1769","2024","44120","Lease/Rentals","86,084","65,000","58,000",
"1770","2024","44145","Sale of Recycled Materials","108,266","100,000","150,000",
"1771","2024","44170","Miscellaneous Refunds","0","0","0",
"1772","2024","","Total Recurring Items","209,756","171,000","238,000",
"1773","2024","44500","Non-Recurring Items","","","",
"1774","2024","44530","Sale of Equipment","0","15,000","15,000",
"1775","2024","","Total Non-Recurring Items","0","15,000","15,000",
"1776","2024","","Total Other Local Revenues","209,756","186,000","253,000",
"1777","2024","46000","STATE OF TENNESSEE","","","",
"1778","2024","46100","General Government Grants","","","",
"1779","2024","46170","Solid Waste Grants","0","0","0",
"1780","2024","46400","Public Works Grants","","","",
"1781","2024","46430","Litter Program","32,608","49,300","49,300",
"1782","2024","","Total Public Works Grants","32,608","49,300","49,300",
"1783","2024","46800","Other State Revenues","","","",
"1784","2024","46980","Other State Grants","1,866","0","0",
"1785","2024","46990","Other State Revenues","0","9,000","9,000",
"1786","2024","","Total Other State Revenues","1,866","9,000","9,000",
"1787","2024","","Total State of Tennessee","34,474","58,300","58,300",
"1788","2024","Account No.","Description","Actual 2022-2023","Original Estimated 2023-2024","Estimated 2024-2025",
"1789","2024","47100","Federal Through State","","","",
"1790","2024","47230","Disaster Relief","33,594.00","0.00","0.00",
"1791","2024","47235","Homeland Security Grants","0","0","0",
"1792","2024","","Total Federal Through State","33,594","0","0",
"1793","2024","","Total Federal Government","33,594","0","0",
"1794","2024","48000","OTHER GOVERNMENTS AND CITIZENS GROUPS","","","",
"1795","2024","48100","Other Governments","","","",
"1796","2024","48140","Contracted Services","214,477","245,000","215,000",
"1797","2024","","Total Other Governments","214,477","245,000","215,000",
"1798","2024","49000","Non-Revenue","","","",
"1799","2024","49100","Bonds Issured","0","0","0",
"1800","2024","49700","Insurance Recovery","15,840","0","0",
"1801","2024","49800","Transfer In","0","0","0",
"1802","2024","","Total Estimated Revenues","1,804,791","1,629,300","1,773,300",
"1803","2024","","ESTIMATED EXPENDITURES","","","",
"1804","2024","55000","PUBLIC HEALTH AND WELFARE","","","",
"1805","2024","55710","Sanitation Management","","","",
"1806","2024","105","Supervisor/Director","61,687","63,007","66,157",
"1807","2024","106","Deputy(ies)","36,109","37,933","39,829",
"1808","2024","121","Data Processing Personnel","19,903","28,392","29,528",
"1809","2024","140","Salary Supplements","750","1,125","1,500",
"1810","2024","143","Equipment Operators","75,855","79,608","82,578",
"1811","2024","144","Equipment Operators-Heavy","40,647","41,868","80,000",
"1812","2024","149","Laborers","95,030","126,000","96,264",
"1813","2024","162","Clerical Personnel","33,007","34,360","36,078",
"1814","2024","169","Part-Time Personnel","107,852","124,817","131,058",
"1815","2024","186","Longevity Pay","11,300","11,700","12,100",
"1816","2024","187","Overtime Pay","16,730","20,000","21,000",
"1817","2024","201","Social Security","36,697","44,000","46,000",
"1818","2024","204","State Retirement","41,007","57,000","58,000",
"1819","2024","207","Medical Insurance","94,131","130,000","130,000",
"1820","2024","302","Advertising","0","2,500","2,000",
"1821","2024","307","Communication","3,910","8,000","5,900",
"1822","2024","309","Contracts with Government Agencies","6,239","10,000","0",
"1823","2024","317","Data Processing Services","3,495","7,200","7,918",
"1824","2024","318","Debt Collection Services","13,280","9,000","14,000",
"1825","2024","331","Legal Services","0","1,000","1,000",
"1826","2024","332","Legal Notices, Recording, and Court Cost","902","1,500","1,500",
"1827","2024","335","Maintenance and Repair Services - Buildings","14,652","15,000","30,000",
"1828","2024","336","Maintenance & Repair Services - Equipment","92,822","60,000","75,000",
"1829","2024","338","Maintenance & Repair Services - Vehicles","12,177","25,000","25,000",
"1830","2024","347","Pest Control","1,620","1,800","1,800",
"1831","2024","Account No. Description","Actual 2022-2023","Original Estimated 2023-2024","Estimated 2024-2025",
"1832","2024","348 Postal Charges","4,100","5,700","5,700",
"1833","2024","349 Printing, Stationery and Forms","630","2,000","2,000",
"1834","2024","351 Rentals","19,494","20,000","20,000",
"1835","2024","355 Travel","1,365","2,500","500",
"1836","2024","359 Disposal Fees","659,165","600,000","750,000",
"1837","2024","399 Other Contracted Services","3,873","5,000","10,000",
"1838","2024","410 Custodial Supplies","0","1,800","1,800",
"1839","2024","412 Diesel Fuel","70,700","95,000","95,000",
"1840","2024","415 Electricity","17,631","19,000","19,000",
"1841","2024","420 Fertilizer, Lime Chemicals and Seed","0","2,000","2,000",
"1842","2024","425 Gasoline","4,290","8,000","8,000",
"1843","2024","433 Lubricants","2,794","5,000","8,600",
"1844","2024","435 Office Supplies","2,605","4,000","4,000",
"1845","2024","436 Other Road Materials","881","5,000","5,000",
"1846","2024","446 Small Tools","1,546","2,000","2,000",
"1847","2024","450 Tires and Tubes","9,461","15,000","15,000",
"1848","2024","451 Uniforms","1,427","5,000","0",
"1849","2024","452 Utilities","12,842","18,000","18,000",
"1850","2024","462 Wire","0","7,000","8,230",
"1851","2024","463 Testing","779","15,000","15,000",
"1852","2024","499 Other Supplies and Materials","2,255","5,000","5,000",
"1853","2024","510 Trustees Commission","15,069","18,000","20,000",
"1854","2024","514 Depreciation","119,552","45,171","45,171",
"1855","2024","517 Surcharge","9,642","9,000","10,000",
"1856","2024","524 In Service/Staff Development","549","650","650",
"1857","2024","612 Principal on Other Loans","75,000","77,000","78,000",
"1858","2024","613 Interest on Other Loans","6,660","20,193","18,368",
"1859","2024","718 Motor Vehicles","0","0","0",
"1860","2024","719 Office Equipment","376","5,000","2,500",
"1861","2024","733 Solid Waste Equipment","3,000","0","0",
"1862","2024","791 Other Construction","4,800","15,000","15,000",
"1863","2024","Total Sanitation Management","1,870,288","1,972,824","2,178,729",
"1864","2024","60000 HIGHWAYS","","","",
"1865","2024","64000 Litter and Trash Collection","","","",
"1866","2024","105 Supervisor/Director","25,265","25,900","25,900",
"1867","2024","429 Instructional Supply and Materials","12,325","12,325","12,325",
"1868","2024","599 Other Charges","9,270","11,075","11,075",
"1869","2024","Total Litter and Trash Collection","46,860","49,300","49,300",
"1870","2024","90000 CAPITAL PROJECTS","","","",
"1871","2024","91140 Public Health and Welfare Projects","","","",
"1872","2024","799 Other Capital Outlay-Reserve","18,488","56,000","16,000",
"1873","2024","799-GRT Other Capital Outlay-Grant","0","0","0",
"1874","2024","799-GRT1 Other Capital Outlay-Grant 1","0","0","0",
"1875","2024","799-LOAN Other Capital Outlay-Loan","37,393","0","0",
"1876","2024","Total Public Health and Welfare Projects","55,881","56,000","16,000",
"1877","2024","Account No. Description","Actual 2022-2023","Original Estimated 2023-2024","Estimated 2024-2025",
"1878","2024","Total Estimated Expenditures","1,973,029","2,078,124","2,244,029",
"1879","2024","Excess of Estimated Revenue Over (under)","","","",
"1880","2024","Estimated Expenditures","(168,238)","(448,824)","(470,729)",
"1881","2024","Estimated Beginning Fund Balance July 1","1,153,795","985,557","550,000",
"1882","2024","Fund Balance Audit Adjustment","","","",
"1883","2024","Estimated Ending Fund Balance June 30","985,557","536,733","79,271",
"1884","2024",
