a,b,c,d,e,f,g
cols=6,155,2021,Account No. Description,Actual 2019-2020,Original Estimated 2020-2021,Estimated 2021-2022
cols=6,156,2021,ESTIMATED REVENUES,,,
cols=6,157,2021,40000 LOCAL TAXES,,,
cols=6,158,2021,40100 County Property Taxes,,,
cols=6,159,2021,40110 Current Property Taxes,"7,942,460","7,690,527","8,162,976"
cols=6,160,2021,40120 Trustees Collection Prior Year,"196,297","190,000","190,000"
cols=6,161,2021,40125 Trustees Collection-Bankruptcy,"1,822",0,"1,000"
cols=6,162,2021,40130 Clerk & Master Prior Years,"68,622","100,000","100,000"
cols=6,163,2021,40140 Interest and Penalty,"41,369","40,000","40,000"
cols=6,164,2021,40161 Payments in Lieu of Taxes TVA,"8,871","8,500","8,500"
cols=6,165,2021,40162 Payments in Lieu of Taxes-Loc Utilities,"28,658","28,000","29,000"
cols=6,166,2021,40163 Payments in Lieu of Taxes-Other,"18,474","10,000","20,000"
cols=6,167,2021,Total County Property Taxes,"8,306,573","8,067,027","8,551,476"
cols=6,168,2021,40200 County Local Option Taxes,,,
cols=6,169,2021,40210 Local Option Sales Tax,0,0,0
cols=6,170,2021,40220 Hotel/Motel Tax,"14,061","15,000","32,000"
cols=6,171,2021,40250 Litigation Tax General,"86,491","90,000","50,000"
cols=6,172,2021,40260 Litigation Tax-Special Purpose,"11,589","12,000","7,500"
cols=6,173,2021,"40266 Litigation Tax-Jail, Workhouse, Courthouse","76,885","80,000","50,000"
cols=6,174,2021,40267 Litigation Tax-Victim Offender,"5,181",0,"3,000"
cols=6,175,2021,40270 Business Tax,"88,355","80,000","80,000"
cols=6,176,2021,40275 Mixed Drink Tax,0,0,0
cols=6,177,2021,Total County Local Option Taxes,"282,562","277,000","222,500"
cols=6,178,2021,40300 Statutory Local Taxes,,,
cols=6,179,2021,40320 Bank Excise Tax,"23,744","20,000","26,000"
cols=6,180,2021,40330 Wholesale Beer Tax,"237,730","242,000","242,000"
cols=6,181,2021,40390 Other Statutory Local Taxes,0,0,"5,000"
cols=6,182,2021,Total Local Option Taxes,"261,474","262,000","273,000"
cols=6,183,2021,TOTAL LOCAL TAXES,"8,850,609","8,606,027","9,046,976"
cols=6,184,2021,41000 LICENSES AND PERMITS,,,
cols=6,185,2021,41100 Licenses,,,
cols=6,186,2021,41140 Cable TV Franchise,"49,272","48,000","48,000"
cols=6,187,2021,41500 Permits,,,
cols=6,188,2021,41510 Beer Permits,"3,918","4,500","3,500"
cols=6,189,2021,41520 Building Permits,"74,846","80,000","100,000"
cols=6,190,2021,TOTAL LICENSES AND PERMITS,"128,036","132,500","151,500"
cols=7,191,2021,Account No. Description,Actual 2019-2020,Original Estimated 2020-2021,Estimated 2021-2022
cols=7,192,2021,42000 FINES FORFEITURES AND PENALTIES,,,
cols=7,193,2021,42100 Circuit Court,,,
cols=7,194,2021,42110 Fines,"5,369","6,000","4,200"
cols=7,195,2021,42120 Officers Cost,"3,415","3,200","3,200"
cols=7,196,2021,42141 Drug Court Fees,750,"1,000",600
cols=7,197,2021,42150 Jail Fees,929,900,"1,000"
cols=7,198,2021,42180 DUI Treatment Fines,760,500,300
cols=7,199,2021,42190 Data Entry Fee-Circuit Court,533,600,300
cols=7,200,2021,Total Circuit Court,"11,756","12,200","9,600"
cols=7,201,2021,42200 Criminal Court,,,
cols=7,202,2021,42280 DUI Treatment Fines,613,600,400
cols=7,203,2021,Total Criminal Court,613,600,400
cols=7,204,2021,42300 General Sessions Court,,,
cols=7,205,2021,42310 Fines,"5,381","8,000","7,000"
cols=7,206,2021,42320 Officers Cost,"27,550","30,000","22,000"
cols=7,207,2021,42330 Game and Fish Fines,"1,487","2,000",300
cols=7,208,2021,42341 Drug Court Fees,"1,779","3,000","2,000"
cols=7,209,2021,42350 Jail Fees,"7,632","9,000","7,000"
cols=7,210,2021,42380 DUI Treatment Fines,"1,882","2,500","2,000"
cols=7,211,2021,42390 Data Entry Fee-General Sessions,"11,942","12,500","7,500"
cols=7,212,2021,Total General Sessions Court,"57,653","67,000","47,800"
cols=7,213,2021,42400 Juvenile Court,,,
cols=7,214,2021,42410 Fines,0,0,0
cols=7,215,2021,42490 Data Entry Fee-Juvenile Court,0,0,0
cols=7,216,2021,Total Juvenile Court,0,0,0
cols=7,217,2021,42500 Chancery Court,,,
cols=7,218,2021,42520 Officers Costs,"1,879","2,000","1,000"
cols=7,219,2021,42530 Data Entry Fee-Chancery Court,"2,412","2,500","2,500"
cols=7,220,2021,Total Chancery Court,"4,291","4,500","3,500"
cols=7,221,2021,42800 Judicial District Drug Program,,,
cols=7,222,2021,42871 Courtroom Security Fee,"6,272","7,000","10,000"
cols=7,223,2021,Total Judicial District Drug Program,"6,272","7,000","10,000"
cols=7,224,2021,"42900 Other Fines, Forfeitures, and Seizures",,,
cols=7,225,2021,42910 Proceeds from Confiscated Property,"2,226","3,000","3,000"
cols=7,226,2021,"42990 Other Fines, Forfeitures, and Penalties","7,600","7,200","1,500"
cols=7,227,2021,"Total Other Fines, Forfeitures and Seizures","9,826","10,200","4,500"
cols=7,228,2021,Account No. Description,Actual 2019-2020,Original Estimated 2020-2021,Estimated 2021-2022
cols=7,229,2021,"TOTAL FINES, FORFEITURES AND PENALTIES","90,411","101,500","75,800"
cols=7,230,2021,43000 CHARGES FOR CURRENT SERVICES,,,
cols=7,231,2021,43100 General Services,,,
cols=7,232,2021,43102 Other Employee Benefit Charges/Contrib,"34,087","32,000","32,000"
cols=7,233,2021,43120 Patient Charges,"1,247,192","1,300,000","1,200,000"
cols=7,234,2021,43190 Other General Services,170,0,0
cols=7,235,2021,Total Charges for General Services,"1,281,449","1,332,000","1,232,000"
cols=7,236,2021,43300 Fees,,,
cols=7,237,2021,43350 Copy Fees,"1,182","1,500","1,500"
cols=7,238,2021,43350-LIB Copy Fees-Library,"7,359","9,000","3,500"
cols=7,239,2021,43360 Library Fees,816,"1,000",150
cols=7,240,2021,43365 Archives and Records Management Fees,"15,589","16,000","10,000"
cols=7,241,2021,43370 Telephone Commissions,"44,577","40,000","45,000"
cols=7,242,2021,43392 Data Processing Fees Register,"12,554","12,000","12,500"
cols=7,243,2021,43393 Probation Fees,"1,520","1,500","1,000"
cols=7,244,2021,43394 Data Processing Fees-Sheriff,169,225,150
cols=7,245,2021,43395 Sexual Offenders Registration Fees-Sheriff,"7,548","7,500","7,500"
cols=7,246,2021,43396 Data Processing Fee-County Clerk,540,500,500
cols=7,247,2021,43399 Vehicle Insurance Coverage and Reinstatement F,910,600,"1,000"
cols=7,248,2021,Total Charges for Fees,"92,764","89,825","82,800"
cols=7,249,2021,TOTAL CHARGES FOR CURRENT SERVICES,"1,374,213","1,421,825","1,314,800"
cols=7,250,2021,44000 OTHER LOCAL REVENUES,,,
cols=7,251,2021,44100 Recurring items,,,
cols=7,252,2021,44110 Investment Income,0,0,0
cols=7,253,2021,44110-LIB Investment Income-Library,"7,774","1,500","1,500"
cols=7,254,2021,44120 Lease/Rentals,"6,302","7,275","5,000"
cols=7,255,2021,44130 Sale of Materials and Supplies,0,0,0
cols=7,256,2021,44131 Commissary Sales,"13,058","11,500","14,000"
cols=7,257,2021,44146 E-Rate Funding,0,0,0
cols=7,258,2021,44146-LIB E-Rate Funding-Library,0,0,0
cols=7,259,2021,44170 Miscellaneous Refunds,"29,378","12,000","12,000"
cols=7,260,2021,Total Recurring Items,"56,512","32,275","32,500"
cols=7,261,2021,44500 Nonrecurring Items,,,
cols=7,262,2021,44530 Sale of Equipment,"3,595",0,0
cols=7,263,2021,44530-AMB Sale of Equipment-Ambulance Service,0,0,0
cols=7,264,2021,44540 Sale of Property,"361,284",0,0
cols=7,265,2021,44570 Contributions and Gifts,0,0,0
cols=7,266,2021,44570-AMB Contributions and Gifts-Ambulance Service,0,0,0
cols=7,267,2021,44570-LIB Contributions and Gifts-Library,"2,233","5,000","2,500"
cols=7,268,2021,44990 Other Local Revenue,0,0,0
cols=7,269,2021,Account No. Description,Actual 2019-2020,Original Estimated 2020-2021,Estimated 2021-2022
cols=7,270,2021,44990-LIB Other Local Revenue-Library,"2,000","2,000","1,000"
cols=7,271,2021,Total Nonrecurring Items,"369,112","7,000","3,500"
cols=7,272,2021,TOTAL OTHER LOCAL REVENUES,"425,624","39,275","36,000"
cols=7,273,2021,45000 FEES RECEIVED FROM COUNTY OFFICALS,,,
cols=7,274,2021,45100 Excess Fees,,,
cols=7,275,2021,45160 Juvenile Court Clerk,0,"2,000","5,000"
cols=7,276,2021,45500 Fees in Lieu of Salary,,,
cols=7,277,2021,45510 County Clerk,"252,293","330,000","250,000"
cols=7,278,2021,45520 Circuit Court Clerk,"32,397","32,000","20,000"
cols=7,279,2021,45540 General Sessions Court Clerk,"166,165","165,000","100,000"
cols=7,280,2021,45550 Clerk & Master,"82,181","100,000","85,000"
cols=7,281,2021,45560 Juvenile Court Clerk,"6,704","3,000",0
cols=7,282,2021,45580 Register,"140,649","120,000","143,000"
cols=7,283,2021,45590 Sheriff,"19,050","20,000","20,000"
cols=7,284,2021,45610 Trustee,"402,963","400,000","410,000"
cols=7,285,2021,TOTAL FEES RECEIVED FROM COUNTY OFFIC,"1,102,402","1,172,000","1,033,000"
cols=7,286,2021,46000 STATE OF TENNESSEE,,,
cols=7,287,2021,46100 General Government Grants,,,
cols=7,288,2021,46110 Juvenile Service Program,"9,000","9,000","9,000"
cols=7,289,2021,46175 On-Behalf Contributions for OPEB,0,0,0
cols=7,290,2021,Total General Government Grants,"9,000","9,000","9,000"
cols=7,291,2021,46200 Public Safety Grants,,,
cols=7,292,2021,46210 Law Enforcement Training Programs,"23,200","29,000","25,500"
cols=7,293,2021,46290 Other Public Safety Grants,"1,384",0,0
cols=7,294,2021,Total Public Safety Grants,"24,584","29,000","25,500"
cols=7,295,2021,46300 Health and Welfare Grants,,,
cols=7,296,2021,46310 Health Department Programs,"302,854","341,900","301,373"
cols=7,297,2021,46390 Other Health and Welfare Grants,"20,000",0,0
cols=7,298,2021,Total Health and Welfare Grants,"322,854","341,900","301,373"
cols=7,299,2021,46800 Other State Revenues,,,
cols=7,300,2021,46820 Income Tax,"10,389","30,500","10,000"
cols=7,301,2021,46830 Beer Tax,"18,175","17,000","18,000"
cols=7,302,2021,46835 Vehicle Certificates of Title Fees,"7,208","6,300","7,000"
cols=7,303,2021,46840 Alcoholic Beverage Tax,"83,105","75,000","90,000"
cols=7,304,2021,46851 State Revenue Sharing-TVA,"601,688","600,000","600,000"
cols=7,305,2021,46852 State Revenue Sharing-Telecommunications,"55,735","55,000","60,000"
cols=7,306,2021,46855 State Shared Sports Gaming,0,0,0
cols=7,307,2021,46915 Contracted Prisoner Boarding,"207,480","170,000","150,000"
cols=6,308,2021,Account No. Description,Actual 2019-2020,Original Estimated 2020-2021,Estimated 2021-2022
cols=6,309,2021,46960 Registrar's Salary Supplement,"15,164","15,164","16,164"
cols=6,310,2021,46980 Other State Grants,"72,579",0,0
cols=6,311,2021,46980-DA Other State Grants-Direct Appropriations,0,0,0
cols=6,312,2021,46980-ADP Other State Grants-Archive ADP Grant,"3,643",0,0
cols=6,313,2021,46980-LIB Other State Grants-Library,"10,501","7,500","21,025"
cols=6,314,2021,46990 Other State Revenues,"33,799","6,000","7,000"
cols=6,315,2021,Total Other State Revenues,"1,119,466","982,464","979,189"
cols=6,316,2021,TOTAL STATE OF TENNESSEE,"1,475,904","1,362,364","1,315,062"
cols=6,317,2021,47000 FEDERAL GOVERNMENT,,,
cols=6,318,2021,47100 Federal Through State,,,
cols=6,319,2021,47230 Disaster Relief,"5,738",0,0
cols=6,320,2021,47235 Homeland Security Grants,"41,885","42,230","41,710"
cols=6,321,2021,47235-TSEE Homeland Security Grants-Traffic Safety Enforcem,0,0,0
cols=6,322,2021,47301-CRF COVID-19 Grant-Coronavirus Relief Fund,0,0,0
cols=6,323,2021,47305-LIB COVID-19 Grant-Coronavirus Relief Fund,0,0,
cols=6,324,2021,47590 Other Federal Through State,"2,401",0,0
cols=6,325,2021,47990 Other Direct Federal Revenue,0,0,0
cols=6,326,2021,Total Federal Through State,"50,024","42,230","41,710"
cols=6,327,2021,47600 DIRECT FEDERAL REVENUE,,,
cols=6,328,2021,47801 COVID-19 Grant(HHS Stimulus-Medicare),"27,030",0,0
cols=6,329,2021,47990 Other Direct Federal,"1,125",0,0
cols=6,330,2021,Total Direct Federal,"28,155",0,0
cols=6,331,2021,TOTAL FEDERAL GOVERNMENT,"78,179","42,230","41,710"
cols=6,332,2021,48000 OTHER GOVERNMENTS AND CITIZEN GROUPS,,,
cols=6,333,2021,48100 Other Governments,,,
cols=6,334,2021,48130 Contributions,"42,000","44,000","47,000"
cols=6,335,2021,48900 Other,,,
cols=6,336,2021,48990-LIB Other,"1,500",0,
cols=6,337,2021,Total Other Governments,"43,500","44,000","47,000"
cols=6,338,2021,48600 Citizens Groups,,,
cols=6,339,2021,48610 Donations,0,0,0
cols=6,340,2021,48610-HOSP Donations-Ascension St. Thomas Hickman,0,0,"5,000"
cols=6,341,2021,48610-LIB Donations-Library,0,0,0
cols=6,342,2021,Total Citizen Groups,0,0,"5,000"
cols=6,343,2021,TOTAL OTHER GOVERNMENTS AND CITIZEN (,"43,500","44,000","52,000"
cols=6,344,2021,TOTAL ESIMATED REVENUES,"13,568,878","12,921,721","13,066,848"
cols=7,345,2021,Account No. Description,Actual 2019-2020,Original Estimated 2020-2021,Estimated 2021-2022
cols=7,346,2021,49000 ESTIMATED OTHER SOURCES (NON-REVENUE),,,
cols=7,347,2021,49700 Insurance Recovery,"42,017","40,000","40,000"
cols=7,348,2021,49800 Transfers In,"33,870","33,870","35,000"
cols=7,349,2021,TOTAL ESTIMATED OTHER SOURCES (NON-R,"75,887","73,870","75,000"
cols=7,350,2021,TOTAL ESTIMATED REVENUES AND OTHER S,"13,644,765","12,995,591","13,141,848"
cols=7,351,2021,ESTIMATED EXPENDITURES,,,
cols=7,352,2021,51000 GENERAL ADMINISTRATION,,,
cols=7,353,2021,51100 County Commission,,,
cols=7,354,2021,191 Board and Committee Members Fees,"50,200","50,400","50,400"
cols=7,355,2021,215 On-behalf Payments to OPEB,0,0,0
cols=7,356,2021,301 Accounting Services,0,"1,500","1,500"
cols=7,357,2021,305 Audit Services,"9,382","10,000","10,000"
cols=7,358,2021,"332 Legal Notices, Recording and Court Cost","4,446","4,500","4,500"
cols=7,359,2021,355 Travel,0,"2,500","2,500"
cols=7,360,2021,399 Other Contracted Services,0,0,0
cols=7,361,2021,435 Office Supplies,0,0,0
cols=7,362,2021,51210 Board of Equalization,,,
cols=7,363,2021,191 Board and Committee Members Fees,"2,550","3,500","3,500"
cols=7,364,2021,51220 Beer Board,,,
cols=7,365,2021,533 Criminal Investigation of Applicants,70,"1,000","1,000"
cols=7,366,2021,Total County Commission,"66,648","73,400","73,400"
cols=7,367,2021,51300 County Mayor,,,
cols=7,368,2021,101 County Official,"90,055","93,170","93,172"
cols=7,369,2021,140 Salary Supplement,0,"1,500","1,500"
cols=7,370,2021,161 Secretary,"30,000","31,154","32,100"
cols=7,371,2021,169 Part-Time Personnel,0,0,0
cols=7,372,2021,186 Longevity,0,0,0
cols=7,373,2021,"332 Legal Notices, Rec & Court Cost",505,"1,200","1,200"
cols=7,374,2021,355 Travel,"2,320","5,000","4,000"
cols=7,375,2021,399 Other Contracted Services,"54,582","5,000","5,000"
cols=7,376,2021,399-DA Other Contracted Services-Direct Approp. Grant,0,0,"15,500"
cols=7,377,2021,435 Office Supplies,879,"1,000","1,000"
cols=7,378,2021,508 Premiums on Corp Surety Bonds,0,0,0
cols=7,379,2021,524 In-Service/Staff Development,910,"1,500","1,500"
cols=7,380,2021,719 Office Equipment,885,"1,000","1,000"
cols=7,381,2021,Total County Mayor,"180,136","140,524","155,972"
cols=7,382,2021,Account No. Description,Actual 2019-2020,Original Estimated 2020-2021,Estimated 2021-2022
cols=7,383,2021,51400 County Attorney,,,
cols=7,384,2021,331 Legal Services,"9,821","10,000","10,000"
cols=7,385,2021,599 Other Charges(Deductibles),800,"5,000","5,000"
cols=7,386,2021,Total County Attorney,"10,621","15,000","15,000"
cols=7,387,2021,51500 Election Commission,,,
cols=7,388,2021,101 County Official,"70,174","72,602","72,601"
cols=7,389,2021,106 Deputy,"29,789","30,935","31,871"
cols=7,390,2021,169 Part-Time Personnel,"13,948","17,000","17,000"
cols=7,391,2021,186 Longevity Pay,0,0,0
cols=7,392,2021,192 Election Commission,"2,240","5,400","5,400"
cols=7,393,2021,193 Election Workers,"23,767","55,000","10,000"
cols=7,394,2021,317 Data Processing Services,"3,045","4,500","4,500"
cols=7,395,2021,"332 Legal Notices, Rec and Court Costs","1,261","3,000","1,000"
cols=7,396,2021,337 Maint and Repair-Office Equip,0,"1,500","1,500"
cols=7,397,2021,349 Printing Stationary and Forms,"1,923","5,000","3,000"
cols=7,398,2021,351 Rentals,550,"3,000","1,000"
cols=7,399,2021,355 Travel,"1,353","4,500","3,000"
cols=7,400,2021,399 Other Contracted Services,"15,823","25,000","25,000"
cols=7,401,2021,435 Office Supplies,"2,440","4,000","4,000"
cols=7,402,2021,508 Premiums on Surety Bond,0,100,100
cols=7,403,2021,719 Office Equipment,0,"4,000","4,000"
cols=7,404,2021,Total Election Commission,"166,313","235,537","183,972"
cols=7,405,2021,51600 Register of Deeds,,,
cols=7,406,2021,101 County Official,"77,971","80,668","80,668"
cols=7,407,2021,106 Deputy,"27,514","30,954","31,893"
cols=7,408,2021,140 Salary Supplement,"1,799","3,375","3,375"
cols=7,409,2021,162 Clerical Personnel,"24,518","25,503","26,224"
cols=7,410,2021,186 Longevity Pay,"1,200","1,300","1,400"
cols=7,411,2021,317 Data Processing Services,"12,367","16,000","16,000"
cols=7,412,2021,"332 Legal Notices, Recording and Court Costs",0,22,22
cols=7,413,2021,337 Maint and Repair Services,974,"2,500","2,500"
cols=7,414,2021,355 Travel,"1,009","1,500","1,500"
cols=7,415,2021,399 Other Contracted Services,0,0,0
cols=7,416,2021,435 Office Supplies,976,"1,200","1,500"
cols=7,417,2021,508 Premiums on Surety Bond,0,0,0
cols=7,418,2021,524 In-Service/Staff Development,200,750,750
cols=7,419,2021,719 Office Equipment,906,"2,000","2,000"
cols=7,420,2021,Total Register of Deeds,"149,434","165,772","167,832"
cols=7,421,2021,51720 Planning,,,
cols=7,422,2021,105 Supervisor/Director,"54,207","56,292","58,001"
cols=7,423,2021,106 Deputy(s),"30,908","33,231","34,240"
cols=7,424,2021,162 Clerical Personnel,"21,003","25,014","25,773"
cols=7,425,2021,169 Part-Time Personnel,0,0,0
cols=7,426,2021,Account No. Description,Actual 2019-2020,Original Estimated 2020-2021,Estimated 2021-2022
cols=7,427,2021,186 Longevity Pay,600,700,800
cols=7,428,2021,191 Board and Committee Member Fees,"1,375","3,900","3,900"
cols=7,429,2021,196 In-Service Training,0,"2,500","2,500"
cols=7,430,2021,312 Contracts with Private Agencies,"13,500","13,500","13,500"
cols=7,431,2021,317 Data Processing Service,"1,872","2,700","2,700"
cols=7,432,2021,331 Legal Services,"4,926","5,000","5,000"
cols=7,433,2021,"332 Legal Notices, Recording & Court Costs","1,270","5,000","5,000"
cols=7,434,2021,338 Maint and Repair Services-Vehicle,"1,706","2,000","2,000"
cols=7,435,2021,"349 Printing, Stationary, and Forms","1,112","1,200","1,200"
cols=7,436,2021,355 Travel,0,"1,500","1,500"
cols=7,437,2021,399 Other Contracted Services,"5,992","21,500","21,500"
cols=7,438,2021,425 Gasoline,"1,709","3,000","3,000"
cols=7,439,2021,435 Office Supplies,890,950,950
cols=7,440,2021,499 Other Supplies and Materials,"1,238",800,800
cols=7,441,2021,508 Premiums on Surety Bond,0,0,0
cols=7,442,2021,524 In-Service/Staff Development,836,"1,500","1,500"
cols=7,443,2021,718 Motor Vehicles,0,0,0
cols=7,444,2021,719 Office Equipment,"2,279","2,200","2,200"
cols=7,445,2021,791 Other Construction,0,0,0
cols=7,446,2021,Total Planning,"145,423","182,487","186,064"
cols=7,447,2021,51800 County Buildings,,,
cols=7,448,2021,105 Facility Supervisor,"49,968","51,890","53,466"
cols=7,449,2021,166 Custodial Personnel,"20,450","24,971","26,719"
cols=7,450,2021,169 Part-Time Personnel,"10,910","13,000","13,000"
cols=7,451,2021,186 Longevity Pay,0,0,0
cols=7,452,2021,335 Maint and Repair-buildings,"169,403","180,000","190,000"
cols=7,453,2021,335-ADA Maint and Repair-buildings(ADA),318,0,"3,000"
cols=7,454,2021,335-DA Maint and Repair-buildings(Direct Appropriations),0,0,0
cols=7,455,2021,336 Maint and Repair-equipment,300,"10,000","10,000"
cols=7,456,2021,338 Maint and Repair-vehicle,"1,182","3,000","3,000"
cols=7,457,2021,355 Travel,341,500,500
cols=7,458,2021,410 Custodial Supplies,"10,325","15,000","20,000"
cols=7,459,2021,425 Gasoline,"2,242","7,500","7,500"
cols=7,460,2021,435 Office Supplies,0,"1,000","1,000"
cols=7,461,2021,451 Uniforms,"2,914","3,000","3,000"
cols=7,462,2021,599 Other Charges,182,"1,000","1,000"
cols=7,463,2021,718 Motor Vehicles,0,0,0
cols=7,464,2021,Total County Buildings,"268,535","310,861","332,185"
cols=7,465,2021,51810 Other Facilities,,,
cols=7,466,2021,307 Communication,"152,020","110,000","140,000"
cols=7,467,2021,347 Pest Control,"6,500","7,000","7,000"
cols=7,468,2021,359 Disposal Fee,0,"1,000","1,000"
cols=7,469,2021,415 Electricity,"140,941","190,000","175,000"
cols=7,470,2021,452 Utilities,"78,549","120,000","105,000"
cols=7,471,2021,Account No. Description,Actual 2019-2020,Original Estimated 2020-2021,Estimated 2021-2022
cols=7,472,2021,Total Other Facilities,"378,010","428,000","428,000"
cols=7,473,2021,51900 Other General Administration,,,
cols=7,474,2021,189 Other Salaries and Wages,"79,181","79,181","82,349"
cols=7,475,2021,334 Maintenance Agreements,"13,940","17,000","14,000"
cols=7,476,2021,336 Maintenance and Repair-Equipment,0,"9,000","9,000"
cols=7,477,2021,355 Travel,20,500,500
cols=7,478,2021,399 Other Contracted Services,"15,112","9,000","9,000"
cols=7,479,2021,435 Office Supplies,284,500,500
cols=7,480,2021,499 Other Supplies and Materials,131,500,500
cols=7,481,2021,524 In-Service/Staff Development,0,500,500
cols=7,482,2021,719 Office Equipment,"12,135","5,000","5,000"
cols=7,483,2021,719-DA Office Equipment-Direct Appropriations,0,0,0
cols=7,484,2021,Total Other General Administration,"120,803","121,181","121,349"
cols=7,485,2021,51910 Preservation of Records,,,
cols=7,486,2021,140 Salary Supplement,"1,500","1,500","1,500"
cols=7,487,2021,162 Clerical Personnel,"28,370","29,462","30,356"
cols=7,488,2021,186 Longevity Pay,"2,200","2,300","2,400"
cols=7,489,2021,351 Rentals,0,0,0
cols=7,490,2021,355 Travel,197,350,150
cols=7,491,2021,399 Other Contracted Services,"1,869","4,200","4,200"
cols=7,492,2021,435 Office Supplies,290,350,350
cols=7,493,2021,499 Other Supplies and Materials,180,400,400
cols=7,494,2021,499-ADP Other Supplies and Materials,"3,643",0,0
cols=7,495,2021,524 In-Service/Staff Development,185,180,180
cols=7,496,2021,599 Other Charges,0,300,300
cols=7,497,2021,Total Preservation of Records,"38,434","39,042","39,836"
cols=7,498,2021,Total General Administration,"1,524,357","1,711,804","1,703,610"
cols=7,499,2021,52000 FINANCE,,,
cols=7,500,2021,52100 Accounting and Budgeting,,,
cols=7,501,2021,101 Administrative Officer,"77,971","83,772","80,668"
cols=7,502,2021,103 Assistants,"43,000","44,654","46,010"
cols=7,503,2021,119 Accounts/Bookkeepers,"112,470","116,827","120,375"
cols=7,504,2021,140 Salary Supplement,"8,576","8,625","9,000"
cols=7,505,2021,186 Longevity Pay,"4,200","4,600","5,500"
cols=7,506,2021,317 Data Processing Services,"17,245","18,500","19,500"
cols=7,507,2021,332 Legal Notices Rec Court Costs,"5,494","4,300","4,300"
cols=7,508,2021,349 Printing Stationary Forms,"3,939","5,500","5,500"
cols=7,509,2021,355 Travel,"1,057","2,300","2,300"
cols=7,510,2021,399 Other Contracted Services,"1,375","3,000","3,000"
cols=7,511,2021,435 Office Supplies,"2,748","3,500","3,500"
cols=7,512,2021,508 Surety Bond,150,300,300
cols=7,513,2021,524 In-Service/Staff Development,650,800,800
cols=7,514,2021,719 Office Equipment,"1,965","2,000","2,000"
cols=7,515,2021,Account No. Description,Actual 2019-2020,Original Estimated 2020-2021,Estimated 2021-2022
cols=7,516,2021,Total Accounting and Budgeting,"280,840","298,678","302,753"
cols=7,517,2021,52300 Property Assessor Office,,,
cols=7,518,2021,101 County Official,"77,971","80,668","80,668"
cols=7,519,2021,106 Deputy,"39,000","43,502","41,891"
cols=7,520,2021,135 Assessment Personnel,"28,571","32,672","31,462"
cols=7,521,2021,140 Salary Supplement,"2,799","4,750","4,750"
cols=7,522,2021,162 Clerical Personnel,"30,575","34,753","33,466"
cols=7,523,2021,186 Longevity Pay,"2,200","2,300","2,400"
cols=7,524,2021,187-RA Overtime Pay(Re-appraisal),0,0,"5,000"
cols=7,525,2021,312 Contracts with Private Agencies,"5,403","10,000","10,000"
cols=7,526,2021,317 Data Processing Services,"29,306","33,000","33,000"
cols=7,527,2021,332 Legal Notices,38,300,200
cols=7,528,2021,337 Maint and Repair-Office Equipment,964,"1,000","1,000"
cols=7,529,2021,338 Maint and Repair-Vehicle,"1,558","1,500","1,500"
cols=7,530,2021,349 Printing Stationary Forms,"1,059","1,500","1,500"
cols=7,531,2021,349-RA Printing Stationary Forms(Re-appraisal),0,0,"3,500"
cols=7,532,2021,355 Travel,866,"3,000","3,000"
cols=7,533,2021,399 Other Contracted Services,"2,636","4,000","4,000"
cols=7,534,2021,425 Gasoline,966,"2,500","2,500"
cols=7,535,2021,435 Office Supplies,"2,061","3,500","3,500"
cols=7,536,2021,508 Premiums on Surety Bonds,0,100,0
cols=7,537,2021,524 In-Service/Staff Development,335,"2,400","2,400"
cols=7,538,2021,599 Other Charges,0,"4,000",0
cols=7,539,2021,599-RA Other Charges(Re-appraisal),0,0,"7,500"
cols=7,540,2021,599-PY Other Charges-PY Reappraisal Carryover,0,0,0
cols=7,541,2021,718 Motor Vehicles,0,0,0
cols=7,542,2021,719 Office Equipment,"4,938","5,000","5,000"
cols=7,543,2021,Total Property Assessor's Office,"231,246","270,445","278,237"
cols=7,544,2021,52400 County Trustee's Office,,,
cols=7,545,2021,101 County Official,"77,971","80,668","80,668"
cols=7,546,2021,106 Deputy,"31,701","32,921","33,920"
cols=7,547,2021,121 Data Processing Personnel,"25,309","26,283","27,081"
cols=7,548,2021,140 Salary Supplement,"2,549","4,500","4,875"
cols=7,549,2021,162 Clerical Personnel,"28,591","29,691","30,592"
cols=7,550,2021,169 Part-time Personnel,"6,043","7,200","11,200"
cols=7,551,2021,186 Longevity Pay,"1,500","1,700","1,900"
cols=7,552,2021,317 Data Processing Services,"10,910","12,125","13,000"
cols=7,553,2021,"332 Legal Notices, Recording and Court Costs",111,250,350
cols=7,554,2021,349 Printing Stationary Forms,"4,283","5,000","5,000"
cols=7,555,2021,355 Travel,"1,737","2,250","2,200"
cols=7,556,2021,399 Other Contracted Services,"1,453","2,000","2,000"
cols=7,557,2021,435 Office Supplies,"2,526","3,000","3,000"
cols=7,558,2021,508 Surety Bond,0,0,0
cols=7,559,2021,524 In-Service/Staff Development,"1,180","1,800","1,600"
cols=7,560,2021,719 Office Equipment,"6,740","5,500","3,000"
cols=7,561,2021,Account No. Description,Actual 2019-2020,Original Estimated 2020-2021,Estimated 2021-2022
cols=7,562,2021,Total Trustees Office,"202,604","214,888","220,386"
cols=7,563,2021,52500 County Clerk Office,,,
cols=7,564,2021,101 County Official,"77,971","80,668","80,668"
cols=7,565,2021,106 Deputy,"30,309","31,475","32,431"
cols=7,566,2021,140 Salary Supplement,"7,049","8,625","9,000"
cols=7,567,2021,161 Secretary,"28,891","30,003","30,913"
cols=7,568,2021,162 Clerical Personnel,"81,541","85,895","88,502"
cols=7,569,2021,169 Part-Time Personnel,"15,058","14,736","15,000"
cols=7,570,2021,186 Longevity Pay,"6,100","6,500","7,400"
cols=7,571,2021,317 Data Processing Services,"24,705","25,000","25,000"
cols=7,572,2021,355 Travel,"2,351","2,500","2,500"
cols=7,573,2021,435 Office Supplies,"2,417","2,500","3,750"
cols=7,574,2021,524 In-Service/Staff Development,890,600,"1,100"
cols=7,575,2021,719 Office Equipment,"10,153","2,500","2,500"
cols=7,576,2021,Total County Clerk,"287,435","291,002","298,764"
cols=7,577,2021,Total Finance,"1,002,125","1,075,013","1,100,140"
cols=7,578,2021,53000 ADMINISTRATION OF JUSTICE,,,
cols=7,579,2021,53100 Circuit Court,,,
cols=7,580,2021,101 County Official,"77,971","80,668","80,668"
cols=7,581,2021,106 Deputies,"164,962","171,649","142,224"
cols=7,582,2021,169 Part-time Personnel,"4,986","5,000","10,000"
cols=7,583,2021,186 Longevity Pay,"6,800","7,800","5,400"
cols=7,584,2021,188 Bonus Payments,"3,500",0,0
cols=7,585,2021,189 Other Salaries and Wages,"25,931","26,929","30,000"
cols=7,586,2021,194 Jury & Witness Fees,"2,606","5,000","5,000"
cols=7,587,2021,317 Data Processing Services,"19,538","21,039","22,102"
cols=7,588,2021,"332 Legal Notices, Recording & Court Costs",767,500,600
cols=7,589,2021,337 Maint and Repair Services - Equipment,0,"3,000","3,000"
cols=7,590,2021,355 Travel,0,100,100
cols=7,591,2021,435 Office Supplies,"5,938","5,000","6,000"
cols=7,592,2021,508 Premiums on Corporate Surety Bonds,0,250,250
cols=7,593,2021,719 Office Equipment,"20,152","7,000","7,000"
cols=7,594,2021,Total Circuit Court,"333,151","333,935","312,344"
cols=7,595,2021,53300 General Sessions Court,,,
cols=7,596,2021,102 Judge,"115,592","117,673","119,085"
cols=7,597,2021,123 Guidance Personnel,"53,224","55,272","56,950"
cols=7,598,2021,161 Secretary,"21,878","22,720","23,409"
cols=7,599,2021,169 Part-time Personnel,"2,703","8,109","8,352"
cols=7,600,2021,186 Longevity Pay,"2,600","2,800","3,000"
cols=7,601,2021,355 Travel,"2,554","3,000","3,000"
cols=7,602,2021,399 Other Contracted Services,754,"6,600","6,600"
cols=7,603,2021,432 Library Books,"1,210","1,400","1,400"
cols=6,604,2021,Account No. Description,Actual 2019-2020,Original Estimated 2020-2021,Estimated 2021-2022
cols=6,605,2021,435 Office Supplies,"1,640","1,750","1,750"
cols=6,606,2021,524 In-Service/Staff Development,832,"1,500","1,500"
cols=6,607,2021,719 Office Equipment,"3,314","2,500","2,500"
cols=6,608,2021,Total General Sessions Court,"206,301","223,324","227,546"
cols=6,609,2021,53310 General Sessions Judge,,,
cols=6,610,2021,102 Judge,"2,020","2,300","2,300"
cols=6,611,2021,355 Travel,"1,089","1,000","1,000"
cols=6,612,2021,524 In-Service/Staff Development,457,700,700
cols=6,613,2021,Total General Sessions Judge,"3,566","4,000","4,000"
cols=6,614,2021,53400 Chancery Court,,,
cols=6,615,2021,101 County Official,"77,971","80,668","80,668"
cols=6,616,2021,103 Assistant,"29,500","30,635","31,565"
cols=6,617,2021,106 Deputy,"3,994","26,283","27,081"
cols=6,618,2021,186 Longevity Pay,"2,400","2,500","3,300"
cols=6,619,2021,188 Bonus Payments,0,0,
cols=6,620,2021,317 Data Processing Services,"12,813","13,736","14,453"
cols=6,621,2021,"332 Legal Notices, Recording & Court Costs",0,"1,500","1,500"
cols=6,622,2021,355 Travel,0,"1,500","1,500"
cols=6,623,2021,435 Office Supplies,"5,542","6,000","6,000"
cols=6,624,2021,508 Premiums of Corporate Surety Bonds,0,0,0
cols=6,625,2021,719 Office Equipment,"5,923","1,000","1,000"
cols=6,626,2021,Total Chancery Court,"138,143","163,822","167,067"
cols=6,627,2021,53700 Judicial Commissioners,,,
cols=6,628,2021,169 Part-time Personnel,"14,708","15,203","15,426"
cols=6,629,2021,186 Longevity,800,900,"1,000"
cols=6,630,2021,189 Other Salaries & Wages,"32,828","33,093","34,006"
cols=6,631,2021,196 In-Service Training,371,"1,250","1,250"
cols=6,632,2021,355 Travel,"2,143","5,000","5,000"
cols=6,633,2021,435 Office Supplies,240,700,700
cols=6,634,2021,524 In-Service/Staff Development,0,150,150
cols=6,635,2021,599 Other Charges,360,360,360
cols=6,636,2021,Total Judicial Commissioners,"51,450","56,656","57,892"
cols=6,637,2021,53920 Courtroom Security,,,
cols=6,638,2021,431 Law Enforcement Supplies,0,"3,150",0
cols=6,639,2021,499 Other Supplies and Materials,0,"2,850",0
cols=6,640,2021,499-CRF Other Supplies and Materials-Coronavirus Relief,0,0,0
cols=6,641,2021,599 Other Charges,0,"34,000",0
cols=6,642,2021,799 Other Capital Outlay,0,0,0
cols=7,643,2021,Account No. Description,Actual 2019-2020,Original Estimated 2020-2021,Estimated 2021-2022
cols=7,644,2021,Total Courtroom Security,0,"40,000",0
cols=7,645,2021,Total Administration of Justice,"732,611","821,737","768,849"
cols=7,646,2021,54000 PUBLIC SAFETY,,,
cols=7,647,2021,54110 Sheriff's Department,,,
cols=7,648,2021,101 County Official,"85,768","88,735","88,735"
cols=7,649,2021,103 Assistant,"36,892","38,311","38,368"
cols=7,650,2021,106 Deputies,"832,261","946,707","945,320"
cols=7,651,2021,106-SEC Deputies (Courtroom Security),"86,676","89,389","90,275"
cols=7,652,2021,119 Accounts/Bookkeepers,"35,049","36,397","36,451"
cols=7,653,2021,169-SEC Part-time Personnel,"22,350","46,000","46,000"
cols=7,654,2021,140 Salary Supplements,"24,700","30,500","27,000"
cols=7,655,2021,148 Dispatchers and Radio Operators,"252,569","246,750","287,376"
cols=7,656,2021,186 Longevity Pay,"16,600","18,100","23,200"
cols=7,657,2021,187 Overtime Pay,"44,990","45,000","45,000"
cols=7,658,2021,187-TSEE Overtime Pay-Tennessee Safety Environment &,0,0,0
cols=7,659,2021,189-SRO Other Salaries and Wages(SRO),"196,041","204,500","204,759"
cols=7,660,2021,302 Advertising,131,200,200
cols=7,661,2021,307 Communication,"19,005","15,000","15,000"
cols=7,662,2021,312 Contracts with Private Agencies,"1,415","2,000","2,000"
cols=7,663,2021,317 Data Processing Services,"19,417","20,000","20,000"
cols=7,664,2021,331 Legal Services,0,500,200
cols=7,665,2021,"332 Legal Notices, Recording & Court Costs",0,0,0
cols=7,666,2021,336 Maint and Repair Services - Equipment,"2,021","4,000","4,000"
cols=7,667,2021,338 Maint and Repair Services - Vehicles,"61,508","50,000","50,000"
cols=7,668,2021,348 Postal Charges,297,300,300
cols=7,669,2021,355 Travel,"4,337","6,000","6,000"
cols=7,670,2021,399 Other Contracted Service,"1,410","2,500","2,500"
cols=7,671,2021,412 Diesel Fuel,0,0,"1,000"
cols=7,672,2021,425 Gasoline,"69,597","80,000","80,000"
cols=7,673,2021,431 Law Enforcement Supplies,"43,321","45,000","45,000"
cols=7,674,2021,431-SRO Law Enforcement Supplies-SRO,"4,723","5,000","5,000"
cols=7,675,2021,431-TSEE Law Enforcement Supplies-TN Safety Environmen,0,0,0
cols=7,676,2021,435 Office Supplies,"7,727","8,500","8,000"
cols=7,677,2021,450 Tires and Tubes,"15,005","16,000","16,000"
cols=7,678,2021,451 Uniforms,"16,109","18,000","15,000"
cols=7,679,2021,508 Premiums on Corporate Surety Bonds,0,0,0
cols=7,680,2021,524 In-Service/Staff Development,"7,479","25,000","25,000"
cols=7,681,2021,524-SRO In-Service/Staff Development-SRO,"2,554","5,000","5,000"
cols=7,682,2021,718 Motor Vehicles,"130,056","100,000","100,000"
cols=7,683,2021,719 Office Equipment,"4,539","5,000","5,000"
cols=7,684,2021,Total Sheriffs Department,"2,044,547","2,198,389","2,237,684"
cols=7,685,2021,54160 Administration Of Sexual Offender Registry,,,
cols=7,686,2021,435 Office Supplies,0,"1,000","5,000"
cols=7,687,2021,599 Other Charges,450,"2,500",599
cols=7,688,2021,719 Office Equipment,0,"9,000","2,000"
cols=7,689,2021,Account No. Description,Actual 2019-2020,Original Estimated 2020-2021,Estimated 2021-2022
cols=7,690,2021,Total Administration Of Sexual Offender Registry,450,"12,500","7,599"
cols=7,691,2021,54210 Jail,,,
cols=7,692,2021,160 Guards,"595,602","656,849","652,614"
cols=7,693,2021,186 Longevity Pay,"5,600","6,100","6,900"
cols=7,694,2021,187 Overtime Pay,"21,782","12,500","12,500"
cols=7,695,2021,189 Other Salaries and Wages,"9,813","11,520","11,866"
cols=7,696,2021,331 Legal Services,0,500,0
cols=7,697,2021,340 Medical and Dental Services,"297,760","250,000","250,000"
cols=7,698,2021,355 Travel,0,"1,000","1,500"
cols=7,699,2021,399 Other Contracted Service,"103,660","125,000","125,000"
cols=7,700,2021,410 Custodial Supplies,"24,836","20,000","20,000"
cols=7,701,2021,413 Drugs & Medical Supplies,"19,355","30,000","30,000"
cols=7,702,2021,422 Food Supplies,"191,220","190,000","195,000"
cols=7,703,2021,431 Law Enforcement Supplies,"4,777","5,000","5,000"
cols=7,704,2021,435 Office Supplies,"2,039","5,000","5,000"
cols=7,705,2021,441 Prisoners Clothing,"2,959","3,000","3,000"
cols=7,706,2021,451 Uniforms,"6,445","8,000","8,000"
cols=7,707,2021,499 Other Supplies and Materials,"3,514","4,750","10,000"
cols=7,708,2021,524 In-Service/Staff Development,200,500,"1,000"
cols=7,709,2021,709 Data Processing Equipment,"9,743","12,000","12,000"
cols=7,710,2021,719 Office Equipment,"7,457","5,000","5,000"
cols=7,711,2021,Total Jail,"1,306,762","1,346,719","1,354,380"
cols=7,712,2021,54310 Fire Prevention and Control,,,
cols=7,713,2021,309 Contracts with Gov Agen,"2,000","2,000","2,000"
cols=7,714,2021,429 Instructional Supplies and Materials,0,"3,550","3,550"
cols=7,715,2021,524 In-Service/Staff Development,"6,286","10,000","10,000"
cols=7,716,2021,Total Fire Prevention and Control,"8,286","15,550","15,550"
cols=7,717,2021,54410 Civil Defense,,,
cols=7,718,2021,105 Supervisor/Director,"59,246","62,448","62,541"
cols=7,719,2021,186 Longevity Pay,0,0,0
cols=7,720,2021,189 Other Salaries and Wages,"35,961","37,906","39,057"
cols=7,721,2021,316 Contributions,0,0,0
cols=7,722,2021,320 Dues and Memberships,375,750,750
cols=7,723,2021,330 Operating Lease Payment,"3,400","3,400","3,400"
cols=7,724,2021,335 Maint and Repair Service-Building,0,0,0
cols=7,725,2021,336 Maint and Repair Services - Equipment,"2,630","4,500","4,500"
cols=7,726,2021,338 Maint and Repair Services - Vehicles,"4,719","10,000","10,000"
cols=7,727,2021,355 Travel,285,"2,000","1,000"
cols=7,728,2021,399 Other Contracted Services,"1,311","5,000","4,000"
cols=7,729,2021,412 Diesel,"1,456","4,000","4,000"
cols=7,730,2021,425 Gasoline,"3,501","7,000","7,000"
cols=7,731,2021,435 Office Supplies,"1,573","1,200","1,000"
cols=7,732,2021,442 Propane Gas,"1,479","3,000","3,000"
cols=6,733,2021,Account No. Description,Actual 2019-2020,Original Estimated 2020-2021,Estimated 2021-2022
cols=6,734,2021,451 Uniforms,828,"1,000","1,000"
cols=6,735,2021,499 Other Supplies and Materials,"12,035","12,380","11,860"
cols=6,736,2021,508 Premiums on Corporate Surety Bonds,0,50,50
cols=6,737,2021,524 In-Service/Staff Development,680,"1,000","1,000"
cols=6,738,2021,599 Other Charges,6,500,"1,000"
cols=6,739,2021,599-EMA Other Charges-(Hazmat Reserve),"2,285",0,0
cols=6,740,2021,708 Communication Equipment,"4,023","5,000","7,000"
cols=6,741,2021,718 Motor Vehicles,0,0,0
cols=6,742,2021,718-DA Motor Vehicles-Direct Appropriations Grant,0,0,0
cols=6,743,2021,790 Other Equipment,"6,745","1,000","1,000"
cols=6,744,2021,Total Civil Defense,"142,538","162,134","163,158"
cols=6,745,2021,54420 Rescue Squad,,,
cols=6,746,2021,316 Contributions,"20,000","25,000","35,000"
cols=6,747,2021,515 Liability Claims,"15,920",0,0
cols=6,748,2021,Total Rescue Squad,"35,920","25,000","35,000"
cols=6,749,2021,54610 County Coroner,,,
cols=6,750,2021,131 Medical Personnel,"3,750","5,000","5,000"
cols=6,751,2021,341 Pauper Burials,500,"1,000","1,000"
cols=6,752,2021,399 Other Contracted Services,"30,225","30,000","50,000"
cols=6,753,2021,508 Premiums on Corporate Surety Bonds,0,0,0
cols=6,754,2021,Total County Coroner,"34,475","36,000","56,000"
cols=6,755,2021,Total Public Safety,"3,572,978","3,796,292","3,869,371"
cols=6,756,2021,55000 PUBLIC HEALTH AND WELFARE,,,
cols=6,757,2021,55110 Local Health Center,,,
cols=6,758,2021,316 Contributions,"19,056","39,031","39,031"
cols=6,759,2021,335 Maintenance and Repair Service-Building,0,"1,000","1,000"
cols=6,760,2021,399 Other Contracted Services,"1,665","6,100","6,100"
cols=6,761,2021,435 Office Supplies,78,"1,520","1,520"
cols=6,762,2021,499 Other Supplies & Materials,0,"2,250","2,250"
cols=6,763,2021,599 Other Charges,200,700,700
cols=6,764,2021,599-PPI Other Charges,0,0,0
cols=6,765,2021,Total Local Health Center,"20,999","50,601","50,601"
cols=6,766,2021,55130 Ambulance/Emergency Medical Services,,,
cols=6,767,2021,105 Supervisor/Director,"62,428","59,744","59,833"
cols=6,768,2021,131 Medical Personnel,"796,970","890,440","1,075,666"
cols=6,769,2021,169 Part-time Personnel,"99,708","130,000","140,000"
cols=6,770,2021,186 Longevity,"12,400","16,000","16,700"
cols=6,771,2021,187 Overtime Pay,"313,935","328,924","402,339"
cols=6,772,2021,199 Other Per Diem & Fees,"2,586","3,000","3,000"
cols=6,773,2021,320 Dues and Memberships,400,"1,200","1,200"
cols=7,774,2021,Account No. Description,Actual 2019-2020,Original Estimated 2020-2021,Estimated 2021-2022
cols=7,775,2021,335 Maint & Repair Services - Building,603,"2,000","2,000"
cols=7,776,2021,336 Maint & Repair Services - Equipment,"2,165","7,300","8,000"
cols=7,777,2021,338 Maint & Repair Services - Vehicles,"30,439","40,000","40,000"
cols=7,778,2021,355 Travel,"2,275","2,500","3,500"
cols=7,779,2021,399 Other Contracted Services,"172,414","175,000","190,000"
cols=7,780,2021,410 Custodial Supplies,"1,232","2,400","3,000"
cols=7,781,2021,412 Diesel Fuel,"7,047","15,000","15,000"
cols=7,782,2021,413 Drugs and Medical Supplies,"45,468","55,000","60,000"
cols=7,783,2021,413-DONAT Drugs and Medical Supplies(EMR Donation),0,0,"1,200"
cols=7,784,2021,413-CRF Drugs and Medical Supplies-Coronavirus Relief,0,0,0
cols=7,785,2021,413-PHAR Drugs and Medical Supplies(Pharmecuticals),"26,383","30,000","35,000"
cols=7,786,2021,425 Gasoline,"30,592","66,082","66,082"
cols=7,787,2021,435 Office Supplies,"1,942","3,000","3,000"
cols=7,788,2021,450 Tires and Tubes,"5,873","10,000","10,000"
cols=7,789,2021,451 Uniforms,"6,359","15,000","15,000"
cols=7,790,2021,499 Other Supplies and Materials,"2,724","7,000","7,000"
cols=7,791,2021,524 In-Service/Staff Development,"14,285","15,000","20,000"
cols=7,792,2021,599-HHS Other Charges-HHS Grant,0,0,0
cols=7,793,2021,718 Motor Vehicle,"133,246",0,0
cols=7,794,2021,718-CRF Motor Vehicle-Coronavirus Relief Fund,0,0,0
cols=7,795,2021,719 Office Equipment,"2,624","1,500","3,000"
cols=7,796,2021,790 Other Equipment,0,0,"30,000"
cols=7,797,2021,Total Ambulance/Emergency Medical Serv,"1,774,098","1,876,090","2,210,520"
cols=7,798,2021,55170 Alcohol and Drug Programs,,,
cols=7,799,2021,111 Probation Officer,"10,907","11,713","11,731"
cols=7,800,2021,201 Social Security,0,780,780
cols=7,801,2021,355 Travel,238,"1,000","1,000"
cols=7,802,2021,399 Other Contracted Services,0,0,0
cols=7,803,2021,435 Office Supplies,650,"1,265","1,265"
cols=7,804,2021,599 Other Charges,"6,285","7,500","7,500"
cols=7,805,2021,Total Alcohol and Drug Programs,"18,080","22,258","22,276"
cols=7,806,2021,55190 Other Local Health Services,,,
cols=7,807,2021,131 Medical Personnel,"140,621","157,763","154,563"
cols=7,808,2021,163 Educational Assistants,"54,559","58,537","58,537"
cols=7,809,2021,188 Bonus Payments,"1,447",0,0
cols=7,810,2021,"349 Printing, Stationery, and Forms",0,500,100
cols=7,811,2021,355 Travel,"12,083","20,700","15,000"
cols=7,812,2021,399 Other Contracted Services,0,500,100
cols=7,813,2021,499 Other Supplies and Materials,"1,191","11,000","2,500"
cols=7,814,2021,506 Liability Insurance,194,500,250
cols=7,815,2021,599-TOBG Other Charges (Tobacco Grant),0,0,
cols=7,816,2021,Total Other Local Health Services,"210,095","249,500","231,050"
cols=7,817,2021,Account No. Description,Actual 2019-2020,Original Estimated 2020-2021,Estimated 2021-2022
cols=7,818,2021,55900 Other Public Health Services,,,
cols=7,819,2021,599-ENV Other Charges (Environment Grant),0,"20,000",0
cols=7,820,2021,599-HOSP Other Charges (Hospital Donation),0,0,"5,000"
cols=7,821,2021,599-TOBG Other Charges(Tobacco Grant),0,"4,543","4,743"
cols=7,822,2021,Total Other Public Health Services,0,"24,543","9,743"
cols=7,823,2021,Total Public Health & Welfare,"2,023,272","2,222,992","2,524,190"
cols=7,824,2021,"56000 SOCIAL, CULTURAL AND RECREATIONAL SERVICES",,,
cols=7,825,2021,56300 Senior Citizens Assistance,,,
cols=7,826,2021,316 Contributions,"10,000","10,000","10,000"
cols=7,827,2021,316-DA Contributions,0,0,0
cols=7,828,2021,Total Senior Citizens Assistance,"10,000","10,000","10,000"
cols=7,829,2021,56500 Libraries,,,
cols=7,830,2021,103 Assistants,"104,002","108,003","111,282"
cols=7,831,2021,129 Librarians,"36,793","38,208","39,368"
cols=7,832,2021,186 Longevity,"4,000","4,100","4,700"
cols=7,833,2021,189 Other Salaries and Wages,"13,309","13,492","13,897"
cols=7,834,2021,317 Data Processing Services,"3,185","3,600","3,600"
cols=7,835,2021,320 Dues & Memberships,75,750,750
cols=7,836,2021,335 Maint & Repair Services Buildings,"1,975","3,000","3,000"
cols=7,837,2021,348 Postal Charges,705,"1,000","1,000"
cols=7,838,2021,355 Travel,510,"2,000","2,000"
cols=7,839,2021,399 Other Contracted Services,"14,563","16,004","17,854"
cols=7,840,2021,432 Library Books & Media,"3,647","5,500","5,500"
cols=7,841,2021,435 Office Supplies,"5,628","7,000","7,000"
cols=7,842,2021,452 Utilities,"7,232","6,000","6,000"
cols=7,843,2021,499 Other Supplies & Materials,91,"1,000","1,000"
cols=7,844,2021,524 In-Service/Staff Development,896,"1,000","1,000"
cols=7,845,2021,599 Other Charges,"14,548","15,000","15,000"
cols=7,846,2021,599-LIB Other Charges-LIB,0,0,0
cols=7,847,2021,599-PS Other Charges-PS,0,0,0
cols=7,848,2021,790 Other Equipment,"3,043","8,000","8,000"
cols=7,849,2021,790-DA Other Equipment-Direct Appropriations Grant,0,0,0
cols=7,850,2021,799 Other Capital Outlay,"1,461",0,0
cols=7,851,2021,799-DA Other Capital Outlay-Direct Appropriations Grant,0,0,0
cols=7,852,2021,Total Estimated Expenditures,"215,663","233,657","240,951"
cols=7,853,2021,"Total Social, Cultural and Recreational","225,663","243,657","250,951"
cols=7,854,2021,57000 AGRICULTURE AND NATURAL RESOURCES,,,
cols=7,855,2021,57100 Agriculture Extension Service,,,
cols=7,856,2021,316 Contributions,"54,466","59,335","58,748"
cols=7,857,2021,320 Dues and Memberships,320,350,350
cols=7,858,2021,355 Travel,974,900,900
cols=6,859,2021,Account No. Description,Actual 2019-2020,Original Estimated 2020-2021,Estimated 2021-2022
cols=6,860,2021,410 Custodial Supplies,122,125,125
cols=6,861,2021,435 Office Supplies,796,"1,000","1,000"
cols=6,862,2021,719 Office Equipment,0,0,"1,000"
cols=6,863,2021,Total Agriculture Extension Services,"56,678","61,710","62,123"
cols=6,864,2021,57500 Soil Conservation,,,
cols=6,865,2021,161 Secretary,"24,534","27,601","28,439"
cols=6,866,2021,186 Longevity,500,600,700
cols=6,867,2021,399 Other Contracted Services,"5,000","5,000","5,000"
cols=6,868,2021,599 Other Charges,"2,550","2,550","2,550"
cols=6,869,2021,Total Soil Conservation,"32,584","35,751","36,689"
cols=6,870,2021,Total Agriculture and Natural Resources,"89,262","97,461","98,812"
cols=6,871,2021,58000 OTHER GENERAL GOVERNMENT,,,
cols=6,872,2021,58110 Tourism,,,
cols=6,873,2021,316 Contributions,"1,000","1,200","1,200"
cols=6,874,2021,707 Building Improvements,"82,478",0,0
cols=6,875,2021,Total Tourism,"83,478","1,200","1,200"
cols=6,876,2021,58120 Industrial Development (Vision 21),,,
cols=6,877,2021,105 Supervisor/Director,"56,650","58,829","58,917"
cols=6,878,2021,316 Contributions,"14,721","12,294","12,294"
cols=6,879,2021,799 Other Capital Outlay,0,0,0
cols=6,880,2021,Total Industrial Development,"71,371","71,123","71,211"
cols=6,881,2021,58190 Other Economic and Community Development,,,
cols=6,882,2021,351 Rentals,0,0,0
cols=6,883,2021,599 Other Charges,0,0,0
cols=6,884,2021,Total Other Economic and Community Developme,0,0,0
cols=6,885,2021,58300 Veterans Services,,,
cols=6,886,2021,105 Supervisor/Director,"26,814","31,154","31,201"
cols=6,887,2021,169 Part-time Personnel,0,0,0
cols=6,888,2021,338 Maint & Repair Services - Vehicles,189,500,500
cols=6,889,2021,338-SC Maint & Repair Services - Vehicles(South Central),0,0,500
cols=6,890,2021,351 Rentals,"3,100","3,300","3,600"
cols=6,891,2021,355 Travel,256,300,300
cols=6,892,2021,399 Other Contracted Service,449,450,450
cols=6,893,2021,425 Gasoline,532,750,750
cols=6,894,2021,425-SC Gasoline (SCHRA),335,750,500
cols=6,895,2021,435 Office Supplies,106,200,200
cols=6,896,2021,599 Other Charges,250,"1,000","1,000"
cols=7,897,2021,Account No. Description,Actual 2019-2020,Original Estimated 2020-2021,Estimated 2021-2022
cols=7,898,2021,599-SC Other Charges (SCHRA),995,"1,250","1,000"
cols=7,899,2021,719 Office Equipment,300,200,200
cols=7,900,2021,Total Veterans Services,"33,326","39,854","40,201"
cols=7,901,2021,58400 Other Charges,,,
cols=7,902,2021,506 Liability Insurance,"284,404","295,000","297,000"
cols=7,903,2021,510 Trustees Commission,"203,569","205,000","210,000"
cols=7,904,2021,513 Workers Comp,"125,281","160,000","160,000"
cols=7,905,2021,Total Other Charges,"613,254","660,000","667,000"
cols=7,906,2021,58600 Employee Benefits,,,
cols=7,907,2021,201 Social Security,"434,918","500,000","516,127"
cols=7,908,2021,204 State Retirement,"613,248","680,000","700,068"
cols=7,909,2021,206 Life Insurance,"44,235","48,000","53,000"
cols=7,910,2021,207 Medical Insurance,"1,439,202","1,580,782","1,898,199"
cols=7,911,2021,210 Unemployment Comp,"8,315","20,000","20,000"
cols=7,912,2021,399 Other Contracted Services,"5,500",0,"5,500"
cols=7,913,2021,Total Employees Benefits,"2,545,418","2,828,782","3,192,894"
cols=7,914,2021,58900 Miscellaneous,,,
cols=7,915,2021,309 Contracts with Government Agencies,"12,920","12,920","12,920"
cols=7,916,2021,316 Contributions,"83,000","80,000","108,000"
cols=7,917,2021,316-DA Contributions-Direct Appropriations Grant,0,0,0
cols=7,918,2021,320 Dues and Memberships,"13,211","15,000","15,000"
cols=7,919,2021,348 Postal Charges,"32,960","45,000","45,000"
cols=7,920,2021,351 Rentals,"2,500","2,500","2,500"
cols=7,921,2021,399 Other Contracted Services,0,0,0
cols=7,922,2021,599 Other Charges,"1,234","2,500","2,500"
cols=7,923,2021,Total Miscellaneous,"145,825","157,920","185,920"
cols=7,924,2021,Total Other General Government,"3,492,672","3,758,879","4,158,426"
cols=7,925,2021,Total Estimated Expenditures,"12,662,940","13,727,835","14,474,349"
cols=7,926,2021,99000 OTHER USES,,,
cols=7,927,2021,91110 General Administration Projects,,,
cols=7,928,2021,715 Land,"39,481",0,0
cols=7,929,2021,91190 Other General Government Projects,,,
cols=7,930,2021,706-DA Building Construction,0,0,0
cols=7,931,2021,Total Estimated General Administration Projects,"39,481",0,0
cols=7,932,2021,91200 Highway & Street Capital Projects,,,
cols=7,933,2021,713 Highway Construction,"67,999",0,0
cols=6,934,2021,Account No. Description,Actual 2019-2020,Original Estimated 2020-2021,Estimated 2021-2022
cols=6,935,2021,Total Estimated Highway & Street Capital Projects,"67,999",0,0
cols=6,936,2021,99000 ESTIMATED OTHER USES,,,
cols=6,937,2021,99100 Transfers Out,,,
cols=6,938,2021,590 Transfers to Other Funds,"100,000","100,000","100,000"
cols=6,939,2021,590-DA Transfers to Other Funds,0,0,0
cols=6,940,2021,Total Estimated Other Uses,"100,000","100,000","100,000"
cols=6,941,2021,Total Estimated Expenditures and other uses,"12,870,420","13,827,835","14,574,349"
cols=6,942,2021,Excess of Estimated Revenue and Other Sources over (under) Estimated Expenditures and Other,"774,345","-832,244","-1,432,501"
cols=6,943,2021,Estimated Begin Fund Balance July 1,"4,463,353","5,237,698","6,100,000"
cols=6,944,2021,Estimated Ending Fund Balance June 30,"5,237,698","4,405,454","4,667,499"
cols=6,945,2021,"Statement of Proposed Operations for the Fiscal Year Ending June 30, 2022",,Original,
cols=6,946,2021,Account Nc Description,Actual 2019-2020,Estimated 2020-2021,Estimated 2021-2022
cols=6,947,2021,ESTIMATED REVENUES,,,
cols=6,948,2021,"42000 FINES, FORFIETURES AND PENALTIES",,,
cols=6,949,2021,42100 Circuit Court,,,
cols=6,950,2021,42140 Drug Control Fines,"1,762","2,500","2,500"
cols=6,951,2021,42141 Drug Control Fees,0,0,0
cols=6,952,2021,42300 General Sessions Court,,,
cols=6,953,2021,42340 Drug Control Fines,"5,433","6,000","6,000"
cols=6,954,2021,42341 Drug Control Fees,0,0,0
cols=6,955,2021,"Total Fines, Forfeitures and Penalties","7,195","8,500","8,500"
cols=6,956,2021,"42900 OTHER FINES, FORFEITURES AND PENALTIES",,,
cols=6,957,2021,42910 Proceeds from Confiscated Property,0,"45,000","45,000"
cols=6,958,2021,"Total Other Fines, Forfeitures, and Penalties",0,"45,000","45,000"
cols=6,959,2021,48000 OTHER GOVERNMENT AND CITIZENS GROUPS,,,
cols=6,960,2021,48100 Other Governments,,,
cols=6,961,2021,48130 Contributions,0,0,0
cols=6,962,2021,Total Other Government and Citizens Groups,0,0,0
cols=6,963,2021,Total Estimated Revenue,"7,195","53,500","53,500"
cols=6,964,2021,49000 ESTIMATED OTHER SOURCES(NON-REVENUE),,,
cols=6,965,2021,49700 Insurance Recovery,"5,554",0,0
cols=6,966,2021,Total Estimated Other Source(Non-Revenue),"5,554",0,0
cols=6,967,2021,Total Estimated Revenues and Other Source,"12,749","53,500","53,500"
cols=6,968,2021,ESTIMATED EXPENDITURES,,,
cols=6,969,2021,54110 SHERIFF'S DEPARTMENT,,,
cols=6,970,2021,355 Travel,0,0,0
cols=6,971,2021,431 Law Enforcement Supplies,0,0,0
cols=6,972,2021,524 Inservice,0,0,0
cols=6,973,2021,599 Other Charges,"9,491",0,"10,000"
cols=6,974,2021,716 Law Enforcement Equipment,0,0,0
cols=6,975,2021,718 Motor Vehicles,"49,550",0,0
cols=6,976,2021,Total Estimated Expenditures,"59,041",0,"10,000"
cols=6,977,2021,Excess of Estimated Revenue Over,,,
cols=6,978,2021,(Under) Estimated Expenditures,"-46,292","53,500","43,500"
cols=6,979,2021,Estimated Beginning Fund Balance July 1,"146,065","99,773","160,000"
cols=6,980,2021,Estimated Ending Fund Balance June 30,"99,773","153,273","203,500"
cols=6,981,2021,"Adequate Facilities Tax Fund 125 Statement of Proposed Operations For the Fiscal Year Ending June 30, 2022 Account No. Description",Actual 2019-2020,Original Estimated 2020-2021,Estimated 2021-2022
cols=6,982,2021,ESTIMATED REVENUES,,,
cols=6,983,2021,40200 COUNTY LOCAL OPTION TAXES,,,
cols=6,984,2021,40285 Adequate Facilities/Development Tax,"193,231","160,000","280,000"
cols=6,985,2021,Total Local Option Taxes,"193,231","160,000","280,000"
cols=6,986,2021,Total Revenues,"193,231","160,000","280,000"
cols=6,987,2021,ESTIMATED EXPENDITURES,,,
cols=6,988,2021,50000 GENERAL COUNTY OPERATIONS,,,
cols=6,989,2021,51730 Building,,,
cols=6,990,2021,509 Refunds,0,0,0
cols=6,991,2021,510 Trustee's Commission,"1,962","2,500","2,500"
cols=6,992,2021,Total Building,"1,962","2,500","2,500"
cols=6,993,2021,90000 CAPITAL PROJECTS,,,
cols=6,994,2021,91130 Public Safety Projects,,,
cols=6,995,2021,707 Building Improvements,"177,500",0,0
cols=6,996,2021,Total Public Safety Projects,"177,500",0,0
cols=6,997,2021,99100 TRANSFERS OUT,,,
cols=6,998,2021,590 Transfers to Other Funds,0,0,"280,000"
cols=6,999,2021,Total Transfers Out,0,0,"280,000"
cols=6,1000,2021,Total Estimated Expenditures,"179,462","2,500","282,500"
cols=6,1001,2021,Excess of Estimated Revenue and Other,,,
cols=6,1002,2021,Sources over/under Estimated Expendit,"13,769","157,500","-2,500"
cols=6,1003,2021,Estimated Beginning Fund Balance July,"644,519","658,288","900,000"
cols=6,1004,2021,Estimated Ending Fund Balance June 3(,"658,288","815,788","897,500"
cols=7,1005,2021,Account No. Description,Actual 2019-2020,Original Estimate 2020-2021,Estimate 2021-2022
cols=7,1006,2021,ESTIMATED REVENUES,,,
cols=7,1007,2021,40000 LOCAL TAXES,,,
cols=7,1008,2021,40100 County Property Taxes,,,
cols=7,1009,2021,40110 Current Property Taxes,"267,896","263,450","287,140"
cols=7,1010,2021,40120 Trustee's Collection Prior Year,"6,783","12,930","12,930"
cols=7,1011,2021,40125 Trustee's Collection Bankruptcy,63,,0
cols=7,1012,2021,40130 Circuit/Clerk & Master Coll Prior Years,"2,368","7,000","7,000"
cols=7,1013,2021,40140 Interest and Penalty,"1,452","2,260","2,260"
cols=7,1014,2021,40161 Payments in Lieu of Taxes TVA,301,350,350
cols=7,1015,2021,40200 County Local Option Taxes,,,
cols=7,1016,2021,40270 Business Tax,"2,982","3,500","3,500"
cols=7,1017,2021,40280 Mineral Severance Tax,"58,158","85,000","85,000"
cols=7,1018,2021,Total Local Taxes,"340,003","374,490","398,180"
cols=7,1019,2021,43100 General Service Charge,,,
cols=7,1020,2021,43102 Other Employee Benefit Charges/Contributions,"4,824","3,600","4,825"
cols=7,1021,2021,Total General Services Charge,"4,824","3,600","4,825"
cols=7,1022,2021,43000 CHARGES FOR CURRENT SERVICES,,,
cols=7,1023,2021,43380 Vending Machines Collections,"1,072","2,600","2,600"
cols=7,1024,2021,Total Charges for Current Services,"1,072","2,600","2,600"
cols=7,1025,2021,44000 OTHER LOCAL REVENUES,,,
cols=7,1026,2021,44100 Recurring Items,,,
cols=7,1027,2021,44145 Sale of Recycled Materials,866,"4,500","4,500"
cols=7,1028,2021,44170 Miscellaneous Refunds,"6,544",0,0
cols=7,1029,2021,44500 Nonrecurring Items,,,
cols=7,1030,2021,44530 Sale of Equipment,"64,082","100,000","100,000"
cols=7,1031,2021,Total Other Local Revenues,"71,492","104,500","104,500"
cols=7,1032,2021,46000 STATE OF TENNESSEE,,,
cols=7,1033,2021,46400 Public Works Grants,,,
cols=7,1034,2021,46410 Bridge Program,"1,141,451","1,138,600","1,851,368"
cols=7,1035,2021,46420 State Aid Program,"302,659","659,455","659,455"
cols=7,1036,2021,46851 State Revenue Sharing TVA,"20,295","22,000","22,000"
cols=7,1037,2021,46920 Gasoline and Motor Fuel Tax,"2,595,719","2,617,836","2,617,836"
cols=7,1038,2021,46930 Petroleum Special Tax,"17,815","19,140","19,140"
cols=7,1039,2021,46980 Other State Grants,"24,828",0,0
cols=7,1040,2021,Total State of Tennessee,"4,102,767","4,457,031","5,169,799"
cols=7,1041,2021,Account No. Description,Actual 2019-2020,Original Estimate 2020-2021,Estimate 2021-2022
cols=7,1042,2021,47100 Federal Through State,,,
cols=7,1043,2021,47230 Disaster Relief,"148,970","200,000","200,000"
cols=7,1044,2021,47600 Direct Federal Revenue,,,
cols=7,1045,2021,47990 Other Direct Federal Revenue,"234,474","300,000","300,000"
cols=7,1046,2021,Total Federal Government,"383,444","500,000","500,000"
cols=7,1047,2021,48000 OTHER GOVERNMENTS AND CITIZENS GROUP,,,
cols=7,1048,2021,48100 Other Governments,,,
cols=7,1049,2021,48120 Paving and Maintenance,"32,323",0,0
cols=7,1050,2021,Total Other Governments,"32,323",0,0
cols=7,1051,2021,Total Estimated Revenue,"4,935,925","5,442,221","6,179,904"
cols=7,1052,2021,49000 OTHER SOURCES (NON-REVENUE),,,
cols=7,1053,2021,49700 Insurance Recovery,"81,760",0,0
cols=7,1054,2021,49800 Transfers In,0,0,0
cols=7,1055,2021,Total Other Sources (Non-Revenue),"81,760",0,0
cols=7,1056,2021,Total Estimated Revenues and Other Sources,"5,017,685","5,442,221","6,179,904"
cols=7,1057,2021,ESTIMATED EXPENDITURES,,,
cols=7,1058,2021,61000 ADMINISTRATION,,,
cols=7,1059,2021,101 County Official/Administrative Officer,"85,768","88,735","88,735"
cols=7,1060,2021,140 Salary Supplement,"2,099","4,500","4,500"
cols=7,1061,2021,161 Secretary,"36,672","37,377","39,960"
cols=7,1062,2021,169 Part-time Personnel,"13,243","17,060","33,950"
cols=7,1063,2021,187 Overtime Pay,"1,589","4,500","4,500"
cols=7,1064,2021,191 Board and Committee Members Fees,"16,800","16,800","16,800"
cols=7,1065,2021,316 Contributions,500,500,500
cols=7,1066,2021,317 Data Processing Services,0,400,400
cols=7,1067,2021,320 Dues and Memberships,"3,700","3,750","3,875"
cols=7,1068,2021,"332 Legal Notices, Recording and Court Costs",357,400,400
cols=7,1069,2021,348 Postal Charges,0,300,300
cols=7,1070,2021,355 Travel,"1,210","2,500","2,500"
cols=7,1071,2021,399 Other Contracted Services,"7,075","8,200","8,200"
cols=7,1072,2021,435 Office Supplies,344,"1,050","1,050"
cols=7,1073,2021,508 Premiums on Corporate Surety Bonds,100,"2,000","2,000"
cols=7,1074,2021,524 In-Service/Staff Developement,315,"2,500","2,500"
cols=7,1075,2021,719 Office Equipment,"2,966","5,000","10,000"
cols=7,1076,2021,Total Administration,"172,738","195,572","220,170"
cols=7,1077,2021,62000 HIGHWAY AND BRIDGE MAINTENANCE,,,
cols=7,1078,2021,140 Salary Supplements,"1,500","1,500","1,500"
cols=7,1079,2021,141 Foremen,"232,136","293,761","293,761"
cols=7,1080,2021,143 Equipment Operators,"318,826","351,624","375,495"
cols=7,1081,2021,149 Laborers,"236,310","286,313","302,230"
cols=6,1082,2021,Account No. Description,Actual 2019-2020,Original Estimate 2020-2021,Estimate 2021-2022
cols=6,1083,2021,187 Overtime Pay,"17,948","50,000","50,000"
cols=6,1084,2021,323 Explosive and Drilling Services,0,"2,000","2,000"
cols=6,1085,2021,403 Asphalt-Cold Mix,"42,437","75,000","75,000"
cols=6,1086,2021,405 Asphalt-Liquid,"266,219","450,000","450,000"
cols=6,1087,2021,409 Crushed Stone,"213,503","400,000","400,000"
cols=6,1088,2021,426 General Construction Materials,"14,840","10,000","15,000"
cols=6,1089,2021,436 Other Road Supplies,"16,480","45,000","45,000"
cols=6,1090,2021,438 Pipe,"14,387","30,000","30,000"
cols=6,1091,2021,443 Road Signs,"14,583","18,000","18,000"
cols=6,1092,2021,444 Salt,0,"5,000","5,000"
cols=6,1093,2021,446 Small Tools,"1,132","8,000","8,000"
cols=6,1094,2021,455 Wood Products,0,"5,000","5,000"
cols=6,1095,2021,468 Chemical,"4,800","10,000","10,000"
cols=6,1096,2021,Total Highway and Bridge Maintenance,"1,395,101","2,041,198","2,085,986"
cols=6,1097,2021,63100 OPERATION AND MAINTENANCE OF EQUIPMENT,,,
cols=6,1098,2021,141 Foremen,"36,821","39,992","39,992"
cols=6,1099,2021,142 Mechanic(s),"37,453","38,367","31,860"
cols=6,1100,2021,187 Overtime Pay,"2,035","7,500","5,000"
cols=6,1101,2021,329 Laundry Services,"9,462","10,000","12,000"
cols=6,1102,2021,412 Diesel Fuel,"75,501","150,000","150,000"
cols=6,1103,2021,418 Equipment and Machinery Parts,"148,559","145,000","150,000"
cols=6,1104,2021,424 Garage Supplies,"17,297","50,000","50,000"
cols=6,1105,2021,425 Gasoline,"18,987","38,500","38,500"
cols=6,1106,2021,433 Lubricants,"11,035","20,000","20,000"
cols=6,1107,2021,450 Tires and Tubes,"21,106","50,000","50,000"
cols=6,1108,2021,599 Other Charges,841,"1,500","1,500"
cols=6,1109,2021,Total Operation and Maintenance of Equip,"379,097","550,859","548,852"
cols=6,1110,2021,65000 OTHER CHARGES,,,
cols=6,1111,2021,307 Communication,"1,836","7,500","7,500"
cols=6,1112,2021,331 Legal Services,75,"3,500","3,500"
cols=6,1113,2021,415 Electricity,"4,626","8,000","8,000"
cols=6,1114,2021,454 Water and Sewer,"3,903","6,500","6,500"
cols=6,1115,2021,505 Judgments,0,0,0
cols=6,1116,2021,506 Liability Insurance,"53,494","60,000","60,000"
cols=6,1117,2021,510 Trustees Commission,"32,815","35,000","35,000"
cols=6,1118,2021,Total Other Charges,"96,749","120,500","120,500"
cols=6,1119,2021,66000 EMPLOYEE BENEFITS,,,
cols=6,1120,2021,201 Social Security,"75,764","114,600","114,600"
cols=6,1121,2021,204 State Retirement,"108,695","145,000","145,000"
cols=6,1122,2021,205 Employee and Dependent Insurance,"371,784","489,250","506,375"
cols=6,1123,2021,210 Unemployment Compensation,"6,939","17,000","17,000"
cols=6,1124,2021,513 Worker's Compensation Insurance,"116,971","141,773","146,735"
cols=6,1125,2021,599 Other Charges,872,"7,500","7,500"
cols=6,1126,2021,Total Employees Benefits,"681,025","915,123","937,210"
cols=7,1127,2021,Account No. Description,Actual 2019-2020,Original Estimate 2020-2021,Estimate 2021-2022
cols=7,1128,2021,68000 CAPITAL OUTLAY,,,
cols=7,1129,2021,705 Bridge Construction,"1,096,751","800,000","1,600,000"
cols=7,1130,2021,708 Communication Equipment,"3,559","4,000","4,000"
cols=7,1131,2021,713 Highway Construction,"535,323","750,000","750,000"
cols=7,1132,2021,714 Highway Equipment,"36,880","75,000","75,000"
cols=7,1133,2021,718 Motor Vehicles,"7,500","35,000","35,000"
cols=7,1134,2021,791 Other Construction,0,"15,000","15,000"
cols=7,1135,2021,Total Capital Outlay,"1,680,013","1,679,000","2,479,000"
cols=7,1136,2021,Total Estimated Expenditures,"4,404,723","5,502,252","6,391,718"
cols=7,1137,2021,99000 OTHER USES,,,
cols=7,1138,2021,99100 Transfers Out,,,
cols=7,1139,2021,590 Transfers to Other Funds,"128,428","128,428","121,088"
cols=7,1140,2021,Total Other Uses,"128,428","128,428","121,088"
cols=7,1141,2021,Total Estimated Expenditures and Other Uses,"4,533,151","5,630,680","6,512,806"
cols=7,1142,2021,Excess of Estimated Revenue Over (Under),,,
cols=7,1143,2021,Estimated Expenditures and Other Uses,"484,534","-188,459","-332,902"
cols=7,1144,2021,Estimated Beginning Fund Balance July 1,"1,066,093","1,550,627","1,900,000"
cols=7,1145,2021,Fund Balance Audit Adjustment,,,
cols=7,1146,2021,Estimated Ending Fund Balance June 30,"1,550,627","1,362,168","1,567,098"
cols=6,1147,2021,Account No. Description,Actual 2019-2020,Original Estimate 2020-2021,Estimate 2021-2022
cols=6,1148,2021,ESTIMATED REVENUES,,,
cols=6,1149,2021,40000 Local Taxes,,,
cols=6,1150,2021,40100 County Property Taxes,,,
cols=6,1151,2021,40110 Current Property Taxes,"3,093,596","3,042,197","2,953,439"
cols=6,1152,2021,40120 Trustee's Collection - Prior Year,"80,232","100,000","80,000"
cols=6,1153,2021,40125 Trustee's Collection - Bankruptcy,747,,
cols=6,1154,2021,40130 Circuit/Clerk & Master Collections - Prior Years,"27,980","55,000","45,000"
cols=6,1155,2021,40140 Interest and Penalty,"17,075","21,000","21,000"
cols=6,1156,2021,40161 Payments in Lieu of Taxes - TVA,"3,485","4,000","4,000"
cols=6,1157,2021,40162 Payments in Lieu of Taxes - Local Utilities,"6,000","6,000","6,000"
cols=6,1158,2021,40200 County Local Option Taxes,,,
cols=6,1159,2021,40210 Local Option Sales Tax,"1,822,998","1,550,000","2,100,000"
cols=6,1160,2021,40270 Business Tax,"34,466","30,000","30,000"
cols=6,1161,2021,40300 Statutory Local Taxes,,,
cols=6,1162,2021,40320 Bank Excise Tax,0,"30,000",0
cols=6,1163,2021,40350 Interstate Telecommunication Tax,0,"1,500",0
cols=6,1164,2021,Total Local Taxes,"5,086,579","4,839,697","5,239,439"
cols=6,1165,2021,41000 Licenses and Permits,,,
cols=6,1166,2021,41100 Licenses,,,
cols=6,1167,2021,41110 Marriage Licenses,"1,235","1,300","1,300"
cols=6,1168,2021,Total Licenses and Permits,"1,235","1,300","1,300"
cols=6,1169,2021,43000 Charges for Current Services,,,
cols=6,1170,2021,43500 Education Charges,,,
cols=6,1171,2021,43513 Tuition - Summer School,0,0,0
cols=6,1172,2021,43517 Tuition - Other,"2,500","2,000","2,000"
cols=6,1173,2021,43570 Receipts from Individual Schools,"27,964","60,000","30,000"
cols=6,1174,2021,43582 Community Service Fees Adults,189,200,200
cols=6,1175,2021,Total Charges for Current Services,"30,653","62,200","32,200"
cols=6,1176,2021,44000 Other Local Revenues,,,
cols=6,1177,2021,44100 Recurring Items,,,
cols=6,1178,2021,44110 Investment Income,"4,747",0,0
cols=6,1179,2021,44120 Lease/Rentals,680,"1,000","1,000"
cols=6,1180,2021,44146 Refund of Telecommunication/Internet Fees (E,0,0,
cols=6,1181,2021,44170 Miscellaneous Refunds,"12,237","40,000","30,000"
cols=6,1182,2021,44500 Nonrecurring Items,,,
cols=6,1183,2021,44512 Gain on Retirement of Debt (Gasb 54),"126,049",0,0
cols=6,1184,2021,44530 Sale of Equipment,"11,401","5,000","10,000"
cols=6,1185,2021,44560 Damages Recovered from Individuals,"2,680","3,000","3,000"
cols=6,1186,2021,44570 Contributions and Gifts,"9,557","15,000","15,000"
cols=7,1187,2021,Account No. Description,Actual 2019-2020,Original Estimate 2020-2021,Estimate 2021-2022
cols=7,1188,2021,44990 Other Local Revenues,0,0,0
cols=7,1189,2021,Total Other Local Revenues,"167,351","64,000","59,000"
cols=7,1190,2021,Total Local Revenue,"5,285,818","4,967,197","5,331,939"
cols=7,1191,2021,46000 State of Tennessee,,,
cols=7,1192,2021,46175 On-Behalf Contributions for OPEB,"62,869",0,0
cols=7,1193,2021,46500 State Education Funds,,,
cols=7,1194,2021,46511 Basic Education Program,"22,353,819","22,516,000","22,770,000"
cols=7,1195,2021,46515 Early Childhood Education,"415,782","419,362","417,796"
cols=7,1196,2021,46520 School Food Service,"20,372","22,000","22,000"
cols=7,1197,2021,46550 Driver Education,"4,914","10,000","10,000"
cols=7,1198,2021,46590 Other State Education Funds,"240,878","240,000","240,000"
cols=7,1199,2021,46591 Coordinated School Health,"90,000","90,000","90,000"
cols=7,1200,2021,46594 Family Resource Centers,"59,223","59,223","59,223"
cols=7,1201,2021,46595 SSMS ARRA,0,0,0
cols=7,1202,2021,46610 Career Ladder Program,"52,685","60,000","50,000"
cols=7,1203,2021,46640 Vocational Equipment,0,0,0
cols=7,1204,2021,46800 Other State Revenues,,,
cols=7,1205,2021,46851 State Revenue Sharing - TVA,"234,357","250,000","240,000"
cols=7,1206,2021,46980 Other State Grants,"339,828","300,000",0
cols=7,1207,2021,46981 Safe Schools,"104,803","88,000","86,560"
cols=7,1208,2021,46990 Other State Revenues,"5,407","20,000","15,000"
cols=7,1209,2021,Total State of Tennessee,"23,984,937","24,074,585","24,000,579"
cols=7,1210,2021,47000 Federal Government,,,
cols=7,1211,2021,47100 Federal Through State,,,
cols=7,1212,2021,47304 COVID-19-Remote Technology Grant,0,0,0
cols=7,1213,2021,47590 Other Federal Through State,0,0,0
cols=7,1214,2021,47600 Direct Federal Revenue,,,
cols=7,1215,2021,47640 ROTC Reimbursement,"70,443","60,000","70,000"
cols=7,1216,2021,Total Federal Government,"70,443","60,000","70,000"
cols=7,1217,2021,48000 Other Governments and Citizens Groups,,,
cols=7,1218,2021,48990 Other,"48,800","40,000",0
cols=7,1219,2021,Total Other Governments and Citizens Groups,"48,800","40,000",0
cols=7,1220,2021,Total Estimated Revenues,"29,389,998","29,141,782","29,402,518"
cols=7,1221,2021,49000 OTHER SOURCES (NON-REVENUE),,,
cols=7,1222,2021,49700 Insurance Recovery,0,"10,000","10,000"
cols=7,1223,2021,49800 Transfers In,"22,096","25,000","25,000"
cols=7,1224,2021,Total Other Sources,"22,096","35,000","35,000"
cols=7,1225,2021,Total Estimated Revenues & Other Sources,"29,412,094","29,176,782","29,437,518"
cols=6,1226,2021,Account No. Description,Actual 2019-2020,Original Estimate 2020-2021,Estimate 2021-2022
cols=6,1227,2021,ESTIMATED EXPENDITURES,,,
cols=6,1228,2021,71000 Instruction,,,
cols=6,1229,2021,71100 Regular Instruction Program,,,
cols=6,1230,2021,116 Teachers,"8,250,561","9,189,095","9,505,579"
cols=6,1231,2021,117 Career Ladder Program,"48,000","50,000","50,000"
cols=6,1232,2021,128 Homebound Teachers,0,"12,000","12,000"
cols=6,1233,2021,140 Salary Supplements,"282,065","310,318","319,317"
cols=6,1234,2021,163 Educational Assistants,"352,425","352,000","300,000"
cols=6,1235,2021,188 Bonus Payments,"368,202",0,
cols=6,1236,2021,189 Other Salaries and Wages,"349,053","400,000","400,000"
cols=6,1237,2021,198 Non-Certified Substitute Teachers,"134,992","146,000","150,000"
cols=6,1238,2021,201 Social Security,"719,730","802,058","821,373"
cols=6,1239,2021,204 State Retirement,"860,065","1,074,110","1,167,735"
cols=6,1240,2021,207 Medical Insurance,"1,377,832","1,400,000","1,442,000"
cols=6,1241,2021,336 Maint and Repair Service - Equipment,"4,000","8,000","16,000"
cols=6,1242,2021,399 Other Contracted Services,"32,500","35,000","85,000"
cols=6,1243,2021,429 Instructional Supplies and Materials,"101,103","117,000","120,000"
cols=6,1244,2021,449 Textbooks,"277,932","300,000","100,000"
cols=6,1245,2021,499 Other Supplies and Materials,"9,086","8,000","10,000"
cols=6,1246,2021,722 Regular Instructional Equipment,"90,326","100,000","100,000"
cols=6,1247,2021,Total Instructional Program,"13,257,872","14,303,581","14,599,004"
cols=6,1248,2021,71150 Alternative Instruction Program,,,
cols=6,1249,2021,116 Teachers,"98,200","108,600","112,000"
cols=6,1250,2021,163 Educational Assistants,"17,830","18,500","19,000"
cols=6,1251,2021,188 Bonus Payments,"9,100",0,
cols=6,1252,2021,201 Social Security,"9,159","9,723","10,022"
cols=6,1253,2021,204 State Retirement,"13,014","13,703","14,449"
cols=6,1254,2021,207 Medical Insurance,"16,944","18,000","23,700"
cols=6,1255,2021,429 Instructional Supplies and Materials,206,500,500
cols=6,1256,2021,499 Other Supplies and Materials,353,500,"1,000"
cols=6,1257,2021,Total Alternative Schools,"164,806","169,526","180,671"
cols=6,1258,2021,71200 Special Education Program,,,
cols=6,1259,2021,116 Teachers,"1,427,939","1,625,000","1,625,000"
cols=6,1260,2021,124 Psychological Personnel,"59,478","63,000","64,000"
cols=6,1261,2021,128 Homebound Teachers,"28,031","23,000","23,000"
cols=6,1262,2021,163 Educational Assistants,"212,304","230,000","317,143"
cols=6,1263,2021,171 Speech Pathologist,"187,456","201,050","214,878"
cols=6,1264,2021,188 Bonus Payments,"78,800",0,0
cols=6,1265,2021,201 Social Security,"142,325","163,867","171,668"
cols=6,1266,2021,204 State Retirement,"217,004","228,016","223,814"
cols=6,1267,2021,207 Medical Insurance,"307,866","320,000","329,600"
cols=6,1268,2021,399 Other Contracted Services,"195,237","195,000","225,000"
cols=6,1269,2021,Total Special Educational Program,"2,856,440","3,048,933","3,194,103"
cols=6,1270,2021,71300 Career and Technical Education Program,,,
cols=6,1271,2021,116 Teachers,"636,053","770,000","770,000"
cols=6,1272,2021,Account No. Description,Actual 2019-2020,Original Estimate 2020-2021,Estimate 2021-2022
cols=6,1273,2021,140 Supplements,"12,000","12,000","12,000"
cols=6,1274,2021,188 Bonus Payments,"33,600",0,0
cols=6,1275,2021,198 Non-Certified Substitute Teachers,"13,342","15,000","15,000"
cols=6,1276,2021,201 Social Security,"51,309","60,971","60,971"
cols=6,1277,2021,204 State Retirement,"76,556","83,127","86,255"
cols=6,1278,2021,207 Medical Insurance,"83,620","101,000","104,030"
cols=6,1279,2021,399 Other Contracted Services,"7,111","15,000","15,000"
cols=6,1280,2021,429 Instructional Supplies and Materials,"2,992",0,0
cols=6,1281,2021,449 Text Books,0,0,"100,000"
cols=6,1282,2021,499 Other Supplies and Materials,"13,071","15,000","15,000"
cols=6,1283,2021,730 Vocational Instruction Equipment,"56,715","32,000","32,000"
cols=6,1284,2021,790 Other Equipment,0,0,0
cols=6,1285,2021,Total Vocational Education Program,"986,369","1,104,098","1,210,256"
cols=6,1286,2021,Total Instruction,"17,265,487","18,626,138","19,184,034"
cols=6,1287,2021,72000 Support Services,,,
cols=6,1288,2021,72110 Attendance,,,
cols=6,1289,2021,105 Supervisor/Director,"67,480","73,000","77,000"
cols=6,1290,2021,189 Other Salaries & Wages,"31,500","31,500","36,894"
cols=6,1291,2021,201 Social Security,"7,550","7,994","8,713"
cols=6,1292,2021,204 State Retirement,"10,294","11,277","12,563"
cols=6,1293,2021,207 Medical Insurance,"3,900","11,850","15,800"
cols=6,1294,2021,355 Travel,"2,833","5,000","5,000"
cols=6,1295,2021,399 Other Contracted Services,"12,000","12,000","17,000"
cols=6,1296,2021,499 Other Supplies and Materials,"4,024","2,000","2,000"
cols=6,1297,2021,524 In Service/Staff Development,340,"1,000","1,000"
cols=6,1298,2021,722 Regular Instruction Equipment,0,0,
cols=6,1299,2021,Total Attendance,"139,921","155,621","175,970"
cols=6,1300,2021,72120 Health Services,,,
cols=6,1301,2021,131 Medical Personnel,"135,951","150,600","153,612"
cols=6,1302,2021,189 Other Salaries & Wages,"101,050","102,750","105,833"
cols=6,1303,2021,201 Social security,"17,658","19,381","19,847"
cols=6,1304,2021,204 State Retirement,"24,648","26,019","28,616"
cols=6,1305,2021,207 Medical Insurance,"31,024","40,000","49,100"
cols=6,1306,2021,355 Travel,"2,980","3,500","3,500"
cols=6,1307,2021,399 Other Contracted Services,"2,702","4,000","4,000"
cols=6,1308,2021,413 Drugs and Medical Supplies,"3,135","3,500","4,500"
cols=6,1309,2021,499 Other Supplies and Materials,"3,016","3,000","3,000"
cols=6,1310,2021,524 Inservice,"1,240","2,000","2,000"
cols=6,1311,2021,599 Other Charges,0,0,"2,000"
cols=6,1312,2021,735 Health Equipment,"8,159","8,000","10,000"
cols=6,1313,2021,Total Health Service,"331,563","362,750","386,008"
cols=6,1314,2021,72130 Other Student Support,,,
cols=6,1315,2021,123 Guidance Personnel,"511,807","572,490","590,000"
cols=6,1316,2021,188 Bonus Payments,"16,250",0,0
cols=6,1317,2021,Account No. Description,Actual 2019-2020,Original Estimate 2020-2021,Estimate 2021-2022
cols=6,1318,2021,189 Other Salaries and Wages,"74,520","80,760","82,560"
cols=6,1319,2021,201 Social Security,"43,608","49,974","51,451"
cols=6,1320,2021,204 State Retirement,"62,668","67,089","74,183"
cols=6,1321,2021,207 Medical Insurance,"63,050","65,000","66,950"
cols=6,1322,2021,322 Evaluating and Testing,"2,925","40,000","40,000"
cols=6,1323,2021,344 Payments to Schools - Other,"66,440","80,000","80,000"
cols=6,1324,2021,355 Travel,"2,740","3,000","3,000"
cols=6,1325,2021,399 Other Contracted Services,"17,464","23,000","25,000"
cols=6,1326,2021,499 Other Supplies and Materials,"2,854","4,000","4,000"
cols=6,1327,2021,524 Inservice,0,"3,000","3,000"
cols=6,1328,2021,Total Other Student Support,"864,326","988,313","1,020,144"
cols=6,1329,2021,72210 Regular Instruction Program,,,
cols=6,1330,2021,105 Supervisor/Director,"72,450","78,820","71,970"
cols=6,1331,2021,129 Librarians,"339,180","420,000","430,000"
cols=6,1332,2021,161 Secretary(s),"185,931","182,000","200,000"
cols=6,1333,2021,162 Clerical Personnel,"181,739","210,000","200,000"
cols=6,1334,2021,188 Bonus Payments,"24,000",0,0
cols=6,1335,2021,189 Other Salaries and Wages,0,"20,000","20,000"
cols=6,1336,2021,201 Social Security,"56,188","69,678","70,531"
cols=6,1337,2021,204 State Retirement,"97,330","107,300","101,693"
cols=6,1338,2021,207 Medical Insurance,"144,332","158,000","162,740"
cols=6,1339,2021,336 Maint and Repair Services - Equipment,0,"2,500","2,500"
cols=6,1340,2021,355 Travel,950,"5,000","5,000"
cols=6,1341,2021,399 Other Contracted Services,"7,827","12,000","15,000"
cols=6,1342,2021,432 Library Books and Media,"4,000","4,000","4,000"
cols=6,1343,2021,429 Instructional Supplies and Materials,0,0,0
cols=6,1344,2021,499 Other Supplies and Materials,225,"3,600","3,600"
cols=6,1345,2021,524 In-Service/Staff Development,385,"2,000","2,000"
cols=6,1346,2021,722 Regular Instruction Equipment,"6,855","7,500","8,000"
cols=6,1347,2021,790 Other Equipment,"30,108","10,000","50,000"
cols=6,1348,2021,Total Regular Instruction Program,"1,151,500","1,292,398","1,347,034"
cols=6,1349,2021,72215 Alternative Instruction Program,,,
cols=6,1350,2021,355 Travel,0,0,0
cols=6,1351,2021,Total Alternative Instruction Program,0,0,0
cols=6,1352,2021,72220 Special Education Program,,,
cols=6,1353,2021,105 Supervisor/Director,"72,294","75,035","76,691"
cols=6,1354,2021,189 Other Salaries and Wages,"4,594","5,000","5,000"
cols=6,1355,2021,196 In-Service Training,"2,822","3,500","3,500"
cols=6,1356,2021,201 Social Security,"5,650","6,390","6,517"
cols=6,1357,2021,204 State Retirement,"8,450","8,877","9,397"
cols=6,1358,2021,207 Medical Insurance,"7,524","7,900","7,900"
cols=6,1359,2021,336 Maint and Repair Services - Equipment,"4,450","5,000","5,000"
cols=6,1360,2021,355 Travel,"6,957","7,500","7,500"
cols=6,1361,2021,Total Special Education Program,"112,741","119,202","121,505"
cols=6,1362,2021,Account No. Description,Actual 2019-2020,Original Estimate 2020-2021,Estimate 2021-2022
cols=6,1363,2021,72230 Career and Technical Education Program,,,
cols=6,1364,2021,105 Supervisor/Director,"76,280","79,521","81,320"
cols=6,1365,2021,201 Social Security,"5,537","6,083","6,221"
cols=6,1366,2021,204 State Retirement,"7,621","8,167","8,970"
cols=6,1367,2021,207 Medical Insurance,"7,524","7,900","7,900"
cols=6,1368,2021,336 Maint and Repair Services - Equipment,"1,000","3,000","3,000"
cols=6,1369,2021,355 Travel,322,"2,000","2,000"
cols=6,1370,2021,499 Other Supplies and Materials,422,"3,000","3,000"
cols=6,1371,2021,Total Vocational Education Program,"98,706","109,671","112,411"
cols=6,1372,2021,72250 Technology,,,
cols=6,1373,2021,105 Supervisor,"60,000","63,000","63,000"
cols=6,1374,2021,189 Other Salaries and Wages,"4,421","7,000","7,000"
cols=6,1375,2021,201 Social Security,"4,703","5,355","5,355"
cols=6,1376,2021,204 State Retirement,"7,065","9,646","8,312"
cols=6,1377,2021,207 Medical Insurance,"7,900","7,900","7,900"
cols=6,1378,2021,336 Maint and Repair Services - Equipment,"1,622","5,000","4,000"
cols=6,1379,2021,350 Internet Connectivity,0,0,"80,000"
cols=6,1380,2021,355 Travel,150,"2,000","2,000"
cols=6,1381,2021,399 Other Contracted Services,"138,378","140,000","75,000"
cols=6,1382,2021,499 Other Supplies and Materials,435,"2,000","2,000"
cols=6,1383,2021,722 Regular Instruction Equipment,"24,102","85,000","85,000"
cols=6,1384,2021,Total Technology,"248,776","326,901","339,567"
cols=6,1385,2021,72290 Other Programs,,,
cols=6,1386,2021,215 On-Behalf Payments for OPEB,"62,869","35,000","35,000"
cols=6,1387,2021,Total Other Programs,"62,869","35,000","35,000"
cols=6,1388,2021,72310 Board of Education,,,
cols=6,1389,2021,191 Board and Committee Members Fees,"6,519","13,000","13,000"
cols=6,1390,2021,196 In-Service Training,"6,567","12,000","12,000"
cols=6,1391,2021,201 Social Security,475,"1,000","1,913"
cols=6,1392,2021,305 Audit Services,"27,500","35,000","35,000"
cols=6,1393,2021,320 Dues and Memberships,"32,779","32,000","32,000"
cols=6,1394,2021,331 Legal Services,"27,635","40,000","40,000"
cols=6,1395,2021,399 Other Contracted Services,0,0,0
cols=6,1396,2021,505 Judgments,0,0,0
cols=6,1397,2021,506 Liability Insurance,"57,982","150,000","150,000"
cols=6,1398,2021,510 Trustees Commission,"121,008","125,000","125,000"
cols=6,1399,2021,513 Workers Compensation Insurance,"167,678","250,000","250,000"
cols=6,1400,2021,534 Refund to Applicant for Criminal Investigation,0,"1,000","1,000"
cols=6,1401,2021,599 Other Charges,"4,562","10,000","10,000"
cols=6,1402,2021,Total Board of Education,"452,705","669,000","669,913"
cols=6,1403,2021,72320 Director of Schools,,,
cols=6,1404,2021,101 County Official/Administrative Officer,"109,000","110,000","113,000"
cols=6,1405,2021,117 Career Ladder Program,"1,000","1,000","1,000"
cols=6,1406,2021,161 Secretary(s),"86,616","88,000","90,000"
cols=6,1407,2021,Account No. Description,Actual 2019-2020,Original Estimate 2020-2021,Estimate 2021-2022
cols=6,1408,2021,188 Bonus Payments,0,0,0
cols=6,1409,2021,189 Other Salaries and Wages,0,0,0
cols=6,1410,2021,201 Social Security,"14,810","15,224","15,606"
cols=6,1411,2021,204 State Retirement,"23,735","23,526","22,501"
cols=6,1412,2021,207 Medical Insurance,"11,900","11,900","12,257"
cols=6,1413,2021,307 Communication,499,"3,000","3,000"
cols=6,1414,2021,336 Maint and Repair Services - Equipment,"14,552","15,000","20,000"
cols=6,1415,2021,348 Postal Charges,0,"2,000","1,000"
cols=6,1416,2021,355 Travel,"2,330","4,000","3,400"
cols=6,1417,2021,399 Other Contracted Service,"3,075","2,500","5,000"
cols=6,1418,2021,435 Office Supplies,714,"2,500","2,500"
cols=6,1419,2021,499 Other Supplies and Materials,"1,352","4,500","3,500"
cols=6,1420,2021,599 Other Charges,"1,851",0,0
cols=6,1421,2021,Total Office of the Superintendent,"271,434","283,150","292,764"
cols=6,1422,2021,72410 Office of the Principal,,,
cols=6,1423,2021,104 Principals,"634,897","704,000","721,600"
cols=6,1424,2021,139 Assistant Principals,"446,652","485,000","500,000"
cols=6,1425,2021,189 Other Salaries and Wages,0,0,"75,000"
cols=6,1426,2021,201 Social Security,"79,752","90,959","99,190"
cols=6,1427,2021,204 State Retirement,"116,952","122,110","143,015"
cols=6,1428,2021,207 Medical Insurance,"110,478","126,000","145,780"
cols=6,1429,2021,348 Postal Charges,0,"1,600","1,600"
cols=6,1430,2021,355 Travel,0,"3,600","3,600"
cols=6,1431,2021,399 Other Contracted Services,"128,507","160,000","164,000"
cols=6,1432,2021,790 Other Equipment,0,0,0
cols=6,1433,2021,Total Office of the Principal,"1,517,238","1,693,269","1,853,785"
cols=6,1434,2021,72510 Fiscal Services,,,
cols=6,1435,2021,105 Supervisor/Director,0,0,0
cols=6,1436,2021,201 Social Security,0,0,0
cols=6,1437,2021,204 State Retirement,0,0,0
cols=6,1438,2021,207 Medical Insurance,0,0,0
cols=6,1439,2021,399 Other Contracted Services,"42,235","45,000","45,000"
cols=6,1440,2021,Total Fiscal Services,"42,235","45,000","45,000"
cols=6,1441,2021,72610 Operation of Plant,,,
cols=6,1442,2021,307 Communication,"41,730","50,000","50,000"
cols=6,1443,2021,399 Other Contracted Services,"553,231","710,000","710,000"
cols=6,1444,2021,410 Custodial Supplies,"23,269","35,000","35,000"
cols=6,1445,2021,415 Electricity,"754,531","915,000","915,000"
cols=6,1446,2021,434 Natural Gas,"77,626","125,000","165,000"
cols=6,1447,2021,454 Water and Sewer,"191,968","245,000","245,000"
cols=6,1448,2021,499 Other Supplies and Materials,"2,429","3,000","3,500"
cols=6,1449,2021,501 Boiler Insurance,"7,025","8,000","8,000"
cols=6,1450,2021,502 Building and Contents Insurance,"143,521","180,000","180,000"
cols=6,1451,2021,720 Plant Operation Equipment,"76,060","85,000","69,000"
cols=6,1452,2021,Total Operation of Plant,"1,871,390","2,356,000","2,380,500"
cols=7,1453,2021,Account No. Description,Actual 2019-2020,Original Estimate 2020-2021,Estimate 2021-2022
cols=7,1454,2021,72620 Maintenance of Plant,,,
cols=7,1455,2021,105 Supervisor/Director,"63,000","63,000","63,788"
cols=7,1456,2021,161 Secretary(s),"10,392","11,000","11,500"
cols=7,1457,2021,189 Other Salaries and Wages,"163,757","168,669","209,572"
cols=7,1458,2021,201 Social Security,"16,286","19,329","21,792"
cols=7,1459,2021,204 State Retirement,"26,005","33,440","31,420"
cols=7,1460,2021,207 Medical Insurance,"32,848","35,000","43,950"
cols=7,1461,2021,335 Maint & Repair Services - Building,"128,957","200,000","265,000"
cols=7,1462,2021,336 Maint & Repair Services - Equipment,"192,192","225,000","240,000"
cols=7,1463,2021,355 Travel,"4,181","5,000","5,000"
cols=7,1464,2021,399 Other Contracted Services,"183,005","182,000","195,000"
cols=7,1465,2021,418 Equipment and Machinery Parts,0,"9,000","9,000"
cols=7,1466,2021,425 Gasoline,0,0,0
cols=7,1467,2021,499 Other Supplies and Materials,472,"1,000","1,000"
cols=7,1468,2021,701 Administration Equipment,"13,383",0,0
cols=7,1469,2021,707 Building Improvements,"111,702",0,0
cols=7,1470,2021,717 Maintenance Equipment,"26,781",0,"88,000"
cols=7,1471,2021,Total Maintenance of Plant,"972,961","952,438","1,185,022"
cols=7,1472,2021,72710 Transportation,,,
cols=7,1473,2021,105 Supervisor/Director,"56,000","60,000","60,750"
cols=7,1474,2021,142 Mechanic(s),"79,109","92,630","120,409"
cols=7,1475,2021,146 Bus Drivers,"655,016","681,070","717,000"
cols=7,1476,2021,161 Secretary(s),"10,392","11,000","12,000"
cols=7,1477,2021,201 Social Security,"61,265","64,620","69,627"
cols=7,1478,2021,204 State Retirement,"89,931","116,400","100,391"
cols=7,1479,2021,207 Medical Insurance,"107,424","126,000","139,780"
cols=7,1480,2021,299 Other Fringe Benefits,"16,280","43,000","37,500"
cols=7,1481,2021,335 Maintenance and Repair Services - Building,0,0,"5,000"
cols=7,1482,2021,338 Maintenance and Repair Services - Vehicles,"23,720","25,000","25,000"
cols=7,1483,2021,355 Travel,0,"2,500","2,500"
cols=7,1484,2021,399 Other Contracted Services,"55,802","52,500","50,000"
cols=7,1485,2021,412 Diesel Fuel,"116,331","235,000","200,000"
cols=7,1486,2021,418 Equipment and Machinery Parts,0,"1,800","2,000"
cols=7,1487,2021,424 Garage Supplies,"2,679","3,150","3,500"
cols=7,1488,2021,425 Gasoline,"21,434","30,000","30,000"
cols=7,1489,2021,433 Lubricants,"3,195","12,000","12,000"
cols=7,1490,2021,442 Propane,0,0,"100,000"
cols=7,1491,2021,450 Tires and Tubes,"17,733","30,000","30,000"
cols=7,1492,2021,453 Vehicles Parts,"73,879","100,000","120,000"
cols=7,1493,2021,511 Vehicle and Equipment Insurance,"40,157","45,000","45,000"
cols=7,1494,2021,524 In Service/Staff Development,0,500,0
cols=7,1495,2021,720 Plant Operation Equipment,0,0,"40,000"
cols=7,1496,2021,729 Transportation Equipment,"758,833","600,000","450,000"
cols=7,1497,2021,Total Transportation,"2,189,180","2,332,170","2,372,457"
cols=7,1498,2021,72810 Central and Other,,,
cols=7,1499,2021,201 Social Security,0,"1,000",0
cols=6,1500,2021,Account No. Description,Actual 2019-2020,Original Estimate 2020-2021,Estimate 2021-2022
cols=6,1501,2021,207 Medical Insurance,0,0,0
cols=6,1502,2021,210 Unemployment Compensation,"6,020","35,000","35,000"
cols=6,1503,2021,299 Other Fringe Benefits,0,"5,000","5,000"
cols=6,1504,2021,316 Contributions,"133,500","152,500","152,500"
cols=6,1505,2021,399 Other Contracted Services,"24,984","30,000","35,000"
cols=6,1506,2021,499 Other Supplies and Materials,"17,290","30,000","30,000"
cols=6,1507,2021,599 Other Charges,"5,000",0,0
cols=6,1508,2021,Total Central and Other,"186,794","253,500","257,500"
cols=6,1509,2021,Total Support Services,"10,514,339","11,974,383","12,594,580"
cols=6,1510,2021,73000 Operation of Non-Instructional Services,,,
cols=6,1511,2021,73100 Food Service,,,
cols=6,1512,2021,105 Supervisor/Director,"23,333","23,800","30,000"
cols=6,1513,2021,201 Social Security,"1,744","1,821","2,295"
cols=6,1514,2021,204 State Retirement,"2,427","2,489","3,309"
cols=6,1515,2021,Total Food Service,"27,504","28,110","35,604"
cols=6,1516,2021,73300 Community Services,,,
cols=6,1517,2021,105 Supervisor/Director,"31,500","31,500","31,894"
cols=6,1518,2021,189 Other Salaries and Wages,"56,178","56,802","58,075"
cols=6,1519,2021,201 Social security,"6,253","6,755","6,883"
cols=6,1520,2021,204 State Retirement,"9,381","12,168","9,924"
cols=6,1521,2021,207 Medical Insurance,"16,944","18,000","18,540"
cols=6,1522,2021,499 Other Supplies and Materials,"5,000","5,000","5,000"
cols=6,1523,2021,524 Inservice,0,250,0
cols=6,1524,2021,719 Office Equipment,0,"2,000","2,000"
cols=6,1525,2021,Total Community Services,"125,256","132,475","132,316"
cols=6,1526,2021,73400 Early Childhood Education,,,
cols=6,1527,2021,105 Supervisor/Director,"36,700","39,820","40,720"
cols=6,1528,2021,116 Teachers,"176,562","190,700","195,800"
cols=6,1529,2021,163 Educational Assistants,"63,676","69,200","69,200"
cols=6,1530,2021,188 Bonus Payments,"9,250",0,0
cols=6,1531,2021,189 Other Salaries and Wages,"8,841","12,000","12,000"
cols=6,1532,2021,198 Non-Certified Substitute Teachers,"2,432","5,000","5,000"
cols=6,1533,2021,201 Social Security,"21,965","24,229","24,306"
cols=6,1534,2021,204 Retirement,"32,805","35,553","35,045"
cols=6,1535,2021,207 Medical Insurance,"48,000","48,000","50,470"
cols=6,1536,2021,355 Travel,320,500,500
cols=6,1537,2021,399 Other Contracted Services,400,"2,000","2,000"
cols=6,1538,2021,429 Instructional Supplies and Materials,"11,718","10,500","10,500"
cols=6,1539,2021,499 Other Supplies and Materials,"9,823","10,500","10,500"
cols=6,1540,2021,524 Inservice,"1,136","1,161","2,000"
cols=6,1541,2021,790 Other Equipment,"4,451","4,000","15,000"
cols=6,1542,2021,Total Early Childhood Education,"428,079","453,163","473,041"
cols=7,1543,2021,Account No. Description,Actual 2019-2020,Original Estimate 2020-2021,Estimate 2021-2022
cols=7,1544,2021,Total Operation of Non-Instructional Services,"580,839","613,748","640,961"
cols=7,1545,2021,76000 Capital Outlay,,,
cols=7,1546,2021,76100 Regular Capital Outlay,,,
cols=7,1547,2021,799 Other Capital Outlay,"314,245","105,000","450,000"
cols=7,1548,2021,Total Regular Capital Outlay,"314,245","105,000","450,000"
cols=7,1549,2021,82300 Other Debt Service,,,
cols=7,1550,2021,82330 Education,,,
cols=7,1551,2021,620 Debt Service Contribution to Primary Governm,"163,284",0,0
cols=7,1552,2021,Total Regular Capital Outlay,"163,284",0,0
cols=7,1553,2021,Total Estimated Expenditures,"28,838,194","31,319,269","32,869,575"
cols=7,1554,2021,99000 ESTIMATED OTHER USES,,,
cols=7,1555,2021,99100 Transfers Out,,,
cols=7,1556,2021,590 Transfers to Other Funds,"2,318","165,000","165,000"
cols=7,1557,2021,Total Estimated Other Uses,"2,318","165,000","165,000"
cols=7,1558,2021,Total Estimated Expenditures and Other Uses,"28,840,512","31,484,269","33,034,575"
cols=7,1559,2021,Excess of Estimated Revenues Over,,,
cols=7,1560,2021,(Under) Estimated Expenditures,"571,582","-2,307,487","-3,597,057"
cols=7,1561,2021,Estimated Beginning Fund Balances July 1,"8,800,863","9,372,445","9,372,445"
cols=7,1562,2021,Fund Balance Audit Adjustment Estimated Ending Fund Balances June 30,"9,372,445","7,064,958","5,775,388"
cols=7,1563,2021,Account No Description,Actual 2019-2020,Original Estimated 2020-2021,Estimated 2021-2022
cols=7,1564,2021,ESTIMATED REVENUES,,,
cols=7,1565,2021,43000 CHARGES FOR CURRENT SERVICES,,,
cols=7,1566,2021,43500 Education Charges,,,
cols=7,1567,2021,43521 Lunch Payments Children,"114,181","240,000",0
cols=7,1568,2021,43522 Lunch Payments Adults,"34,598","65,000","75,000"
cols=7,1569,2021,43523 Income from Breakfast,"37,168","65,000","10,000"
cols=7,1570,2021,43525 A la Carte Sales,"176,968","244,100","175,000"
cols=7,1571,2021,Total Charges for Current Services,"362,915","614,100","260,000"
cols=7,1572,2021,44000 OTHER LOCAL REVENUES,,,
cols=7,1573,2021,44100 Recurring Items,,,
cols=7,1574,2021,44110 Investment Income,187,200,200
cols=7,1575,2021,44500 Non-Recurring Items,,,
cols=7,1576,2021,44170 Miscellaneous Refunds,0,0,0
cols=7,1577,2021,44530 Sale of Equipment,114,0,0
cols=7,1578,2021,Total Other Local Revenues,301,200,200
cols=7,1579,2021,46000 STATE OF TENNESSEE,,,
cols=7,1580,2021,46800 Other State Revenue,,,
cols=7,1581,2021,46980 Other State Grants,"6,850",0,0
cols=7,1582,2021,46990 Other State Revenue,"1,093",0,0
cols=7,1583,2021,Total State of Tennessee,"7,943",0,0
cols=7,1584,2021,47000 FEDERAL GOVERNMENT,,,
cols=7,1585,2021,47100 Federal Through State,,,
cols=7,1586,2021,47111 USDA School Lunch Program,"783,920","1,065,000","1,340,000"
cols=7,1587,2021,47112 USDA-Commodities,"69,622",0,0
cols=7,1588,2021,47113 Breakfast,"326,017","480,000","560,000"
cols=7,1589,2021,47114 USDA-Other,"12,306","15,000","15,000"
cols=7,1590,2021,47115 USDA Food Service Equipment Grant,"9,679",0,0
cols=7,1591,2021,47301 COVID-19 Grant #1,"539,477",0,0
cols=7,1592,2021,Total Federal Government,"1,741,021","1,560,000","1,915,000"
cols=7,1593,2021,48000 OTHER GOVERNMENTS AND CITIZENS,GROUPS,,
cols=7,1594,2021,48100 Other Governments,,,
cols=7,1595,2021,48990 Other,"10,000",0,0
cols=7,1596,2021,Total Other Governments and Citizens Grou,"10,000",0,0
cols=7,1597,2021,TOTAL ESTIMATED REVENUE,"2,122,180","2,174,300","2,175,200"
cols=7,1598,2021,49000 ESTIMATED OTHER SOURCES(NON-REVENUE),,,
cols=7,1599,2021,49800 Transfer In,0,0,0
cols=7,1600,2021,Account No Description,Actual 2019-2020,Estimated 2020-2021,Estimated 2021-2022
cols=7,1601,2021,TOTAL ESTIMATE OTHER SOURCES,0,0,0
cols=7,1602,2021,TOTAL ESTIMATED REVENUE AND OTHE,"2,122,180","2,174,300","2,175,200"
cols=7,1603,2021,ESTIMATED EXPENDITURES,,,
cols=7,1604,2021,73000 OPERATION OF NON-INSTRUCTIONAL,SERVICES,,
cols=7,1605,2021,73100 Food Services,,,
cols=7,1606,2021,105 Supervisor/Director,"32,667","37,000","37,000"
cols=7,1607,2021,119 Accountants/Bookkeeper,"118,503","122,000","122,000"
cols=7,1608,2021,165 Cafeteria Personnel,"556,998","525,000","525,000"
cols=7,1609,2021,201 Social Security,"53,232","52,326","50,000"
cols=7,1610,2021,204 State Retirement,"66,920","75,445","73,200"
cols=7,1611,2021,207 Medical Insurance,"30,000","45,000","45,000"
cols=7,1612,2021,210 Unemployment Compensation,0,"6,500","4,000"
cols=7,1613,2021,307 Communication,"2,722","4,000","3,000"
cols=7,1614,2021,336 Maint & Repair Services - Equipment,"46,092","50,000","50,000"
cols=7,1615,2021,354 Transportation - Other than Students,"2,319","6,000","5,000"
cols=7,1616,2021,355 Travel,"3,931","2,000","3,000"
cols=7,1617,2021,399 Other Contracted Services,"47,378","55,000","55,000"
cols=7,1618,2021,422 Food Supplies,"993,095","1,040,000","1,040,000"
cols=7,1619,2021,452 Utilities,"1,653","4,000","3,000"
cols=7,1620,2021,469 USDA-Commodities,"69,622",0,0
cols=7,1621,2021,499 Other Supplies and Materials,"76,924","100,000","100,000"
cols=7,1622,2021,599 Other Charges,"19,916","15,000","20,000"
cols=7,1623,2021,710 Food Service Equipment,"9,999","35,000","40,000"
cols=7,1624,2021,Total Food Service,"2,131,971","2,174,271","2,175,200"
cols=7,1625,2021,Total Estimated Expenditures,"2,131,971","2,174,271","2,175,200"
cols=7,1626,2021,Excess of Estimated Revenues Over,,,
cols=7,1627,2021,(Under) Estimated Expenditures,"-9,791",29,0
cols=7,1628,2021,Estimated Beginning Fund Balance July 1,"467,508","457,717","500,000"
cols=7,1629,2021,Estimated Ending Fund Balance June 30,"457,717","457,746","500,000"
cols=7,1630,2021,Account No. Description,Actual 2019-2020,Original Estimated 2020-2021,Estimated 2021-2022
cols=7,1631,2021,ESTIMATED REVENUES,,,
cols=7,1632,2021,40000 LOCAL TAXES,,,
cols=7,1633,2021,40100 County Property Taxes,,,
cols=7,1634,2021,40110 Current Property Taxes,"132,141","129,937","82,040"
cols=7,1635,2021,40120 Trustee's Collection-Prior Year,"3,333","16,000","5,000"
cols=7,1636,2021,40125 Trustee's Collection-Bankruptcy,31,0,0
cols=7,1637,2021,40130 Circuit/Clerk & Master Coll-Prior Yea,"1,168","3,500","1,500"
cols=7,1638,2021,40140 Interest & Penalty,701,"2,500","1,000"
cols=7,1639,2021,40161 Payments in lieu of Taxes-TVA,148,250,250
cols=7,1640,2021,Total County Property Taxes,"137,522","152,187","89,790"
cols=7,1641,2021,40200 County Local Option Taxes,,,
cols=7,1642,2021,40210 Local Option Sales Taxes,"1,095,337","875,000","1,300,000"
cols=7,1643,2021,40240 Wheel Tax,"780,798","891,000","780,000"
cols=7,1644,2021,40270 Business Tax,"1,471","2,000","2,000"
cols=7,1645,2021,Total County Local Option Taxes,"1,877,606","1,768,000","2,082,000"
cols=7,1646,2021,40300 Statutory Local Taxes,,,
cols=7,1647,2021,40390 Other Stationary Local Taxes,0,0,0
cols=7,1648,2021,Total Statutory Local Taxes,0,0,0
cols=7,1649,2021,Total Local Taxes,"2,015,128","1,920,187","2,171,790"
cols=7,1650,2021,44000 OTHER LOCAL REVENUES,,,
cols=7,1651,2021,44100 Recurring Items,,,
cols=7,1652,2021,44110 Investment Income,"131,254","100,000","21,000"
cols=7,1653,2021,44170 Miscellaneous Revenue,0,0,0
cols=7,1654,2021,Total Recurring Items,"131,254","100,000","21,000"
cols=7,1655,2021,44500 Nonrecurring Items,,,
cols=7,1656,2021,44990 Other Local Revenue,0,0,0
cols=7,1657,2021,Total Nonrecurring Items,0,0,0
cols=7,1658,2021,Total Other Local Revenues,"131,254","100,000","21,000"
cols=7,1659,2021,46000 STATE OF TENNESSEE,,,
cols=7,1660,2021,46800 Other State Revenues,,,
cols=7,1661,2021,46851 State Revenue Sharing-TVA,"10,010","10,010","9,418"
cols=7,1662,2021,Total State of Tennessee,"10,010","10,010","9,418"
cols=7,1663,2021,Account No. Description,Actual 2019-2020,Original Estimated 2020-2021,Estimated 2021-2022
cols=7,1664,2021,48000 OTHER GOVERNMENTS AND,CITIZENS GROUPS,,
cols=7,1665,2021,48100 Other Governments,,,
cols=7,1666,2021,48130 Contributions,"163,284","163,284","163,284"
cols=7,1667,2021,Total Other Governments and Citize,"163,284","163,284","163,284"
cols=7,1668,2021,Total Estimated Revenues,"2,319,676","2,193,481","2,365,492"
cols=7,1669,2021,49000 ESTIMATED OTHER SOURCES,,,
cols=7,1670,2021,49800 Transfers In,"472,405","494,622","466,088"
cols=7,1671,2021,Total Estimated Other Sources,"472,405","494,622","466,088"
cols=7,1672,2021,Total Estimated Revenues and Othe,"2,792,081","2,688,103","2,831,580"
cols=7,1673,2021,ESTIMATED EXPENDITURES,,,
cols=7,1674,2021,82100 PRINCIPAL ON DEBT,,,
cols=7,1675,2021,82110 General Government,,,
cols=7,1676,2021,602 Principal on Notes,"113,037","118,054","123,096"
cols=7,1677,2021,612 Principal on Other Loans,"384,000","397,000","412,000"
cols=7,1678,2021,Total General Government,"497,037","515,054","535,096"
cols=7,1679,2021,82120 Highways and Streets,,,
cols=7,1680,2021,602 Principal on Notes,"60,944","66,500","71,300"
cols=7,1681,2021,Total Highways and Streets,"60,944","66,500","71,300"
cols=7,1682,2021,82130 Education,,,
cols=7,1683,2021,601 Principal on Bonds,0,0,0
cols=7,1684,2021,612 Principal on Other Loans,"1,589,812","1,624,012","1,661,212"
cols=7,1685,2021,Total Education,"1,589,812","1,624,012","1,661,212"
cols=7,1686,2021,Total Principal Payments,"2,147,793","2,205,566","2,267,608"
cols=7,1687,2021,82200 INTEREST ON DEBT,,,
cols=7,1688,2021,82210 General Government,,,
cols=7,1689,2021,604 Interest on Notes,"71,143","66,127","61,085"
cols=7,1690,2021,613 Interest on Other Loans,"61,352","172,129","159,737"
cols=7,1691,2021,Total General Government,"132,495","238,256","220,822"
cols=7,1692,2021,82220 Highway and Streets,,,
cols=7,1693,2021,604 Interest on Notes,"33,613","28,122","14,788"
cols=7,1694,2021,Total Highways and Streets,"33,613","28,122","14,788"
cols=7,1695,2021,Account No. Description,Actual 2019-2020,Original Estimated 2020-2021,Estimated 2021-2022
cols=7,1696,2021,82230 Education,,,
cols=7,1697,2021,603 Interest on Bonds,0,0,0
cols=7,1698,2021,613 Interest on other Loans,"259,999","417,136","378,108"
cols=7,1699,2021,Total Education,"259,999","417,136","378,108"
cols=7,1700,2021,82300 OTHER DEBT SERVICE,,,
cols=7,1701,2021,82310 General Government,,,
cols=7,1702,2021,510 Trustees Commission,"21,024","45,000","45,000"
cols=7,1703,2021,699 Other Debt Service,"30,112","28,608","26,359"
cols=7,1704,2021,Total General Government,"51,136","73,608","71,359"
cols=7,1705,2021,82330 Education,,,
cols=7,1706,2021,699 Other Debt Service,"74,514","68,053","61,416"
cols=7,1707,2021,Total Education,"74,514","68,053","61,416"
cols=7,1708,2021,Total Interest Payments,"551,757","825,175","746,493"
cols=7,1709,2021,Total Principal and Interest Payment,"2,699,550","3,030,741","3,014,101"
cols=7,1710,2021,99000 OTHER USES,,,
cols=7,1711,2021,99100 Transfers Out,,,
cols=7,1712,2021,590 Transfers to Other Funds,0,0,0
cols=7,1713,2021,Total Estimated Other Uses,0,0,0
cols=7,1714,2021,Total Estimated Expenditures and O,"2,699,550","3,030,741","3,014,101"
cols=7,1715,2021,Excess of Estimated Revenues and,Other Sources,Over,
cols=7,1716,2021,(Under) Estimated Expenditures anc,"92,531","-342,638","-182,521"
cols=7,1717,2021,"Estimated Beginning Fund Balance,1",828,"835""","1,921,366"
cols=7,1718,2021,"Fund Balance Audit Adjustment Estimated Ending fund Balance, Jun","1,921,366","1,578,728","2,317,479"
cols=7,1719,2021,Account No. Description,Actual 2019-2020,Original Estimated 2020-2021,Estimated 2021-2022
cols=7,1720,2021,ESTIMATED REVENUE,,,
cols=7,1721,2021,OPERATING REVENUE,,,
cols=7,1722,2021,43000 CHARGES FOR CURRENT SERVICES,,,
cols=7,1723,2021,43100 General Services Charges,,,
cols=7,1724,2021,43106 Commercial & Industrial Collection Charge,"171,367","125,000","125,000"
cols=7,1725,2021,43107 Residential Waste Collection Charge,"103,941","150,000","150,000"
cols=7,1726,2021,43110 Tipping Fees,"60,343","50,000","50,000"
cols=7,1727,2021,43114 Solid Waste Disposal Fee,"827,812","815,000","830,000"
cols=7,1728,2021,43350 Copy Fees,0,0,0
cols=7,1729,2021,Total Charges for Current Services,"1,163,463","1,140,000","1,155,000"
cols=7,1730,2021,44000 OTHER LOCAL REVENUES,,,
cols=7,1731,2021,44100 Recurring Items,,,
cols=7,1732,2021,44110 Investment Income,"7,883","6,000","6,000"
cols=7,1733,2021,44120 Lease/Rentals,"83,975","65,000","65,000"
cols=7,1734,2021,44145 Sale of Recycled Materials,"70,058","100,000","100,000"
cols=7,1735,2021,44170 Miscellaneous Refunds,0,0,0
cols=7,1736,2021,Total Recurring Items,"161,916","171,000","171,000"
cols=7,1737,2021,44500 Non-Recurring Items,,,
cols=7,1738,2021,44530 Sale of Equipment,0,"5,000","5,000"
cols=7,1739,2021,Total Non-Recurring Items,0,"5,000","5,000"
cols=7,1740,2021,Total Other Local Revenues,"161,916","176,000","176,000"
cols=7,1741,2021,46000 STATE OF TENNESSEE,,,
cols=7,1742,2021,46400 Public Works Grants,,,
cols=7,1743,2021,46430 Litter Program,"44,023","49,400","49,300"
cols=7,1744,2021,Total Public Works Grants,"44,023","49,400","49,300"
cols=7,1745,2021,46800 Other State Revenues,,,
cols=7,1746,2021,46980 Other State Grants,"8,109","50,000",0
cols=7,1747,2021,46990 Other State Revenues,0,"9,500","9,500"
cols=7,1748,2021,Total Other State Revenues,"8,109","59,500","9,500"
cols=7,1749,2021,Total State of Tennessee,"52,132","108,900","58,800"
cols=7,1750,2021,47000 FEDERAL GOVERNMENT,,,
cols=7,1751,2021,47100 Federal Through State,,,
cols=7,1752,2021,47235 Homeland Security Grants,0,0,0
cols=7,1753,2021,Total Federal Through State,0,0,0
cols=7,1754,2021,Total Federal Government,0,0,0
cols=7,1755,2021,Account No. Description,Actual 2019-2020,Original Estimated 2020-2021,Estimated 2021-2022
cols=7,1756,2021,48000 OTHER GOVERNMENTS AND CITIZENS,GROUPS,,
cols=7,1757,2021,48100 Other Governments,,,
cols=7,1758,2021,48140 Contracted Services,"77,894","284,760","284,760"
cols=7,1759,2021,Total Other Governments,"77,894","284,760","284,760"
cols=7,1760,2021,49000 Non-Revenue,,,
cols=7,1761,2021,49700 Insurance Recovery,"2,377",0,0
cols=7,1762,2021,49800 Transfer In,0,0,0
cols=7,1763,2021,Total Estimated Revenues,"1,457,782","1,709,660","1,674,560"
cols=7,1764,2021,ESTIMATED EXPENDITURES,,,
cols=7,1765,2021,55000 PUBLIC HEALTH AND WELFARE,,,
cols=7,1766,2021,55710 Sanitation Management,,,
cols=7,1767,2021,105 Supervisor/Director,"56,491","57,947","57,698"
cols=7,1768,2021,106 Deputy(ies),"33,460","34,228","34,081"
cols=7,1769,2021,121 Data Processing Personnel,"28,117","29,031","28,906"
cols=7,1770,2021,143 Equipment Operators,"37,267","38,491","38,326"
cols=7,1771,2021,144 Equipment Operators-Heavy,"38,198","38,491","38,326"
cols=7,1772,2021,149 Laborers,"157,961","180,000","180,000"
cols=7,1773,2021,162 Clerical Personnel,"30,477","31,600","31,465"
cols=7,1774,2021,169 Part-Time Personnel,"73,369","69,598","84,598"
cols=7,1775,2021,186 Longevity Pay,"15,700","16,500","15,600"
cols=7,1776,2021,187 Overtime Pay,"12,861","14,000","14,000"
cols=7,1777,2021,201 Social Security,"34,963","41,406","41,406"
cols=7,1778,2021,204 State Retirement,"43,537","57,000","57,000"
cols=7,1779,2021,207 Medical Insurance,"91,031","130,000","130,000"
cols=7,1780,2021,302 Advertising,"2,299","2,500","2,500"
cols=7,1781,2021,307 Communication,"6,387","6,500","6,500"
cols=7,1782,2021,309 Contracts with Government Agencies,"3,668","6,000","6,000"
cols=7,1783,2021,317 Data Processing Services,"5,295","5,700","7,200"
cols=7,1784,2021,318 Debt Collection Services,"14,031","9,000","9,000"
cols=7,1785,2021,331 Legal Services,0,"1,000","1,000"
cols=7,1786,2021,"332 Legal Notices, Recording, and Court Cost",322,"1,500","1,500"
cols=7,1787,2021,335 Maintenance and Repair Services - Buildings,"1,606","7,000","7,000"
cols=7,1788,2021,336 Maintenance & Repair Services - Equipment,"25,369","30,000","35,000"
cols=7,1789,2021,338 Maintenance & Repair Services - Vehicles,"12,105","10,000","15,000"
cols=7,1790,2021,347 Pest Control,"1,485","1,700","1,700"
cols=7,1791,2021,348 Postal Charges,"3,950","5,500","5,500"
cols=7,1792,2021,"349 Printing, Stationery and Forms",660,"1,800","1,800"
cols=7,1793,2021,351 Rentals,0,"2,000","2,000"
cols=7,1794,2021,355 Travel,"1,262","2,000","2,000"
cols=7,1795,2021,359 Disposal Fees,"392,614","524,160","524,160"
cols=7,1796,2021,399 Other Contracted Services,916,"5,000","5,000"
cols=7,1797,2021,410 Custodial Supplies,356,"1,800","1,800"
cols=7,1798,2021,412 Diesel Fuel,"30,513","38,000","38,000"
cols=7,1799,2021,415 Electricity,"15,709","19,000","19,000"
cols=7,1800,2021,"420 Fertilizer, Lime Chemicals and Seed",0,"1,000","1,000"
cols=7,1801,2021,425 Gasoline,"1,872","3,000","3,000"
cols=7,1802,2021,433 Lubricants,"2,936","4,000","4,000"
cols=7,1803,2021,435 Office Supplies,"2,223","2,500","2,500"
cols=6,1804,2021,Account No. Description,Actual 2019-2020,Original Estimated 2020-2021,Estimated 2021-2022
cols=6,1805,2021,436 Other Road Materials,120,"1,000","1,000"
cols=6,1806,2021,446 Small Tools,511,"1,000","1,000"
cols=6,1807,2021,450 Tires and Tubes,"6,661","8,000","10,000"
cols=6,1808,2021,451 Uniforms,"4,815","3,800","4,200"
cols=6,1809,2021,452 Utilities,"6,740","6,700","7,700"
cols=6,1810,2021,462 Wire,"3,975","4,000","4,000"
cols=6,1811,2021,463 Testing,"1,291","12,500","12,500"
cols=6,1812,2021,499 Other Supplies and Materials,"2,593","4,000","4,000"
cols=6,1813,2021,510 Trustees Commission,"12,187","14,000","14,000"
cols=6,1814,2021,514 Depreciation,"107,482","45,171","45,171"
cols=6,1815,2021,517 Surcharge,"5,750","5,850","5,850"
cols=6,1816,2021,524 In Service/Staff Development,610,650,650
cols=6,1817,2021,612 Principal on Other Loans,0,0,"73,000"
cols=6,1818,2021,613 Interest on Other Loans,0,0,"11,850"
cols=6,1819,2021,715 Land,0,0,0
cols=6,1820,2021,719 Office Equipment,"5,231","2,500","2,500"
cols=6,1821,2021,733 Solid Waste Equipment,0,"40,270","2,810"
cols=6,1822,2021,791 Other Construction,"5,627","10,000","15,000"
cols=6,1823,2021,Total Sanitation Management,"1,342,603","1,588,393","1,668,797"
cols=6,1824,2021,60000 HIGHWAYS,,,
cols=6,1825,2021,64000 Litter and Trash Collection,,,
cols=6,1826,2021,105 Supervisor/Director,"23,657","26,000","26,000"
cols=6,1827,2021,429 Instructional Supply and Materials,"12,347","12,350","12,350"
cols=6,1828,2021,599 Other Charges,"10,151","11,050","10,950"
cols=6,1829,2021,Total Litter and Trash Collection,"46,155","49,400","49,300"
cols=6,1830,2021,90000 CAPITAL PROJECTS,,,
cols=6,1831,2021,91140 Public Health and Welfare Projects,,,
cols=6,1832,2021,799 Other Capital Outlay,"6,000","56,000","56,000"
cols=6,1833,2021,Total Public Health and Welfare Projects,"6,000","56,000","56,000"
cols=6,1834,2021,Total Estimated Expenditures,"1,394,758","1,693,793","1,774,097"
cols=6,1835,2021,Excess of Estimated Revenue Over (under),,,
cols=6,1836,2021,Estimated Expenditures,"63,024","15,867","-99,537"
cols=6,1837,2021,Estimated Beginning Fund Balance July 1,"874,420","937,444","953,311"
cols=6,1838,2021,Fund Balance Audit Adjustment,,,
cols=6,1839,2021,Estimated Ending Fund Balance June 30,"937,444","953,311","853,774"
cols=6,180,2022,Account No. Description,Actual 2020-2021,Original Estimated 2021-2022,Estimated 2022-2023
cols=6,181,2022,ESTIMATED REVENUES,,,
cols=6,182,2022,40000 LOCAL TAXES,,,
cols=6,183,2022,40100 County Property Taxes,,,
cols=6,184,2022,40110 Current Property Taxes,"8,039,080","8,162,976","8,420,387"
cols=6,185,2022,40120 Trustees Collection Prior Year,"201,052","190,000","195,000"
cols=6,186,2022,40125 Trustees Collection-Bankruptcy,"2,413","1,000","4,000"
cols=6,187,2022,40130 Clerk & Master Prior Years,"145,547","100,000","116,000"
cols=6,188,2022,40140 Interest and Penalty,"43,315","40,000","40,000"
cols=6,189,2022,40161 Payments in Lieu of Taxes TVA,"8,858","8,500","9,000"
cols=6,190,2022,40162 Payments in Lieu of Taxes-Loc Utilities,"29,128","29,000","31,000"
cols=6,191,2022,40163 Payments in Lieu of Taxes-Other,"19,675","20,000","19,675"
cols=6,192,2022,Total County Property Taxes,"8,489,068","8,551,476","8,835,062"
cols=6,193,2022,40200 County Local Option Taxes,,,
cols=6,194,2022,40220 Hotel/Motel Tax,"39,292","32,000","32,000"
cols=6,195,2022,40250 Litigation Tax General,"62,917","50,000","70,000"
cols=6,196,2022,40260 Litigation Tax-Special Purpose,"7,875","7,500","10,000"
cols=6,197,2022,"40266 Litigation Tax-Jail,Workhouse,Courthouse","57,081","50,000","65,000"
cols=6,198,2022,40267 Litigation Tax-Victim Offender,"3,656","3,000","3,000"
cols=6,199,2022,40270 Business Tax,"91,468","80,000","92,000"
cols=6,200,2022,40275 Mixed Drink Tax,60,0,300
cols=6,201,2022,Total County Local Option Taxes,"262,349","222,500","272,300"
cols=6,202,2022,40300 Statutory Local Taxes,,,
cols=6,203,2022,40320 Bank Excise Tax,"26,146","26,000","30,000"
cols=6,204,2022,40330 Wholesale Beer Tax,"247,795","242,000","230,000"
cols=6,205,2022,40390 Other Statutory Local Taxes,"4,380","5,000","4,400"
cols=6,206,2022,Total Local Option Taxes,"278,321","273,000","264,400"
cols=6,207,2022,TOTAL LOCAL TAXES,"9,029,738","9,046,976","9,371,762"
cols=6,208,2022,41000 LICENSES AND PERMITS,,,
cols=6,209,2022,41100 Licenses,,,
cols=6,210,2022,41140 Cable TV Franchise,"49,197","48,000","49,000"
cols=6,211,2022,41500 Permits,,,
cols=6,212,2022,41510 Beer Permits,"3,610","3,500","3,500"
cols=6,213,2022,41520 Building Permits,"100,536","100,000","100,000"
cols=6,214,2022,TOTAL LICENSES AND PERMITS,"153,343","151,500","152,500"
cols=6,215,2022,Account No. Description,Actual 2020-2021,Original Estimated 2021-2022,Estimated 2022-2023
cols=6,216,2022,42100 Circuit Court,,,
cols=6,217,2022,42110 Fines,"5,174","4,200","4,200"
cols=6,218,2022,42120 Officers Cost,"3,174","3,200","2,500"
cols=6,219,2022,42141 Drug Court Fees,653,600,650
cols=6,220,2022,42150 Jail Fees,867,"1,000",700
cols=6,221,2022,42180 DUI Treatment Fines,285,300,350
cols=6,222,2022,42190 Data Entry Fee-Circuit Court,364,300,300
cols=6,223,2022,Total Circuit Court,"10,517","9,600","8,700"
cols=6,224,2022,42200 Criminal Court,,,
cols=6,225,2022,42280 DUI Treatment Fines,524,400,400
cols=6,226,2022,Total Criminal Court,524,400,400
cols=6,227,2022,42300 General Sessions Court,,,
cols=6,228,2022,42310 Fines,"8,394","7,000","8,000"
cols=6,229,2022,42320 Officers Cost,"23,248","22,000","23,000"
cols=6,230,2022,42330 Game and Fish Fines,421,300,300
cols=6,231,2022,42341 Drug Court Fees,"2,001","2,000","1,600"
cols=6,232,2022,42350 Jail Fees,"6,884","7,000","6,500"
cols=6,233,2022,42380 DUI Treatment Fines,"2,565","2,000","2,000"
cols=6,234,2022,42390 Data Entry Fee-General Sessions,"8,563","7,500","9,500"
cols=6,235,2022,Total General Sessions Court,"52,076","47,800","50,900"
cols=6,236,2022,42400 Juvenile Court,,,
cols=6,237,2022,42410 Fines,0,0,0
cols=6,238,2022,42490 Data Entry Fee-Juvenile Court,0,0,0
cols=6,239,2022,Total Juvenile Court,0,0,0
cols=6,240,2022,42500 Chancery Court,,,
cols=6,241,2022,42520 Officers Costs,982,"1,000","1,500"
cols=6,242,2022,42530 Data Entry Fee-Chancery Court,"3,566","2,500","3,000"
cols=6,243,2022,Total Chancery Court,"4,548","3,500","4,500"
cols=6,244,2022,42800 Judicial District Drug Program,,,
cols=6,245,2022,42871 Courtroom Security Fee,"10,479","10,000","8,000"
cols=6,246,2022,Total Judicial District Drug Program,"10,479","10,000","8,000"
cols=6,247,2022,"42900 Other Fines, Forfeitures, and Seizures",,,
cols=6,248,2022,42910 Proceeds from Confiscated Property,"1,834","3,000","1,800"
cols=6,249,2022,"42990 Other Fines, Forfeitures, and Penalties","4,988","1,500","1,500"
cols=6,250,2022,"Total Other Fines, Forfeitures and Seizures","6,822","4,500","3,300"
cols=7,251,2022,Account No. Description,Actual 2020-2021,Original Estimated 2021-2022,Estimated 2022-2023
cols=7,252,2022,"TOTAL FINES, FORFEITURES AND PENALTIES","84,966","75,800","75,800"
cols=7,253,2022,43000 CHARGES FOR CURRENT SERVICES,,,
cols=7,254,2022,43100 General Services,,,
cols=7,255,2022,43102 Other Employee Benefit Charges/Contrib,"34,954","32,000","25,000"
cols=7,256,2022,43120 Patient Charges,"1,105,921","1,200,000","1,200,000"
cols=7,257,2022,Total Charges for General Services,"1,140,875","1,232,000","1,225,000"
cols=7,258,2022,43300 Fees,,,
cols=7,259,2022,43350 Copy Fees,"2,354","1,500","1,700"
cols=7,260,2022,43350-LIB Copy Fees-Library,"4,141","3,500","5,000"
cols=7,261,2022,43360 Library Fees,170,150,800
cols=7,262,2022,43365 Archives and Records Management Fees,"11,533","10,000","12,000"
cols=7,263,2022,43370 Telephone Commissions,"43,820","45,000","25,000"
cols=7,264,2022,43392 Data Processing Fees Register,"13,474","12,500","14,000"
cols=7,265,2022,43393 Probation Fees,"1,312","1,000","1,300"
cols=7,266,2022,43394 Data Processing Fees-Sheriff,76,150,150
cols=7,267,2022,43395 Sexual Offenders Registration Fees-Sheriff,"4,770","7,500","5,500"
cols=7,268,2022,43396 Data Processing Fee-County Clerk,627,500,600
cols=7,269,2022,43399 Vehicle Insurance Coverage and Reinstatement F,"1,115","1,000","1,000"
cols=7,270,2022,Total Charges for Fees,"83,392","82,800","67,050"
cols=7,271,2022,TOTAL CHARGES FOR CURRENT SERVICES,"1,224,267","1,314,800","1,292,050"
cols=7,272,2022,44000 OTHER LOCAL REVENUES,,,
cols=7,273,2022,44100 Recurring items,,,
cols=7,274,2022,44110 Investment Income,"1,678",0,"1,000"
cols=7,275,2022,44110-LIB Investment Income-Library,"4,459","1,500","1,500"
cols=7,276,2022,44120 Lease/Rentals,"4,609","5,000","5,000"
cols=7,277,2022,44131 Commissary Sales,"15,029","14,000","15,000"
cols=7,278,2022,44170 Miscellaneous Refunds,"272,098","12,000","12,000"
cols=7,279,2022,Total Recurring Items,"297,873","32,500","34,500"
cols=7,280,2022,44500 Nonrecurring Items,,,
cols=7,281,2022,44530 Sale of Equipment,"11,310",0,0
cols=7,282,2022,44530-AMB Sale of Equipment-Ambulance Service,"14,800",0,0
cols=7,283,2022,44540 Sale of Property,"3,896",0,0
cols=7,284,2022,44570 Contributions and Gifts,0,0,0
cols=7,285,2022,44570-AMB Contributions and Gifts-Ambulance Service,"1,000",0,0
cols=7,286,2022,44570-LIB Contributions and Gifts-Library,"4,091","2,500","2,500"
cols=7,287,2022,44990 Other Local Revenue,0,0,0
cols=7,288,2022,44990-LIB Other Local Revenue-Library,0,"1,000",0
cols=7,289,2022,Total Nonrecurring Items,"35,097","3,500","2,500"
cols=7,290,2022,TOTAL OTHER LOCAL REVENUES,"332,970","36,000","37,000"
cols=7,291,2022,Account No. Description,Actual 2020-2021,Original Estimated 2021-2022,Estimated 2022-2023
cols=7,292,2022,45000 FEES RECEIVED FROM COUNTY OFFICALS,,,
cols=7,293,2022,45100 Excess Fees,,,
cols=7,294,2022,45160 Juvenile Court Clerk,0,"5,000",0
cols=7,295,2022,45500 Fees in Lieu of Salary,,,
cols=7,296,2022,45510 County Clerk,"273,401","250,000","260,000"
cols=7,297,2022,45520 Circuit Court Clerk,"20,715","20,000","18,000"
cols=7,298,2022,45540 General Sessions Court Clerk,"123,405","100,000","140,000"
cols=7,299,2022,45550 Clerk & Master,"98,730","85,000","100,000"
cols=7,300,2022,45560 Juvenile Court Clerk,"6,693",0,"6,700"
cols=7,301,2022,45580 Register,"158,485","143,000","165,000"
cols=7,302,2022,45590 Sheriff,"21,004","20,000","20,000"
cols=7,303,2022,45610 Trustee,"421,615","410,000","422,000"
cols=7,304,2022,TOTAL FEES RECEIVED FROM COUNTY OFFIC,"1,124,048","1,033,000","1,131,700"
cols=7,305,2022,46000 STATE OF TENNESSEE,,,
cols=7,306,2022,46100 General Government Grants,,,
cols=7,307,2022,46110 Juvenile Service Program,"9,000","9,000","9,000"
cols=7,308,2022,46175 On-Behalf Contributions for OPEB,0,0,0
cols=7,309,2022,Total General Government Grants,"9,000","9,000","9,000"
cols=7,310,2022,46200 Public Safety Grants,,,
cols=7,311,2022,46210 Law Enforcement Training Programs,"22,400","25,500","29,000"
cols=7,312,2022,46290 Other Public Safety Grants,0,0,0
cols=7,313,2022,Total Public Safety Grants,"22,400","25,500","29,000"
cols=7,314,2022,46300 Health and Welfare Grants,,,
cols=7,315,2022,46310 Health Department Programs,"293,157","301,373","295,190"
cols=7,316,2022,46390 Other Health and Welfare Grants,0,0,0
cols=7,317,2022,Total Health and Welfare Grants,"293,157","301,373","295,190"
cols=7,318,2022,46800 Other State Revenues,,,
cols=7,319,2022,46820 Income Tax,"21,576","10,000","10,000"
cols=7,320,2022,46830 Beer Tax,"18,369","18,000","18,000"
cols=7,321,2022,46835 Vehicle Certificates of Title Fees,"7,290","7,000","7,000"
cols=7,322,2022,46840 Alcoholic Beverage Tax,"93,242","90,000","93,000"
cols=7,323,2022,46851 State Revenue Sharing-TVA,"557,369","600,000","554,000"
cols=7,324,2022,46852 State Revenue Sharing-Telecommunications,"66,248","60,000","60,000"
cols=7,325,2022,46855 State Shared Sports Gaming,"7,777",0,"1,800"
cols=7,326,2022,46915 Contracted Prisoner Boarding,"136,110","150,000","100,000"
cols=7,327,2022,46960 Registrar's Salary Supplement,"15,164","16,164","15,164"
cols=7,328,2022,46980 Other State Grants,"7,223",0,"160,000"
cols=7,329,2022,46980-DA Other State Grants-Direct Appropriations,"870,734",0,0
cols=7,330,2022,46980-ADP Other State Grants-Archive ADP Grant,0,0,0
cols=7,331,2022,46980-LIB Other State Grants-Library,"2,834","21,025","4,551"
cols=7,332,2022,Account No. Description,Actual 2020-2021,Original Estimated 2021-2022,Estimated 2022-2023
cols=7,333,2022,46990 Other State Revenues,"7,126","7,000","7,000"
cols=7,334,2022,Total Other State Revenues,"1,811,062","979,189","1,030,515"
cols=7,335,2022,TOTAL STATE OF TENNESSEE,"2,135,619","1,315,062","1,363,705"
cols=7,336,2022,47000 FEDERAL GOVERNMENT,,,
cols=7,337,2022,47100 Federal Through State,,,
cols=7,338,2022,47230 Disaster Relief,"21,668",0,0
cols=7,339,2022,47235 Homeland Security Grants,"42,224","41,710","39,727"
cols=7,340,2022,47235-TSEE Homeland Security Grants-Traffic Safety Enforcem,"4,998",0,0
cols=7,341,2022,47301-CRF COVID-19 Grant-Coronavirus Relief Fund,"339,350",0,0
cols=7,342,2022,47305-LIB COVID-19 Grant-Coronavirus Relief Fund,"4,550",,0
cols=7,343,2022,47306-CAG COVID-19 Grant-Coronavirus Relief Fund,"3,450",,0
cols=7,344,2022,47590 Other Federal Through State,0,0,0
cols=7,345,2022,47990 Other Direct Federal Revenue,0,0,0
cols=7,346,2022,Total Federal Through State,"416,240","41,710","39,727"
cols=7,347,2022,47600 DIRECT FEDERAL REVENUE,,,
cols=7,348,2022,47901 COVID-19 Grant(CESF Video Arraignment),0,0,0
cols=7,349,2022,47990 Other Direct Federal,0,0,0
cols=7,350,2022,Total Direct Federal,0,0,0
cols=7,351,2022,TOTAL FEDERAL GOVERNMENT,"416,240","41,710","39,727"
cols=7,352,2022,48000 OTHER GOVERNMENTS AND CITIZEN GROUPS,,,
cols=7,353,2022,48100 Other Governments,,,
cols=7,354,2022,48130 Contributions,"44,000","47,000","45,000"
cols=7,355,2022,48900 Other,,,
cols=7,356,2022,48990-LIB Other,0,,
cols=7,357,2022,Total Other Governments,"44,000","47,000","45,000"
cols=7,358,2022,48600 Citizens Groups,,,
cols=7,359,2022,48610 Donations,0,0,0
cols=7,360,2022,48610-AMB Donation-Ambulance Service,"1,200",0,0
cols=7,361,2022,48610-HOSP Donations-Ascension St. Thomas Hickman,"5,000","5,000","5,000"
cols=7,362,2022,48610-LIB Donations-Library,0,0,0
cols=7,363,2022,Total Citizen Groups,"6,200","5,000","5,000"
cols=7,364,2022,TOTAL OTHER GOVERNMENTS AND CITIZEN (,"50,200","52,000","50,000"
cols=7,365,2022,TOTAL ESIMATED REVENUES,"14,551,391","13,066,848","13,514,244"
cols=7,366,2022,49000 ESTIMATED OTHER SOURCES (NON-REVENUE),,,
cols=7,367,2022,49700 Insurance Recovery,"166,200","40,000","40,000"
cols=6,368,2022,Account No. Description,Actual 2020-2021,Original Estimated 2021-2022,Estimated 2022-2023
cols=6,369,2022,49800 Transfers In,"33,870","35,000","35,000"
cols=6,370,2022,TOTAL ESTIMATED OTHER SOURCES (NON-R,"200,070","75,000","75,000"
cols=6,371,2022,TOTAL ESTIMATED REVENUES AND OTHER S,"14,751,461","13,141,848","13,589,244"
cols=6,372,2022,ESTIMATED EXPENDITURES,,,
cols=6,373,2022,51000 GENERAL ADMINISTRATION,,,
cols=6,374,2022,51100 County Commission,,,
cols=6,375,2022,191 Board and Committee Members Fees,"50,400","50,400","36,400"
cols=6,376,2022,215 On-behalf Payments to OPEB,0,0,0
cols=6,377,2022,301 Accounting Services,0,"1,500","1,500"
cols=6,378,2022,305 Audit Services,"9,876","10,000","10,469"
cols=6,379,2022,"332 Legal Notices, Recording and Court Cost","4,975","4,500","5,000"
cols=6,380,2022,355 Travel,461,"2,500","2,500"
cols=6,381,2022,51210 Board of Equalization,,,
cols=6,382,2022,191 Board and Committee Members Fees,"2,550","3,500","3,500"
cols=6,383,2022,51220 Beer Board,,,
cols=6,384,2022,533 Criminal Investigation of Applicants,116,"1,000","1,000"
cols=6,385,2022,Total County Commission,"68,378","73,400","60,369"
cols=6,386,2022,51300 County Mayor,,,
cols=6,387,2022,101 County Official,"93,170","93,172","99,787"
cols=6,388,2022,140 Salary Supplement,0,"1,500","2,250"
cols=6,389,2022,161 Secretary,"31,154","32,100","33,385"
cols=6,390,2022,186 Longevity,0,0,500
cols=6,391,2022,"332 Legal Notices, Rec & Court Cost",357,"1,200","1,200"
cols=6,392,2022,355 Travel,528,"4,000","3,000"
cols=6,393,2022,399 Other Contracted Services,"4,765","5,000","5,000"
cols=6,394,2022,399-DA Other Contracted Services-Direct Approp. Grant,"7,750","15,500",0
cols=6,395,2022,435 Office Supplies,"1,025","1,000","1,500"
cols=6,396,2022,508 Premiums on Corp Surety Bonds,0,0,0
cols=6,397,2022,524 In-Service/Staff Development,"1,226","1,500","1,500"
cols=6,398,2022,719 Office Equipment,200,"1,000","1,000"
cols=6,399,2022,Total County Mayor,"140,175","155,972","149,122"
cols=6,400,2022,51400 County Attorney,,,
cols=6,401,2022,331 Legal Services,"7,451","10,000","15,000"
cols=6,402,2022,599 Other Charges(Deductibles),0,"5,000","5,000"
cols=6,403,2022,Total County Attorney,"7,451","15,000","20,000"
cols=6,404,2022,Account No. Description,Actual 2020-2021,Original Estimated 2021-2022,Estimated 2022-2023
cols=6,405,2022,51500 Election Commission,,,
cols=6,406,2022,101 County Official,"72,602","72,601","77,756"
cols=6,407,2022,106 Deputy,"29,815","31,871","33,146"
cols=6,408,2022,169 Part-Time Personnel,"16,895","17,000","18,000"
cols=6,409,2022,186 Longevity Pay,0,0,0
cols=6,410,2022,192 Election Commission,"4,160","5,400","5,400"
cols=6,411,2022,193 Election Workers,"43,917","10,000","55,000"
cols=6,412,2022,317 Data Processing Services,"3,502","4,500","4,500"
cols=6,413,2022,"332 Legal Notices, Rec and Court Costs",815,"1,000","1,500"
cols=6,414,2022,337 Maint and Repair-Office Equip,0,"1,500","1,500"
cols=6,415,2022,349 Printing Stationary and Forms,"4,688","3,000","4,000"
cols=6,416,2022,351 Rentals,"1,100","1,000","1,500"
cols=6,417,2022,355 Travel,"1,697","3,000","3,000"
cols=6,418,2022,399 Other Contracted Services,"16,420","25,000","25,000"
cols=6,419,2022,435 Office Supplies,"1,619","4,000","4,000"
cols=6,420,2022,508 Premiums on Surety Bond,0,100,0
cols=6,421,2022,719 Office Equipment,"3,146","4,000","4,000"
cols=6,422,2022,790 Other Equipment,0,0,"474,989"
cols=6,423,2022,Total Election Commission,"200,376","183,972","713,291"
cols=6,424,2022,51600 Register of Deeds,,,
cols=6,425,2022,101 County Official,"80,668","80,668","86,395"
cols=6,426,2022,106 Deputy,"30,953","31,893","33,169"
cols=6,427,2022,140 Salary Supplement,"1,762","3,375","3,750"
cols=6,428,2022,162 Clerical Personnel,"25,451","26,224","27,797"
cols=6,429,2022,186 Longevity Pay,"1,300","1,400","1,500"
cols=6,430,2022,317 Data Processing Services,"12,187","16,000","16,000"
cols=6,431,2022,"332 Legal Notices, Recording and Court Costs",0,22,22
cols=6,432,2022,337 Maint and Repair Services,"1,164","2,500","2,500"
cols=6,433,2022,355 Travel,964,"1,500","2,000"
cols=6,434,2022,399 Other Contracted Services,0,0,200
cols=6,435,2022,435 Office Supplies,"1,124","1,500","2,000"
cols=6,436,2022,508 Premiums on Surety Bond,0,0,0
cols=6,437,2022,524 In-Service/Staff Development,580,750,750
cols=6,438,2022,719 Office Equipment,0,"2,000","2,000"
cols=6,439,2022,Total Register of Deeds,"156,153","167,832","178,083"
cols=6,440,2022,51720 Planning,,,
cols=6,441,2022,105 Supervisor/Director,"56,292","58,001","62,000"
cols=6,442,2022,106 Deputy(s),"33,231","34,240","35,610"
cols=6,443,2022,162 Clerical Personnel,"24,307","25,773","26,804"
cols=6,444,2022,186 Longevity Pay,700,800,900
cols=6,445,2022,191 Board and Committee Member Fees,"2,050","3,900","3,900"
cols=6,446,2022,196 In-Service Training,750,"2,500","2,500"
cols=6,447,2022,312 Contracts with Private Agencies,"11,875","13,500","16,000"
cols=6,448,2022,317 Data Processing Service,"2,398","2,700","2,700"
cols=6,449,2022,331 Legal Services,"10,595","5,000","8,000"
cols=6,450,2022,Account No. Description,Actual 2020-2021,Original Estimated 2021-2022,Estimated 2022-2023
cols=6,451,2022,"332 Legal Notices, Recording & Court Costs","1,217","5,000","5,000"
cols=6,452,2022,338 Maint and Repair Services-Vehicle,"3,796","2,000","2,000"
cols=6,453,2022,"349 Printing, Stationary, and Forms","1,086","1,200","1,200"
cols=6,454,2022,355 Travel,0,"1,500","1,500"
cols=6,455,2022,399 Other Contracted Services,"8,375","21,500","35,000"
cols=6,456,2022,425 Gasoline,"1,811","3,000","3,500"
cols=6,457,2022,435 Office Supplies,559,950,950
cols=6,458,2022,499 Other Supplies and Materials,669,800,800
cols=6,459,2022,508 Premiums on Surety Bond,0,0,0
cols=6,460,2022,524 In-Service/Staff Development,"1,149","1,500","1,500"
cols=6,461,2022,718 Motor Vehicles,0,0,0
cols=6,462,2022,719 Office Equipment,"1,113","2,200","2,200"
cols=6,463,2022,791 Other Construction,0,0,0
cols=6,464,2022,Total Planning,"161,973","186,064","212,064"
cols=6,465,2022,51800 County Buildings,,,
cols=6,466,2022,105 Facility Supervisor,"51,890","53,466","50,000"
cols=6,467,2022,166 Custodial Personnel,"25,871","26,719","27,788"
cols=6,468,2022,167 Maintenance Personnel,0,0,"45,000"
cols=6,469,2022,169 Part-Time Personnel,"1,138","13,000","13,000"
cols=6,470,2022,186 Longevity Pay,0,0,0
cols=6,471,2022,335 Maint and Repair-buildings,"305,625","190,000","210,000"
cols=6,472,2022,335-ADA Maint and Repair-buildings(ADA),"1,537","3,000","3,000"
cols=6,473,2022,336 Maint and Repair-equipment,0,"10,000","10,000"
cols=6,474,2022,338 Maint and Repair-vehicle,0,"3,000","3,000"
cols=6,475,2022,355 Travel,118,500,500
cols=6,476,2022,410 Custodial Supplies,"11,804","20,000","20,000"
cols=6,477,2022,425 Gasoline,"1,882","7,500","7,500"
cols=6,478,2022,435 Office Supplies,0,"1,000","1,000"
cols=6,479,2022,451 Uniforms,"2,481","3,000","3,000"
cols=6,480,2022,599 Other Charges,84,"1,000","1,000"
cols=6,481,2022,718 Motor Vehicles,0,0,0
cols=6,482,2022,Total County Buildings,"402,430","332,185","394,788"
cols=6,483,2022,51810 Other Facilities,,,
cols=6,484,2022,307 Communication,"164,529","140,000","140,000"
cols=6,485,2022,347 Pest Control,"6,500","7,000","7,000"
cols=6,486,2022,359 Disposal Fee,22,"1,000","1,000"
cols=6,487,2022,415 Electricity,"134,606","175,000","175,000"
cols=6,488,2022,452 Utilities,"90,257","105,000","80,000"
cols=6,489,2022,Total Other Facilities,"395,914","428,000","403,000"
cols=6,490,2022,51900 Other General Administration,,,
cols=6,491,2022,189 Other Salaries and Wages,"79,181","82,349","85,643"
cols=6,492,2022,334 Maintenance Agreements,"16,573","14,000","9,000"
cols=6,493,2022,336 Maintenance and Repair-Equipment,"6,999","9,000","2,000"
cols=6,494,2022,Account No. Description,Actual 2020-2021,Original Estimated 2021-2022,Estimated 2022-2023
cols=6,495,2022,355 Travel,31,500,400
cols=6,496,2022,399 Other Contracted Services,"1,758","9,000","4,000"
cols=6,497,2022,435 Office Supplies,0,500,800
cols=6,498,2022,499 Other Supplies and Materials,325,500,800
cols=6,499,2022,524 In-Service/Staff Development,0,500,0
cols=6,500,2022,719 Office Equipment,0,"5,000","22,000"
cols=6,501,2022,790 Other Equipment,"12,957",0,0
cols=6,502,2022,790-DA Other Equipment-Direct Appropriations,"20,000",0,0
cols=6,503,2022,Total Other General Administration,"137,824","121,349","124,643"
cols=6,504,2022,51910 Preservation of Records,,,
cols=6,505,2022,140 Salary Supplement,"1,500","1,500","1,500"
cols=6,506,2022,162 Clerical Personnel,"29,461","30,356","31,571"
cols=6,507,2022,186 Longevity Pay,"2,300","2,400","2,500"
cols=6,508,2022,355 Travel,68,150,150
cols=6,509,2022,399 Other Contracted Services,"2,035","4,200","4,000"
cols=6,510,2022,435 Office Supplies,321,350,550
cols=6,511,2022,499 Other Supplies and Materials,359,400,680
cols=6,512,2022,499-ADP Other Supplies and Materials,0,0,0
cols=6,513,2022,524 In-Service/Staff Development,185,180,100
cols=6,514,2022,599 Other Charges,169,300,100
cols=6,515,2022,Total Preservation of Records,"36,398","39,836","41,151"
cols=6,516,2022,Total General Administration,"1,707,072","1,703,610","2,296,511"
cols=6,517,2022,52000 FINANCE,,,
cols=6,518,2022,52100 Accounting and Budgeting,,,
cols=6,519,2022,101 Administrative Officer,"80,668","80,668","86,395"
cols=6,520,2022,103 Assistants,"44,654","46,010","45,000"
cols=6,521,2022,119 Accounts/Bookkeepers,"115,445","120,375","125,190"
cols=6,522,2022,140 Salary Supplement,"8,625","9,000","6,375"
cols=6,523,2022,186 Longevity Pay,"4,600","5,500","3,200"
cols=6,524,2022,317 Data Processing Services,"18,275","19,500","21,005"
cols=6,525,2022,332 Legal Notices Rec Court Costs,"6,603","4,300","4,300"
cols=6,526,2022,349 Printing Stationary Forms,"3,231","5,500","5,500"
cols=6,527,2022,355 Travel,34,"2,300","2,100"
cols=6,528,2022,399 Other Contracted Services,"1,709","3,000","3,000"
cols=6,529,2022,435 Office Supplies,"2,327","3,500","3,500"
cols=6,530,2022,508 Surety Bond,0,300,300
cols=6,531,2022,524 In-Service/Staff Development,650,800,"1,000"
cols=6,532,2022,719 Office Equipment,"1,941","2,000","2,000"
cols=6,533,2022,Total Accounting and Budgeting,"288,762","302,753","308,865"
cols=6,534,2022,52300 Property Assessor Office,,,
cols=6,535,2022,101 County Official,"80,668","80,668","86,395"
cols=6,536,2022,106 Deputy,"42,857","41,891",0
cols=6,537,2022,Account No. Description,Actual 2020-2021,Original Estimated 2021-2022,Estimated 2022-2023
cols=6,538,2022,135 Assessment Personnel,"32,672","31,462",0
cols=6,539,2022,140 Salary Supplement,"2,762","4,750","4,000"
cols=6,540,2022,162 Clerical Personnel,"34,753","33,466","121,092"
cols=6,541,2022,186 Longevity Pay,"2,300","2,400",500
cols=6,542,2022,187 Overtime Pay(Re-appraisal),0,0,0
cols=6,543,2022,187-RA Overtime Pay(Re-appraisal),0,"5,000",0
cols=6,544,2022,312 Contracts with Private Agencies,"3,939","10,000","10,000"
cols=6,545,2022,317 Data Processing Services,"30,704","33,000","36,300"
cols=6,546,2022,332 Legal Notices,52,200,200
cols=6,547,2022,337 Maint and Repair-Office Equipment,375,"1,000","1,000"
cols=6,548,2022,338 Maint and Repair-Vehicle,803,"1,500","1,500"
cols=6,549,2022,349 Printing Stationary Forms,"1,053","1,500","1,900"
cols=6,550,2022,349-RA Printing Stationary Forms(Re-appraisal),0,"3,500",0
cols=6,551,2022,355 Travel,933,"3,000","3,000"
cols=6,552,2022,399 Other Contracted Services,"3,220","4,000","5,000"
cols=6,553,2022,425 Gasoline,846,"2,500","3,000"
cols=6,554,2022,435 Office Supplies,"1,345","3,500","3,500"
cols=6,555,2022,524 In-Service/Staff Development,"1,050","2,400","2,400"
cols=6,556,2022,599 Other Charges,0,0,"4,000"
cols=6,557,2022,599-RA Other Charges(Re-appraisal),0,"7,500",0
cols=6,558,2022,599-PY Other Charges-PY Reappraisal Carryover,0,0,"9,000"
cols=6,559,2022,718 Motor Vehicles,0,0,0
cols=6,560,2022,719 Office Equipment,"9,423","5,000","5,000"
cols=6,561,2022,Total Property Assessor's Office,"249,755","278,237","297,787"
cols=6,562,2022,52400 County Trustee's Office,,,
cols=6,563,2022,101 County Official,"80,668","80,668","86,395"
cols=6,564,2022,106 Deputy,"32,920","33,920","35,277"
cols=6,565,2022,121 Data Processing Personnel,"26,282","27,081","28,165"
cols=6,566,2022,140 Salary Supplement,"2,887","4,875","5,250"
cols=6,567,2022,162 Clerical Personnel,"29,691","30,592","31,816"
cols=6,568,2022,169 Part-time Personnel,"6,760","11,200","11,650"
cols=6,569,2022,186 Longevity Pay,"1,700","1,900","2,600"
cols=6,570,2022,317 Data Processing Services,"11,890","13,000","14,000"
cols=6,571,2022,"332 Legal Notices, Recording and Court Costs",88,350,400
cols=6,572,2022,349 Printing Stationary Forms,"4,378","5,000","6,500"
cols=6,573,2022,355 Travel,901,"2,200","2,200"
cols=6,574,2022,399 Other Contracted Services,"1,489","2,000","3,325"
cols=6,575,2022,435 Office Supplies,"2,791","3,000","3,500"
cols=6,576,2022,508 Surety Bond,0,0,"13,365"
cols=6,577,2022,524 In-Service/Staff Development,680,"1,600","1,600"
cols=6,578,2022,719 Office Equipment,"5,499","3,000","3,000"
cols=6,579,2022,Total Trustees Office,"208,624","220,386","249,043"
cols=6,580,2022,52500 County Clerk Office,,,
cols=6,581,2022,101 County Official,"80,668","80,668","86,395"
cols=6,582,2022,106 Deputy,"31,475","32,431","33,729"
cols=6,583,2022,Account No. Description,Actual 2020-2021,Original Estimated 2021-2022,Estimated 2022-2023
cols=6,584,2022,140 Salary Supplement,"7,387","9,000","7,500"
cols=6,585,2022,161 Secretary,"30,002","30,913","32,150"
cols=6,586,2022,162 Clerical Personnel,"85,838","88,502","92,042"
cols=6,587,2022,169 Part-Time Personnel,"15,766","15,000","15,000"
cols=6,588,2022,186 Longevity Pay,"6,500","7,400","7,900"
cols=6,589,2022,317 Data Processing Services,"25,197","25,000","28,535"
cols=6,590,2022,355 Travel,"2,046","2,500","4,000"
cols=6,591,2022,435 Office Supplies,"3,325","3,750","3,000"
cols=6,592,2022,524 In-Service/Staff Development,"1,160","1,100","1,400"
cols=6,593,2022,719 Office Equipment,"2,024","2,500","3,000"
cols=6,594,2022,Total County Clerk,"291,388","298,764","314,651"
cols=6,595,2022,Total Finance,"1,038,529","1,100,140","1,170,346"
cols=6,596,2022,53000 ADMINISTRATION OF JUSTICE,,,
cols=6,597,2022,53100 Circuit Court,,,
cols=6,598,2022,101 County Official,"80,668","80,668","86,395"
cols=6,599,2022,106 Deputies,"156,628","142,224","147,914"
cols=6,600,2022,169 Part-time Personnel,"7,336","10,000","10,000"
cols=6,601,2022,186 Longevity Pay,"7,800","5,400","5,800"
cols=6,602,2022,188 Bonus Payments,0,0,0
cols=6,603,2022,189 Other Salaries and Wages,"26,928","30,000","31,201"
cols=6,604,2022,194 Jury & Witness Fees,"1,132","5,000","6,500"
cols=6,605,2022,317 Data Processing Services,"21,038","22,102","23,688"
cols=6,606,2022,"332 Legal Notices, Recording & Court Costs",269,600,600
cols=6,607,2022,337 Maint and Repair Services - Equipment,"1,773","3,000","3,500"
cols=6,608,2022,355 Travel,0,100,100
cols=6,609,2022,399 Other Contracted Services,800,0,800
cols=6,610,2022,435 Office Supplies,"4,656","6,000","6,000"
cols=6,611,2022,508 Premiums on Corporate Surety Bonds,100,250,200
cols=6,612,2022,719 Office Equipment,"4,006","7,000","8,000"
cols=6,613,2022,Total Circuit Court,"313,134","312,344","330,698"
cols=6,614,2022,53300 General Sessions Court,,,
cols=6,615,2022,102 Judge,"117,673","119,085","123,848"
cols=6,616,2022,123 Guidance Personnel,"55,271","56,950","59,228"
cols=6,617,2022,161 Secretary,"22,719","23,409","25,409"
cols=6,618,2022,169 Part-time Personnel,"1,959","8,352","8,352"
cols=6,619,2022,186 Longevity Pay,"2,800","3,000","3,200"
cols=6,620,2022,355 Travel,0,"3,000","3,000"
cols=6,621,2022,399 Other Contracted Services,493,"6,600","6,600"
cols=6,622,2022,432 Library Books,"1,464","1,400","1,750"
cols=6,623,2022,435 Office Supplies,"1,320","1,750","1,750"
cols=6,624,2022,524 In-Service/Staff Development,475,"1,500","1,500"
cols=6,625,2022,719 Office Equipment,"2,041","2,500","2,500"
cols=6,626,2022,Total General Sessions Court,"206,215","227,546","237,137"
cols=6,627,2022,Account No. Description,Actual 2020-2021,Original Estimated 2021-2022,Estimated 2022-2023
cols=6,628,2022,53310 General Sessions Judge,,,
cols=6,629,2022,102 Judge,528,"2,300","2,300"
cols=6,630,2022,355 Travel,0,"1,000","1,000"
cols=6,631,2022,524 In-Service/Staff Development,275,700,700
cols=6,632,2022,Total General Sessions Judge,803,"4,000","4,000"
cols=6,633,2022,53400 Chancery Court,,,
cols=6,634,2022,101 County Official,"80,668","80,668","86,395"
cols=6,635,2022,103 Assistant,"30,635","31,565","29,572"
cols=6,636,2022,106 Deputy,"24,336","27,081","25,480"
cols=6,637,2022,186 Longevity Pay,"2,500","3,300","3,100"
cols=6,638,2022,188 Bonus Payments,"1,000",0,0
cols=6,639,2022,317 Data Processing Services,"13,736","14,453","15,403"
cols=6,640,2022,"332 Legal Notices, Recording & Court Costs",0,"1,500","1,500"
cols=6,641,2022,355 Travel,0,"1,500","1,500"
cols=6,642,2022,435 Office Supplies,"3,694","6,000","6,000"
cols=6,643,2022,508 Premiums of Corporate Surety Bonds,0,0,0
cols=6,644,2022,719 Office Equipment,0,"1,000","2,000"
cols=6,645,2022,Total Chancery Court,"156,569","167,067","170,950"
cols=6,646,2022,53700 Judicial Commissioners,,,
cols=6,647,2022,169 Part-time Personnel,"11,989","15,426","16,198"
cols=6,648,2022,186 Longevity,900,"1,000","1,100"
cols=6,649,2022,189 Other Salaries & Wages,"37,706","34,006","35,707"
cols=6,650,2022,196 In-Service Training,0,"1,250","1,250"
cols=6,651,2022,355 Travel,"1,544","5,000","5,000"
cols=6,652,2022,435 Office Supplies,480,700,700
cols=6,653,2022,524 In-Service/Staff Development,225,150,150
cols=6,654,2022,599 Other Charges,340,360,360
cols=6,655,2022,Total Judicial Commissioners,"53,184","57,892","60,465"
cols=6,656,2022,53920 Courtroom Security,,,
cols=6,657,2022,431 Law Enforcement Supplies,0,0,0
cols=6,658,2022,499 Other Supplies and Materials,868,0,0
cols=6,659,2022,499-CRF Other Supplies and Materials-Coronavirus Relief,0,0,0
cols=6,660,2022,599 Other Charges,0,0,0
cols=6,661,2022,799 Other Capital Outlay,0,0,0
cols=6,662,2022,Total Courtroom Security,868,0,0
cols=6,663,2022,Total Administration of Justice,"730,773","768,849","803,250"
cols=6,664,2022,Account No. Description,Actual 2020-2021,Original Estimated 2021-2022,Estimated 2022-2023
cols=6,665,2022,54110 Sheriff's Department,,,
cols=6,666,2022,101 County Official,"88,735","88,735","95,035"
cols=6,667,2022,103 Assistant,"38,311","38,368","39,903"
cols=6,668,2022,106 Deputies,"882,229","945,320","981,914"
cols=6,669,2022,106-SEC Deputies (Courtroom Security),"90,141","90,275","98,614"
cols=6,670,2022,119 Accounts/Bookkeepers,"36,397","36,451","37,910"
cols=6,671,2022,140 Salary Supplements,"23,900","27,000","27,000"
cols=6,672,2022,148 Dispatchers and Radio Operators,"273,051","287,376","320,000"
cols=6,673,2022,169-SEC Part-time Personnel,"14,811","46,000","46,000"
cols=6,674,2022,186 Longevity Pay,"19,500","23,200","19,900"
cols=6,675,2022,187 Overtime Pay,"47,700","45,000","60,000"
cols=6,676,2022,187-TSEE Overtime Pay-Tennessee Safety Environment &,0,0,0
cols=6,677,2022,188 Bonus Payments,0,0,"31,000"
cols=6,678,2022,189-SRO Other Salaries and Wages(SRO),"204,306","204,759","221,606"
cols=6,679,2022,302 Advertising,0,200,500
cols=6,680,2022,307 Communication,"35,078","15,000","15,000"
cols=6,681,2022,312 Contracts with Private Agencies,0,"2,000","5,000"
cols=6,682,2022,317 Data Processing Services,"17,529","20,000","25,000"
cols=6,683,2022,331 Legal Services,64,200,200
cols=6,684,2022,"332 Legal Notices, Recording & Court Costs",0,0,0
cols=6,685,2022,336 Maint and Repair Services - Equipment,0,"4,000","4,000"
cols=6,686,2022,338 Maint and Repair Services - Vehicles,"47,212","50,000","65,000"
cols=6,687,2022,348 Postal Charges,297,300,300
cols=6,688,2022,355 Travel,"5,886","6,000","10,000"
cols=6,689,2022,355-SRO Travel (SRO),0,0,"5,000"
cols=6,690,2022,399 Other Contracted Service,"1,941","2,500",0
cols=6,691,2022,412 Diesel Fuel,732,"1,000","2,000"
cols=6,692,2022,425 Gasoline,"69,020","80,000","92,000"
cols=6,693,2022,431 Law Enforcement Supplies,"37,830","45,000","45,000"
cols=6,694,2022,431-SRO Law Enforcement Supplies-SRO,"4,400","5,000","5,000"
cols=6,695,2022,431-TSEE Law Enforcement Supplies-TN Safety Environmen,"4,997",0,0
cols=6,696,2022,435 Office Supplies,"8,135","8,000","8,000"
cols=6,697,2022,450 Tires and Tubes,"9,483","16,000","20,000"
cols=6,698,2022,451 Uniforms,"14,697","15,000","15,000"
cols=6,699,2022,508 Premiums on Corporate Surety Bonds,0,0,0
cols=6,700,2022,524 In-Service/Staff Development,"7,642","25,000","25,000"
cols=6,701,2022,524-SRO In-Service/Staff Development-SRO,377,"5,000","5,000"
cols=6,702,2022,599 Other Charges,0,0,"5,000"
cols=6,703,2022,718 Motor Vehicles,"99,913","100,000","25,000"
cols=6,704,2022,719 Office Equipment,"3,581","5,000","5,000"
cols=6,705,2022,Total Sheriffs Department,"2,087,895","2,237,684","2,360,882"
cols=6,706,2022,54160 Administration Of Sexual Offender Registry,,,
cols=6,707,2022,435 Office Supplies,"1,300","5,000","1,000"
cols=6,708,2022,599 Other Charges,0,599,"3,000"
cols=6,709,2022,719 Office Equipment,"4,725","2,000","3,500"
cols=6,710,2022,Total Administration Of Sexual Offender Registry,"6,025","7,599","7,500"
cols=6,711,2022,Account No. Description,Actual 2020-2021,Original Estimated 2021-2022,Estimated 2022-2023
cols=6,712,2022,54210 Jail,,,
cols=6,713,2022,160 Guards,"580,870","652,614","721,000"
cols=6,714,2022,186 Longevity Pay,"5,000","6,900","6,200"
cols=6,715,2022,187 Overtime Pay,"20,012","12,500","20,000"
cols=6,716,2022,188 Bonus Payment,0,0,"21,000"
cols=6,717,2022,189 Other Salaries and Wages,"11,660","11,866","15,475"
cols=6,718,2022,331 Legal Services,0,0,0
cols=6,719,2022,340 Medical and Dental Services,"213,915","250,000","250,000"
cols=6,720,2022,355 Travel,0,"1,500","5,000"
cols=6,721,2022,399 Other Contracted Service,"116,624","125,000","135,000"
cols=6,722,2022,410 Custodial Supplies,"19,025","20,000","25,000"
cols=6,723,2022,413 Drugs & Medical Supplies,"20,793","30,000","40,000"
cols=6,724,2022,422 Food Supplies,"192,000","195,000","280,000"
cols=6,725,2022,431 Law Enforcement Supplies,"4,506","5,000","5,000"
cols=6,726,2022,435 Office Supplies,"2,548","5,000","5,000"
cols=6,727,2022,441 Prisoners Clothing,"2,741","3,000","4,000"
cols=6,728,2022,451 Uniforms,"4,777","8,000","8,000"
cols=6,729,2022,499 Other Supplies and Materials,"6,885","10,000","15,000"
cols=6,730,2022,524 In-Service/Staff Development,200,"1,000","5,000"
cols=6,731,2022,709 Data Processing Equipment,"11,074","12,000","29,000"
cols=6,732,2022,719 Office Equipment,"4,424","5,000","5,000"
cols=6,733,2022,Total Jail,"1,217,054","1,354,380","1,594,675"
cols=6,734,2022,54310 Fire Prevention and Control,,,
cols=6,735,2022,309 Contracts with Gov Agen,"2,000","2,000","2,000"
cols=6,736,2022,429 Instructional Supplies and Materials,0,"3,550","1,000"
cols=6,737,2022,524 In-Service/Staff Development,"5,891","10,000","10,000"
cols=6,738,2022,790 Other Equipment,0,0,"2,550"
cols=6,739,2022,Total Fire Prevention and Control,"7,891","15,550","15,550"
cols=6,740,2022,54320 Rural Fire Protection,,,
cols=6,741,2022,316 Contributions,0,0,"150,000"
cols=6,742,2022,Total Rural Fire Prevention,0,0,"150,000"
cols=6,743,2022,54410 Civil Defense,,,
cols=6,744,2022,105 Supervisor/Director,"62,448","62,541","66,293"
cols=6,745,2022,169 Part-time Personnel,0,0,"5,000"
cols=6,746,2022,186 Longevity Pay,0,0,0
cols=6,747,2022,187 Overtime Pay,0,0,"5,000"
cols=6,748,2022,189 Other Salaries and Wages,"37,906","39,057","45,000"
cols=6,749,2022,320 Dues and Memberships,645,750,"1,000"
cols=6,750,2022,330 Operating Lease Payment,"3,400","3,400","3,400"
cols=6,751,2022,336 Maint and Repair Services - Equipment,"3,537","4,500","5,000"
cols=6,752,2022,338 Maint and Repair Services - Vehicles,"7,343","10,000","12,000"
cols=6,753,2022,355 Travel,0,"1,000","1,000"
cols=6,754,2022,Account No. Description,Actual 2020-2021,Original Estimated 2021-2022,Estimated 2022-2023
cols=6,755,2022,399 Other Contracted Services,690,"4,000","4,500"
cols=6,756,2022,412 Diesel,653,"4,000","4,000"
cols=6,757,2022,425 Gasoline,"4,165","7,000","10,000"
cols=6,758,2022,435 Office Supplies,962,"1,000","1,000"
cols=6,759,2022,442 Propane Gas,0,"3,000","3,000"
cols=6,760,2022,451 Uniforms,646,"1,000","1,000"
cols=6,761,2022,499 Other Supplies and Materials,"12,374","11,860","9,690"
cols=6,762,2022,508 Premiums on Corporate Surety Bonds,0,50,50
cols=6,763,2022,524 In-Service/Staff Development,555,"1,000","2,000"
cols=6,764,2022,599 Other Charges,8,"1,000","1,000"
cols=6,765,2022,708 Communication Equipment,"4,635","7,000","12,000"
cols=6,766,2022,718 Motor Vehicles,"14,403",0,0
cols=6,767,2022,718-DA Motor Vehicles-Direct Appropriations Grant,"5,000",0,0
cols=6,768,2022,790 Other Equipment,"1,306","1,000","1,000"
cols=6,769,2022,Total Civil Defense,"160,676","163,158","192,933"
cols=6,770,2022,54420 Rescue Squad,,,
cols=6,771,2022,316 Contributions,"25,000","35,000",0
cols=6,772,2022,515 Liability Claims,"9,495",0,0
cols=6,773,2022,Total Rescue Squad,"34,495","35,000",0
cols=6,774,2022,54610 County Coroner,,,
cols=6,775,2022,131 Medical Personnel,"4,750","5,000","5,000"
cols=6,776,2022,341 Pauper Burials,0,"1,000","1,000"
cols=6,777,2022,399 Other Contracted Services,"66,300","50,000","50,000"
cols=6,778,2022,508 Premiums on Corporate Surety Bonds,0,0,0
cols=6,779,2022,Total County Coroner,"71,050","56,000","56,000"
cols=6,780,2022,Total Public Safety,"3,585,086","3,869,371","4,377,540"
cols=6,781,2022,55000 PUBLIC HEALTH AND WELFARE,,,
cols=6,782,2022,55110 Local Health Center,,,
cols=6,783,2022,316 Contributions,"19,056","39,031","39,031"
cols=6,784,2022,335 Maintenance and Repair Service-Building,"1,797","1,000","1,000"
cols=6,785,2022,399 Other Contracted Services,0,"6,100","6,100"
cols=6,786,2022,435 Office Supplies,36,"1,520","1,520"
cols=6,787,2022,499 Other Supplies & Materials,0,"2,250","2,250"
cols=6,788,2022,599 Other Charges,598,700,700
cols=6,789,2022,599-PPI Other Charges,0,0,0
cols=6,790,2022,Total Local Health Center,"21,487","50,601","50,601"
cols=6,791,2022,55130 Ambulance/Emergency Medical Services,,,
cols=6,792,2022,105 Supervisor/Director,"59,744","59,833","64,620"
cols=6,793,2022,131 Medical Personnel,"828,023","1,075,666","1,220,252"
cols=6,794,2022,169 Part-time Personnel,"109,294","140,000","150,000"
cols=6,795,2022,Account No. Description,Actual 2020-2021,Original Estimated 2021-2022,Estimated 2022-2023
cols=6,796,2022,186 Longevity,"13,900","16,700","20,000"
cols=6,797,2022,187 Overtime Pay,"355,700","402,339","418,000"
cols=6,798,2022,199 Other Per Diem & Fees,22,"3,000","3,000"
cols=6,799,2022,320 Dues and Memberships,965,"1,200","1,200"
cols=6,800,2022,335 Maint & Repair Services - Building,"1,627","2,000","2,000"
cols=6,801,2022,336 Maint & Repair Services - Equipment,"1,035","8,000","8,000"
cols=6,802,2022,338 Maint & Repair Services - Vehicles,"82,734","40,000","50,000"
cols=6,803,2022,355 Travel,954,"3,500","3,000"
cols=6,804,2022,399 Other Contracted Services,"172,028","190,000","190,000"
cols=6,805,2022,410 Custodial Supplies,"2,347","3,000","3,000"
cols=6,806,2022,412 Diesel Fuel,"6,207","15,000","18,000"
cols=6,807,2022,413 Drugs and Medical Supplies,"54,656","60,000","65,000"
cols=6,808,2022,413-DONAT Drugs and Medical Supplies(EMR Donation),0,"1,200",0
cols=6,809,2022,413-CRF Drugs and Medical Supplies-Coronavirus Relief,"111,916",0,0
cols=6,810,2022,413-PHAR Drugs and Medical Supplies(Pharmecuticals),"27,860","35,000","35,000"
cols=6,811,2022,425 Gasoline,"30,084","66,082","70,000"
cols=6,812,2022,435 Office Supplies,"2,458","3,000","3,000"
cols=6,813,2022,450 Tires and Tubes,"5,626","10,000","12,000"
cols=6,814,2022,451 Uniforms,"8,359","15,000","15,000"
cols=6,815,2022,499 Other Supplies and Materials,"21,085","7,000","7,000"
cols=6,816,2022,524 In-Service/Staff Development,"14,066","20,000","20,000"
cols=6,817,2022,599-HHS Other Charges-HHS Grant,"25,723",0,0
cols=6,818,2022,718 Motor Vehicle,0,0,0
cols=6,819,2022,718-CRF Motor Vehicle-Coronavirus Relief Fund,"181,313",0,0
cols=6,820,2022,719 Office Equipment,"1,433","3,000","3,000"
cols=6,821,2022,790 Other Equipment,0,"30,000","30,000"
cols=6,822,2022,Total Ambulance/Emergency Medical Serv,"2,119,159","2,210,520","2,411,072"
cols=6,823,2022,55170 Alcohol and Drug Programs,,,
cols=6,824,2022,111 Probation Officer,"11,360","11,731","12,200"
cols=6,825,2022,201 Social Security,0,780,780
cols=6,826,2022,355 Travel,0,"1,000",796
cols=6,827,2022,435 Office Supplies,256,"1,265","1,000"
cols=6,828,2022,599 Other Charges,"3,289","7,500","7,500"
cols=6,829,2022,Total Alcohol and Drug Programs,"14,905","22,276","22,276"
cols=6,830,2022,55190 Other Local Health Services,,,
cols=6,831,2022,131 Medical Personnel,"137,119","154,563","130,147"
cols=6,832,2022,163 Educational Assistants,"58,537","58,537","61,053"
cols=6,833,2022,188 Bonus Payments,0,0,0
cols=6,834,2022,"349 Printing, Stationery, and Forms",0,100,100
cols=6,835,2022,355 Travel,"6,413","15,000","15,000"
cols=6,836,2022,399 Other Contracted Services,0,100,100
cols=6,837,2022,499 Other Supplies and Materials,0,"2,500","2,500"
cols=6,838,2022,506 Liability Insurance,194,250,250
cols=6,839,2022,599-TOBG Other Charges (Tobacco Grant),0,0,0
cols=7,840,2022,Account No. Description,Actual 2020-2021,Original Estimated 2021-2022,Estimated 2022-2023
cols=7,841,2022,Total Other Local Health Services,"202,263","231,050","209,150"
cols=7,842,2022,55900 Other Public Health Services,,,
cols=7,843,2022,599-ENV Other Charges (Environment Grant),"20,000",0,0
cols=7,844,2022,599-HOSP Other Charges (Hospital Donation),"5,000","5,000","5,000"
cols=7,845,2022,599-TOBG Other Charges(Tobacco Grant),"1,952","4,743","1,244"
cols=7,846,2022,Total Other Public Health Services,"26,952","9,743","6,244"
cols=7,847,2022,Total Public Health & Welfare,"2,384,766","2,524,190","2,699,343"
cols=7,848,2022,"56000 SOCIAL, CULTURAL AND RECREATIONAL SERVICES",,,
cols=7,849,2022,56300 Senior Citizens Assistance,,,
cols=7,850,2022,316 Contributions,"10,000","10,000",0
cols=7,851,2022,316-DA Contributions,"4,000",0,0
cols=7,852,2022,Total Senior Citizens Assistance,"14,000","10,000",0
cols=7,853,2022,56500 Libraries,,,
cols=7,854,2022,103 Assistants,"108,002","111,282","115,735"
cols=7,855,2022,129 Librarians,"38,208","39,368","40,943"
cols=7,856,2022,186 Longevity,"4,100","4,700","5,400"
cols=7,857,2022,189 Other Salaries and Wages,"12,605","13,897","19,453"
cols=7,858,2022,317 Data Processing Services,"3,235","3,600","3,600"
cols=7,859,2022,320 Dues & Memberships,60,750,750
cols=7,860,2022,335 Maint & Repair Services Buildings,595,"3,000","3,000"
cols=7,861,2022,348 Postal Charges,"1,006","1,000","1,000"
cols=7,862,2022,355 Travel,0,"2,000","2,000"
cols=7,863,2022,399 Other Contracted Services,"14,838","17,854","17,854"
cols=7,864,2022,432 Library Books & Media,"5,499","5,500","5,500"
cols=7,865,2022,435 Office Supplies,"5,335","7,000","7,000"
cols=7,866,2022,452 Utilities,"5,354","6,000","6,000"
cols=7,867,2022,499 Other Supplies & Materials,702,"1,000","1,000"
cols=7,868,2022,524 In-Service/Staff Development,214,"1,000","1,000"
cols=7,869,2022,599 Other Charges,"16,633","15,000","15,000"
cols=7,870,2022,599-LIB Other Charges-LIB,"2,171",0,0
cols=7,871,2022,599-PS Other Charges-PS,"10,996",0,0
cols=7,872,2022,790 Other Equipment,0,"8,000","8,000"
cols=7,873,2022,790-DA Other Equipment-Direct Appropriations Grant,"3,734",0,0
cols=7,874,2022,799 Other Capital Outlay,0,0,0
cols=7,875,2022,799-DA Other Capital Outlay-Direct Appropriations Grant,"11,236",0,0
cols=7,876,2022,Total Estimated Expenditures,"244,523","240,951","253,235"
cols=7,877,2022,56700 Parks and Fair Boards,,,
cols=7,878,2022,316 Contributions,0,0,"3,000"
cols=7,879,2022,Total Senior Citizens Assistance,0,0,"3,000"
cols=6,880,2022,Account No. Description,Actual 2020-2021,Original Estimated 2021-2022,Estimated 2022-2023
cols=6,881,2022,"Total Social, Cultural and Recreational","258,523","250,951","256,235"
cols=6,882,2022,57000 AGRICULTURE AND NATURAL RESOURCES,,,
cols=6,883,2022,57100 Agriculture Extension Service,,,
cols=6,884,2022,316 Contributions,"53,480","58,748","60,594"
cols=6,885,2022,320 Dues and Memberships,230,350,350
cols=6,886,2022,355 Travel,0,900,900
cols=6,887,2022,410 Custodial Supplies,122,125,125
cols=6,888,2022,435 Office Supplies,0,"1,000","1,000"
cols=6,889,2022,719 Office Equipment,0,"1,000","1,000"
cols=6,890,2022,Total Agriculture Extension Services,"53,832","62,123","63,969"
cols=6,891,2022,57500 Soil Conservation,,,
cols=6,892,2022,161 Secretary,"23,716","28,439","24,960"
cols=6,893,2022,186 Longevity,600,700,700
cols=6,894,2022,399 Other Contracted Services,"5,000","5,000","5,000"
cols=6,895,2022,599 Other Charges,"2,550","2,550","2,550"
cols=6,896,2022,Total Soil Conservation,"31,866","36,689","33,210"
cols=6,897,2022,Total Agriculture and Natural Resources,"85,698","98,812","97,179"
cols=6,898,2022,58000 OTHER GENERAL GOVERNMENT,,,
cols=6,899,2022,58110 Tourism,,,
cols=6,900,2022,316 Contributions,0,"1,200","1,200"
cols=6,901,2022,707 Building Improvements,0,0,0
cols=6,902,2022,Total Tourism,0,"1,200","1,200"
cols=6,903,2022,58120 Industrial Development (Vision 21),,,
cols=6,904,2022,105 Supervisor/Director,"58,829","58,917","63,000"
cols=6,905,2022,316 Contributions,"12,294","12,294","11,773"
cols=6,906,2022,Total Industrial Development,"71,123","71,211","74,773"
cols=6,907,2022,58190 Other Economic and Community Development,,,
cols=6,908,2022,351 Rentals,0,0,0
cols=6,909,2022,599 Other Charges,0,0,0
cols=6,910,2022,Total Other Economic and Community Developme,0,0,0
cols=6,911,2022,58300 Veterans Services,,,
cols=6,912,2022,105 Supervisor/Director,"31,154","31,201","32,450"
cols=6,913,2022,169 Part-time Personnel,0,0,0
cols=6,914,2022,338 Maint & Repair Services - Vehicles,415,500,500
cols=6,915,2022,338-SC Maint & Repair Services - Vehicles(South Central),36,500,0
cols=6,916,2022,Account No. Description,Actual 2020-2021,Original Estimated 2021-2022,Estimated 2022-2023
cols=6,917,2022,351 Rentals,"3,400","3,600","3,600"
cols=6,918,2022,355 Travel,0,300,300
cols=6,919,2022,399 Other Contracted Service,449,450,450
cols=6,920,2022,425 Gasoline,630,750,750
cols=6,921,2022,425-SC Gasoline (SCHRA),227,500,0
cols=6,922,2022,435 Office Supplies,159,200,200
cols=6,923,2022,599 Other Charges,957,"1,000","1,000"
cols=6,924,2022,599-SC Other Charges (SCHRA),0,"1,000",0
cols=6,925,2022,719 Office Equipment,0,200,200
cols=6,926,2022,Total Veterans Services,"37,427","40,201","39,450"
cols=6,927,2022,58400 Other Charges,,,
cols=6,928,2022,506 Liability Insurance,"290,698","297,000","300,632"
cols=6,929,2022,510 Trustees Commission,"205,935","210,000","210,000"
cols=6,930,2022,513 Workers Comp,"125,281","160,000","160,000"
cols=6,931,2022,Total Other Charges,"621,914","667,000","670,632"
cols=6,932,2022,58600 Employee Benefits,,,
cols=6,933,2022,201 Social Security,"453,196","516,127","537,000"
cols=6,934,2022,204 State Retirement,"638,967","700,068","728,000"
cols=6,935,2022,206 Life Insurance,"43,292","53,000","53,000"
cols=6,936,2022,207 Medical Insurance,"1,677,268","1,898,199","1,898,199"
cols=6,937,2022,210 Unemployment Comp,"5,602","20,000","22,000"
cols=6,938,2022,399 Other Contracted Services,0,"5,500",0
cols=6,939,2022,Total Employees Benefits,"2,818,325","3,192,894","3,238,199"
cols=6,940,2022,58836 CESF Video Arraignment,0,0,0
cols=6,941,2022,Total CESF Video Arraignment,0,0,0
cols=6,942,2022,58900 Miscellaneous,,,
cols=6,943,2022,309 Contracts with Government Agencies,"12,920","12,920","12,920"
cols=6,944,2022,316 Contributions,"86,000","108,000","60,000"
cols=6,945,2022,316-DA Contributions-Direct Appropriations Grant,"153,222",0,0
cols=6,946,2022,320 Dues and Memberships,"13,746","15,000","16,100"
cols=6,947,2022,348 Postal Charges,"41,555","45,000","45,000"
cols=6,948,2022,351 Rentals,0,"2,500","2,500"
cols=6,949,2022,399 Other Contracted Services,0,0,0
cols=6,950,2022,509-DA Refunds,0,0,0
cols=6,951,2022,599 Other Charges,"1,719","2,500","2,500"
cols=6,952,2022,Total Miscellaneous,"309,162","185,920","139,020"
cols=6,953,2022,Total Other General Government,"3,857,951","4,158,426","4,163,274"
cols=6,954,2022,Account No. Description,Actual 2020-2021,Original Estimated 2021-2022,Estimated 2022-2023
cols=6,955,2022,Total Estimated Expenditures,"13,648,398","14,474,349","15,863,678"
cols=6,956,2022,99000 OTHER USES,,,
cols=6,957,2022,91190 Other General Government Projects,,,
cols=6,958,2022,706-DA Building Construction,0,0,0
cols=6,959,2022,Total Estimated General Administration Projects,0,0,0
cols=6,960,2022,91200 Highway & Street Capital Projects,,,
cols=6,961,2022,713 Highway Construction,"19,590",0,0
cols=6,962,2022,Total Estimated Highway & Street Capital Projects,"19,590",0,0
cols=6,963,2022,99000 ESTIMATED OTHER USES,,,
cols=6,964,2022,99100 Transfers Out,,,
cols=6,965,2022,590 Transfers to Other Funds,"107,777","100,000","100,000"
cols=6,966,2022,590-DA Transfers to Other Funds,"360,000",0,0
cols=6,967,2022,Total Estimated Other Uses,"467,777","100,000","100,000"
cols=6,968,2022,Total Estimated Expenditures and other uses,"14,135,765","14,574,349","15,963,678"
cols=6,969,2022,Excess of Estimated Revenue and Other Sources over (under) Estimated Expenditures and Othe,"615,695","-1,432,501","-2,374,434"
cols=6,970,2022,Estimated Begin Fund Balance July 1,"5,237,699","5,853,394","6,500,000"
cols=6,971,2022,Estimated Ending Fund Balance June 30,"5,853,394","4,420,893","4,125,566"
cols=6,972,2022,"Statement of Proposed Operations for the Fiscal Year Ending June 30, 2023",,Original,
cols=6,973,2022,Account No. Description,Actual 2020-2021,Estimated 2021-2022,Estimated 2022-2023
cols=6,974,2022,ESTIMATED REVENUES,,,
cols=6,975,2022,"42000 FINES, FORFIETURES AND PENALTIES",,,
cols=6,976,2022,42100 Circuit Court,,,
cols=6,977,2022,42140 Drug Control Fines,"2,930","2,500","2,500"
cols=6,978,2022,42141 Drug Control Fees,0,0,0
cols=6,979,2022,42300 General Sessions Court,,,
cols=6,980,2022,42340 Drug Control Fines,"6,812","6,000","6,000"
cols=6,981,2022,42341 Drug Control Fees,0,0,0
cols=6,982,2022,"Total Fines, Forfeitures and Penalties","9,742","8,500","8,500"
cols=6,983,2022,"42900 OTHER FINES, FORFEITURES AND PENALTIES",,,
cols=6,984,2022,42910 Proceeds from Confiscated Property,"58,136","45,000","45,000"
cols=6,985,2022,"Total Other Fines, Forfeitures, and Penalties","58,136","45,000","45,000"
cols=6,986,2022,44000 OTHER LOCAL REVENUES,,,
cols=6,987,2022,44500 Nonrecurring Items,,,
cols=6,988,2022,44530 Sale of Equipment,"1,000",0,0
cols=6,989,2022,Total Other Local Revenues,"1,000",0,0
cols=6,990,2022,Total Estimated Revenue,"68,878","53,500","53,500"
cols=6,991,2022,49000 ESTIMATED OTHER SOURCES(NON-REVENUE),,,
cols=6,992,2022,49700 Insurance Recovery,0,0,0
cols=6,993,2022,Total Estimated Other Source(Non-Revenue),0,0,0
cols=6,994,2022,Total Estimated Revenues and Other Source,"68,878","53,500","53,500"
cols=6,995,2022,ESTIMATED EXPENDITURES,,,
cols=6,996,2022,54110 SHERIFF'S DEPARTMENT,,,
cols=6,997,2022,355 Travel,0,0,0
cols=6,998,2022,431 Law Enforcement Supplies,0,0,0
cols=6,999,2022,524 Inservice,0,0,0
cols=6,1000,2022,599 Other Charges,"10,000","10,000","10,000"
cols=6,1001,2022,716 Law Enforcement Equipment,0,0,0
cols=6,1002,2022,718 Motor Vehicles,0,0,"75,000"
cols=6,1003,2022,Total Estimated Expenditures,"10,000","10,000","85,000"
cols=6,1004,2022,Excess of Estimated Revenue Over,,,
cols=6,1005,2022,(Under) Estimated Expenditures,"58,878","43,500","-31,500"
cols=6,1006,2022,Estimated Beginning Fund Balance July 1,"99,773","158,651","108,000"
cols=6,1007,2022,Estimated Ending Fund Balance June 30,"158,651","202,151","76,500"
cols=6,1008,2022,"Adequate Facilities Tax Fund 125 Statement of Proposed Operations For the Fiscal Year Ending June 30, 2023",,Original,
cols=6,1009,2022,Account No. Description,Actual 2020-2021,Estimated 2021-2022,Estimated 2022-2023
cols=6,1010,2022,ESTIMATED REVENUES,,,
cols=6,1011,2022,40200 COUNTY LOCAL OPTION TAXES,,,
cols=6,1012,2022,40285 Adequate Facilities/Development Tax,"246,779","280,000","260,000"
cols=6,1013,2022,Total Local Option Taxes,"246,779","280,000","260,000"
cols=6,1014,2022,Total Revenues,"246,779","280,000","260,000"
cols=6,1015,2022,ESTIMATED EXPENDITURES,,,
cols=6,1016,2022,50000 GENERAL COUNTY OPERATIONS,,,
cols=6,1017,2022,51730 Building,,,
cols=6,1018,2022,509 Refunds,0,0,0
cols=6,1019,2022,510 Trustee's Commission,"2,468","2,500","2,600"
cols=6,1020,2022,Total Building,"2,468","2,500","2,600"
cols=6,1021,2022,90000 CAPITAL PROJECTS,,,
cols=6,1022,2022,91300 Educational Capital Project,,,
cols=6,1023,2022,799 Other Capital Outlay,0,0,"150,000"
cols=6,1024,2022,Total Public Safety Projects,0,0,"150,000"
cols=6,1025,2022,99100 TRANSFERS OUT,,,
cols=6,1026,2022,590 Transfers to Other Funds,0,"280,000","280,000"
cols=6,1027,2022,Total Transfers Out,0,"280,000","280,000"
cols=6,1028,2022,Total Estimated Expenditures,"2,468","282,500","432,600"
cols=6,1029,2022,Excess of Estimated Revenue and Other,,,
cols=6,1030,2022,Sources over/under Estimated Expendit,"244,311","-2,500","-172,600"
cols=6,1031,2022,Estimated Beginning Fund Balance July,"658,288","902,599","880,000"
cols=6,1032,2022,Estimated Ending Fund Balance June 3(,"902,599","900,099","707,400"
cols=6,1033,2022,"Statement of Proposed Operations for the Fiscal Year Ending June 30, 2023 Account No. Description",Actual 2020-2021,Original Estimated 2021-2022,Estimated 2022-2023
cols=6,1034,2022,ESTIMATED REVENUES,,,
cols=6,1035,2022,44000 OTHER LOCAL REVENUES,,,
cols=6,1036,2022,44100 Recurring Items,,,
cols=6,1037,2022,44110 Investment Income,0,0,480
cols=6,1038,2022,Total Recurring Items,0,0,480
cols=6,1039,2022,47000 FEDERAL GOVERNMENT,,,
cols=6,1040,2022,47600 Direct Federal Revenue,,,
cols=6,1041,2022,47902 American Rescue Plan Act Grant#7(SLFRF),0,0,"2,445,647"
cols=6,1042,2022,Total Direct Federal Revenue,0,0,"2,445,647"
cols=6,1043,2022,Total Estimated Revenue,0,0,"2,446,127"
cols=6,1044,2022,ESTIMATED EXPENDITURES,,,
cols=6,1045,2022,58837 AMERICAN RESCUE PLAN ACT GRANT#7,,,
cols=6,1046,2022,188 Bonus Payments,0,0,"550,000"
cols=6,1047,2022,201 Social Security,0,0,"20,000"
cols=6,1048,2022,204 Pensions,0,0,"25,000"
cols=6,1049,2022,Total Estimated Expenditures,0,0,"595,000"
cols=6,1050,2022,Excess of Estimated Revenue Over,,,
cols=6,1051,2022,(Under) Estimated Expenditures,0,0,"1,851,127"
cols=6,1052,2022,Estimated Beginning Fund Balance July 1,0,0,"2,445,647"
cols=6,1053,2022,Estimated Ending Fund Balance June 30,0,0,"4,296,774"
cols=7,1054,2022,Account No. Description,Actual 2020-2021,Original Estimate 2021-2022,Estimate 2022-2023
cols=7,1055,2022,ESTIMATED REVENUES,,,
cols=7,1056,2022,40000 LOCAL TAXES,,,
cols=7,1057,2022,40100 County Property Taxes,,,
cols=7,1058,2022,40110 Current Property Taxes,"275,401","287,140","287,493"
cols=7,1059,2022,40120 Trustee's Collection Prior Year,"6,794","12,930","12,930"
cols=7,1060,2022,40125 Trustee's Collection Bankruptcy,81,0,0
cols=7,1061,2022,40130 Circuit/Clerk & Master Coll Prior Years,"4,920","7,000","7,000"
cols=7,1062,2022,40140 Interest and Penalty,"1,469","2,260","2,260"
cols=7,1063,2022,40161 Payments in Lieu of Taxes TVA,303,350,350
cols=7,1064,2022,40200 County Local Option Taxes,,,
cols=7,1065,2022,40270 Business Tax,"3,131","3,500","3,500"
cols=7,1066,2022,40280 Mineral Severance Tax,"66,653","85,000","85,000"
cols=7,1067,2022,Total Local Taxes,"358,752","398,180","398,533"
cols=7,1068,2022,43100 General Service Charge,,,
cols=7,1069,2022,43102 Other Employee Benefit Charges/Contributions,"5,454","4,825",0
cols=7,1070,2022,Total General Services Charge,"5,454","4,825",0
cols=7,1071,2022,43000 CHARGES FOR CURRENT SERVICES,,,
cols=7,1072,2022,43380 Vending Machines Collections,"1,387","2,600","2,600"
cols=7,1073,2022,Total Charges for Current Services,"1,387","2,600","2,600"
cols=7,1074,2022,44000 OTHER LOCAL REVENUES,,,
cols=7,1075,2022,44100 Recurring Items,,,
cols=7,1076,2022,44145 Sale of Recycled Materials,"1,258","4,500","5,500"
cols=7,1077,2022,44170 Miscellaneous Refunds,"7,281",0,0
cols=7,1078,2022,44500 Nonrecurring Items,,,
cols=7,1079,2022,44530 Sale of Equipment,"12,350","100,000","150,000"
cols=7,1080,2022,Total Other Local Revenues,"20,889","104,500","155,500"
cols=7,1081,2022,46000 STATE OF TENNESSEE,,,
cols=7,1082,2022,46400 Public Works Grants,,,
cols=7,1083,2022,46410 Bridge Program,"500,221","1,851,368","1,851,368"
cols=7,1084,2022,46420 State Aid Program,"358,450","659,455","659,455"
cols=7,1085,2022,46851 State Revenue Sharing TVA,"19,094","22,000","22,000"
cols=7,1086,2022,46920 Gasoline and Motor Fuel Tax,"2,636,694","2,617,836","2,836,818"
cols=7,1087,2022,46930 Petroleum Special Tax,"17,815","19,140","19,140"
cols=7,1088,2022,46980 Other State Grants,"6,843",0,0
cols=7,1089,2022,Total State of Tennessee,"3,539,117","5,169,799","5,388,781"
cols=7,1090,2022,Account No. Description,Actual 2020-2021,Original Estimate 2021-2022,Estimate 2022-2023
cols=7,1091,2022,47100 Federal Through State,,,
cols=7,1092,2022,47230 Disaster Relief,"108,177","200,000","500,000"
cols=7,1093,2022,47301-CRF COVID-19 Grant # 1,"35,748",0,0
cols=7,1094,2022,47600 Direct Federal Revenue,,,
cols=7,1095,2022,47990 Other Direct Federal Revenue,0,"300,000","800,000"
cols=7,1096,2022,Total Federal Government,"143,925","500,000","1,300,000"
cols=7,1097,2022,48000 OTHER GOVERNMENTS AND CITIZENS GROUP,,,
cols=7,1098,2022,48100 Other Governments,,,
cols=7,1099,2022,48120 Paving and Maintenance,"4,615",0,0
cols=7,1100,2022,48600 Citizens Groups,,,
cols=7,1101,2022,48610 Donations,500,0,0
cols=7,1102,2022,Total Other Governments,"5,115",0,0
cols=7,1103,2022,Total Estimated Revenue,"4,074,639","6,179,904","7,245,414"
cols=7,1104,2022,49000 OTHER SOURCES (NON-REVENUE),,,
cols=7,1105,2022,49700 Insurance Recovery,"1,086",0,0
cols=7,1106,2022,49800 Transfers In,"367,777",0,0
cols=7,1107,2022,Total Other Sources (Non-Revenue),"368,863",0,0
cols=7,1108,2022,Total Estimated Revenues and Other Sources,"4,443,502","6,179,904","7,245,414"
cols=7,1109,2022,ESTIMATED EXPENDITURES,,,
cols=7,1110,2022,61000 ADMINISTRATION,,,
cols=7,1111,2022,101 County Official/Administrative Officer,"88,735","88,735","95,035"
cols=7,1112,2022,140 Salary Supplement,"2,062","4,500","4,500"
cols=7,1113,2022,161 Secretary,"37,327","39,960","43,784"
cols=7,1114,2022,162 Clerical Personnel,0,0,"30,160"
cols=7,1115,2022,169 Part-time Personnel,"17,470","33,950","21,558"
cols=7,1116,2022,187 Overtime Pay,"2,547","4,500","5,500"
cols=7,1117,2022,188 Bonus Payment,0,0,0
cols=7,1118,2022,191 Board and Committee Members Fees,"16,800","16,800","16,800"
cols=7,1119,2022,316 Contributions,500,500,500
cols=7,1120,2022,317 Data Processing Services,0,400,400
cols=7,1121,2022,320 Dues and Memberships,"3,875","3,875","3,875"
cols=7,1122,2022,"332 Legal Notices, Recording and Court Costs",364,400,"1,000"
cols=7,1123,2022,348 Postal Charges,0,300,300
cols=7,1124,2022,355 Travel,590,"2,500","1,500"
cols=7,1125,2022,399 Other Contracted Services,"8,113","8,200","8,500"
cols=7,1126,2022,435 Office Supplies,251,"1,050","1,050"
cols=7,1127,2022,508 Premiums on Corporate Surety Bonds,0,"2,000","2,000"
cols=7,1128,2022,524 In-Service/Staff Developement,150,"2,500","2,500"
cols=7,1129,2022,719 Office Equipment,0,"10,000","5,000"
cols=7,1130,2022,Total Administration,"178,784","220,170","243,962"
cols=7,1131,2022,Account No. Description,Actual 2020-2021,Original Estimate 2021-2022,Estimate 2022-2023
cols=7,1132,2022,62000 HIGHWAY AND BRIDGE MAINTENANCE,,,
cols=7,1133,2022,140 Salary Supplements,"1,500","1,500","1,500"
cols=7,1134,2022,141 Foremen,"223,564","293,761","293,761"
cols=7,1135,2022,143 Equipment Operators,"307,015","375,495","375,495"
cols=7,1136,2022,149 Laborers,"242,705","302,230","315,000"
cols=7,1137,2022,187 Overtime Pay,"32,765","50,000","50,000"
cols=7,1138,2022,188 Bonus Payment,0,0,0
cols=7,1139,2022,323 Explosive and Drilling Services,0,"2,000","2,000"
cols=7,1140,2022,403 Asphalt-Cold Mix,"33,811","75,000","100,000"
cols=7,1141,2022,405 Asphalt-Liquid,"95,448","450,000","550,000"
cols=7,1142,2022,409 Crushed Stone,"120,266","400,000","750,000"
cols=7,1143,2022,426 General Construction Materials,"1,858","15,000","25,000"
cols=7,1144,2022,436 Other Road Supplies,"32,585","45,000","55,000"
cols=7,1145,2022,438 Pipe,"22,555","30,000","70,000"
cols=7,1146,2022,443 Road Signs,"8,773","18,000","18,000"
cols=7,1147,2022,444 Salt,0,"5,000","5,000"
cols=7,1148,2022,446 Small Tools,"2,113","8,000","5,000"
cols=7,1149,2022,455 Wood Products,"1,247","5,000","5,000"
cols=7,1150,2022,468 Chemical,"4,800","10,000","10,000"
cols=7,1151,2022,Total Highway and Bridge Maintenance,"1,131,005","2,085,986","2,630,756"
cols=7,1152,2022,63100 OPERATION AND MAINTENANCE OF EQUIPMENT,,,
cols=7,1153,2022,141 Foremen,"37,815","39,992","42,176"
cols=7,1154,2022,142 Mechanic(s),"29,270","31,860","32,760"
cols=7,1155,2022,187 Overtime Pay,"5,018","5,000","5,000"
cols=7,1156,2022,188 Bonus Payments,0,0,0
cols=7,1157,2022,329 Laundry Services,"11,401","12,000","12,000"
cols=7,1158,2022,412 Diesel Fuel,"92,609","150,000","200,000"
cols=7,1159,2022,418 Equipment and Machinery Parts,"77,471","150,000","150,000"
cols=7,1160,2022,424 Garage Supplies,"39,046","50,000","75,000"
cols=7,1161,2022,425 Gasoline,"15,818","38,500","45,000"
cols=7,1162,2022,433 Lubricants,"12,169","20,000","25,000"
cols=7,1163,2022,450 Tires and Tubes,"54,409","50,000","75,000"
cols=7,1164,2022,599 Other Charges,100,"1,500","1,500"
cols=7,1165,2022,Total Operation and Maintenance of Equip,"375,126","548,852","663,436"
cols=7,1166,2022,65000 OTHER CHARGES,,,
cols=7,1167,2022,307 Communication,"3,141","7,500","7,500"
cols=7,1168,2022,331 Legal Services,0,"3,500","3,500"
cols=7,1169,2022,415 Electricity,"4,400","8,000","8,000"
cols=7,1170,2022,454 Water and Sewer,"4,001","6,500","6,500"
cols=7,1171,2022,505 Judgments,0,0,0
cols=7,1172,2022,506 Liability Insurance,"47,858","60,000","60,000"
cols=7,1173,2022,510 Trustees Commission,"32,741","35,000","35,000"
cols=7,1174,2022,Total Other Charges,"92,141","120,500","120,500"
cols=7,1175,2022,66000 EMPLOYEE BENEFITS,,,
cols=7,1176,2022,201 Social Security,"74,902","114,600","114,600"
cols=6,1177,2022,Account No. Description,Actual 2020-2021,Original Estimate 2021-2022,Estimate 2022-2023
cols=6,1178,2022,204 State Retirement,"106,360","145,000","145,000"
cols=6,1179,2022,205 Employee and Dependent Insurance,"351,107","506,375","506,375"
cols=6,1180,2022,210 Unemployment Compensation,"7,026","17,000","17,000"
cols=6,1181,2022,513 Worker's Compensation Insurance,"117,948","146,735","146,735"
cols=6,1182,2022,599 Other Charges,"1,811","7,500","7,500"
cols=6,1183,2022,Total Employees Benefits,"659,154","937,210","937,210"
cols=6,1184,2022,68000 CAPITAL OUTLAY,,,
cols=6,1185,2022,705 Bridge Construction,"603,046","1,600,000","1,600,000"
cols=6,1186,2022,708 Communication Equipment,985,"4,000","4,000"
cols=6,1187,2022,713 Highway Construction,"725,205","750,000","750,000"
cols=6,1188,2022,714 Highway Equipment,"209,048","75,000","100,000"
cols=6,1189,2022,718 Motor Vehicles,"30,765","35,000","35,000"
cols=6,1190,2022,791 Other Construction,"3,536","15,000","15,000"
cols=6,1191,2022,Total Capital Outlay,"1,572,585","2,479,000","2,504,000"
cols=6,1192,2022,Total Estimated Expenditures,"4,008,795","6,391,718","7,099,864"
cols=6,1193,2022,99000 OTHER USES,,,
cols=6,1194,2022,99100 Transfers Out,,,
cols=6,1195,2022,590 Transfers to Other Funds,"128,264","121,088","143,655"
cols=6,1196,2022,Total Other Uses,"128,264","121,088","143,655"
cols=6,1197,2022,Total Estimated Expenditures and Other Uses,"4,137,059","6,512,806","7,243,519"
cols=6,1198,2022,Excess of Estimated Revenue Over (Under),,,
cols=6,1199,2022,Estimated Expenditures and Other Uses,"306,443","-332,902","1,895"
cols=6,1200,2022,Estimated Beginning Fund Balance July 1,"1,550,627","1,857,070","1,600,000"
cols=6,1201,2022,Fund Balance Audit Adjustment,,,
cols=6,1202,2022,Estimated Ending Fund Balance June 30,"1,857,070","1,524,168","1,601,895"
cols=7,1203,2022,Account No. Description,Actual 2020-2021,Original Estimate 2021-2022,Estimate 2022-2023
cols=7,1204,2022,ESTIMATED REVENUES,,,
cols=7,1205,2022,40000 Local Taxes,,,
cols=7,1206,2022,40100 County Property Taxes,,,
cols=7,1207,2022,40110 Current Property Taxes,"3,180,080","2,953,439","2,953,480"
cols=7,1208,2022,40120 Trustee's Collection - Prior Year,"78,477","80,000","80,000"
cols=7,1209,2022,40125 Trustee's Collection - Bankruptcy,940,,0
cols=7,1210,2022,40130 Circuit/Clerk & Master Collections - Prior Years,"56,812","45,000","45,000"
cols=7,1211,2022,40140 Interest and Penalty,"16,975","21,000","21,000"
cols=7,1212,2022,40161 Payments in Lieu of Taxes - TVA,"3,495","4,000","4,000"
cols=7,1213,2022,40162 Payments in Lieu of Taxes - Local Utilities,"6,000","6,000","6,000"
cols=7,1214,2022,40200 County Local Option Taxes,,,
cols=7,1215,2022,40210 Local Option Sales Tax,"2,368,452","2,100,000","2,350,000"
cols=7,1216,2022,40270 Business Tax,"36,153","30,000","30,000"
cols=7,1217,2022,40300 Statutory Local Taxes,,,
cols=7,1218,2022,40320 Bank Excise Tax,0,0,0
cols=7,1219,2022,40350 Interstate Telecommunication Tax,0,0,0
cols=7,1220,2022,Total Local Taxes,"5,747,384","5,239,439","5,489,480"
cols=7,1221,2022,41000 Licenses and Permits,,,
cols=7,1222,2022,41100 Licenses,,,
cols=7,1223,2022,41110 Marriage Licenses,"1,644","1,300","1,300"
cols=7,1224,2022,Total Licenses and Permits,"1,644","1,300","1,300"
cols=7,1225,2022,43000 Charges for Current Services,,,
cols=7,1226,2022,43500 Education Charges,,,
cols=7,1227,2022,43513 Tuition - Summer School,0,0,0
cols=7,1228,2022,43517 Tuition - Other,"3,500","2,000","2,000"
cols=7,1229,2022,43570 Receipts from Individual Schools,"15,182","30,000","30,000"
cols=7,1230,2022,43582 Community Service Fees Adults,161,200,200
cols=7,1231,2022,Total Charges for Current Services,"18,843","32,200","32,200"
cols=7,1232,2022,44000 Other Local Revenues,,,
cols=7,1233,2022,44100 Recurring Items,,,
cols=7,1234,2022,44110 Investment Income,"46,247",0,0
cols=7,1235,2022,44120 Lease/Rentals,70,"1,000","10,000"
cols=7,1236,2022,44170 Miscellaneous Refunds,"43,933","30,000","30,000"
cols=7,1237,2022,44500 Nonrecurring Items,,,
cols=7,1238,2022,44512 Gain on Retirement of Debt (Gasb 54),"571,666",0,0
cols=7,1239,2022,44530 Sale of Equipment,"12,423","10,000","15,000"
cols=7,1240,2022,44560 Damages Recovered from Individuals,"1,594","3,000","3,000"
cols=7,1241,2022,44570 Contributions and Gifts,"10,251","15,000","15,000"
cols=7,1242,2022,44990 Other Local Revenues,0,0,0
cols=7,1243,2022,Account No. Description,Actual 2020-2021,Original Estimate 2021-2022,Estimate 2022-2023
cols=7,1244,2022,Total Other Local Revenues,"686,184","59,000","73,000"
cols=7,1245,2022,Total Local Revenue,"6,454,055","5,331,939","5,595,980"
cols=7,1246,2022,46000 State of Tennessee,,,
cols=7,1247,2022,46175 On-Behalf Contributions for OPEB,"63,957",0,"35,000"
cols=7,1248,2022,46500 State Education Funds,,,
cols=7,1249,2022,46511 Basic Education Program,"22,435,322","22,770,000","23,031,000"
cols=7,1250,2022,46515 Early Childhood Education,"416,355","417,796","417,796"
cols=7,1251,2022,46520 School Food Service,"20,886","22,000","22,000"
cols=7,1252,2022,46550 Driver Education,"2,030","10,000","5,000"
cols=7,1253,2022,46590 Other State Education Funds,"475,087","240,000","240,000"
cols=7,1254,2022,46591 Coordinated School Health,"90,000","90,000","90,000"
cols=7,1255,2022,46594 Family Resource Centers,"59,223","59,223","59,223"
cols=7,1256,2022,46610 Career Ladder Program,"51,545","50,000","45,000"
cols=7,1257,2022,46640 Vocational Equipment,0,0,0
cols=7,1258,2022,46800 Other State Revenues,,,
cols=7,1259,2022,46851 State Revenue Sharing - TVA,"220,483","240,000","240,000"
cols=7,1260,2022,46980 Other State Grants,0,0,0
cols=7,1261,2022,46981 Safe Schools,"86,386","86,560","86,560"
cols=7,1262,2022,46990 Other State Revenues,"5,046","15,000","15,000"
cols=7,1263,2022,Total State of Tennessee,"23,926,320","24,000,579","24,286,579"
cols=7,1264,2022,47000 Federal Government,,,
cols=7,1265,2022,47100 Federal Through State,,,
cols=7,1266,2022,47304 COVID-19-Grant # 4,"165,814",0,0
cols=7,1267,2022,47590 Other Federal Through State,"100,375",0,0
cols=7,1268,2022,47600 Direct Federal Revenue,,,
cols=7,1269,2022,47640 ROTC Reimbursement,"76,591","70,000","70,000"
cols=7,1270,2022,Total Federal Government,"342,780","70,000","70,000"
cols=7,1271,2022,48000 Other Governments and Citizens Groups,,,
cols=7,1272,2022,48990 Other,"26,900",0,"50,000"
cols=7,1273,2022,48990-GG Other,0,0,0
cols=7,1274,2022,Total Other Governments and Citizens Groups,"26,900",0,"50,000"
cols=7,1275,2022,Total Estimated Revenues,"30,750,055","29,402,518","30,002,559"
cols=7,1276,2022,49000 OTHER SOURCES (NON-REVENUE),,,
cols=7,1277,2022,49700 Insurance Recovery,"97,337","10,000","10,000"
cols=7,1278,2022,49800 Transfers In,"22,336","25,000","25,000"
cols=7,1279,2022,Total Other Sources,"119,673","35,000","35,000"
cols=7,1280,2022,Total Estimated Revenues & Other Sources,"30,869,728","29,437,518","30,037,559"
cols=6,1281,2022,Account No. Description,Actual 2020-2021,Original Estimate 2021-2022,Estimate 2022-2023
cols=6,1282,2022,71000 Instruction,,,
cols=6,1283,2022,71100 Regular Instruction Program,,,
cols=6,1284,2022,116 Teachers,"8,586,527","9,505,579","9,840,000"
cols=6,1285,2022,117 Career Ladder Program,"45,000","50,000","50,000"
cols=6,1286,2022,128 Homebound Teachers,0,"12,000","12,000"
cols=6,1287,2022,140 Salary Supplements,"303,545","319,317","335,602"
cols=6,1288,2022,163 Educational Assistants,"381,060","300,000","324,240"
cols=6,1289,2022,189 Other Salaries and Wages,"216,095","400,000","412,120"
cols=6,1290,2022,198 Non-Certified Substitute Teachers,"113,024","150,000","185,000"
cols=6,1291,2022,201 Social Security,"707,917","821,373","853,661"
cols=6,1292,2022,204 State Retirement,"749,881","1,167,735","1,000,000"
cols=6,1293,2022,207 Medical Insurance,"1,395,542","1,442,000","1,870,840"
cols=6,1294,2022,215 On-behalf Payments to OPEB,"16,404",0,0
cols=6,1295,2022,336 Maint and Repair Service - Equipment,"8,000","16,000","16,000"
cols=6,1296,2022,399 Other Contracted Services,"59,938","85,000","85,000"
cols=6,1297,2022,429 Instructional Supplies and Materials,"124,413","120,000","125,000"
cols=6,1298,2022,449 Textbooks,"355,290","100,000","100,000"
cols=6,1299,2022,499 Other Supplies and Materials,"15,239","10,000","10,000"
cols=6,1300,2022,722 Regular Instructional Equipment,"36,000","100,000","100,000"
cols=6,1301,2022,Total Instructional Program,"13,113,875","14,599,004","15,319,463"
cols=6,1302,2022,71150 Alternative Instruction Program,,,
cols=6,1303,2022,116 Teachers,"70,817","112,000","150,000"
cols=6,1304,2022,163 Educational Assistants,"17,982","19,000","20,535"
cols=6,1305,2022,201 Social Security,"5,565","10,022","13,046"
cols=6,1306,2022,204 State Retirement,"13,620","14,449","17,906"
cols=6,1307,2022,207 Medical Insurance,"17,580","23,700","31,600"
cols=6,1308,2022,355 Travel,0,0,"2,500"
cols=6,1309,2022,429 Instructional Supplies and Materials,0,500,"1,000"
cols=6,1310,2022,499 Other Supplies and Materials,425,"1,000","1,500"
cols=6,1311,2022,Total Alternative Schools,"125,989","180,671","238,087"
cols=6,1312,2022,71200 Special Education Program,,,
cols=6,1313,2022,116 Teachers,"1,524,603","1,625,000","1,695,000"
cols=6,1314,2022,124 Psychological Personnel,"62,790","64,000","68,000"
cols=6,1315,2022,128 Homebound Teachers,"24,262","23,000","24,175"
cols=6,1316,2022,163 Educational Assistants,"229,074","317,143","342,768"
cols=6,1317,2022,171 Speech Pathologist,"186,945","214,878","225,858"
cols=6,1318,2022,201 Social Security,"148,680","171,668","180,219"
cols=6,1319,2022,204 State Retirement,"227,122","223,814","216,805"
cols=6,1320,2022,207 Medical Insurance,"317,398","329,600","336,192"
cols=6,1321,2022,399 Other Contracted Services,"180,346","225,000","240,000"
cols=6,1322,2022,Total Special Educational Program,"2,901,220","3,194,103","3,329,017"
cols=6,1323,2022,71300 Career and Technical Education Program,,,
cols=6,1324,2022,116 Teachers,"697,470","770,000","770,000"
cols=6,1325,2022,140 Supplements,"12,000","12,000","12,000"
cols=6,1326,2022,198 Non-Certified Substitute Teachers,"12,608","15,000","20,000"
cols=6,1327,2022,Account No. Description,Actual 2020-2021,Original Estimate 2021-2022,Estimate 2022-2023
cols=6,1328,2022,201 Social Security,"54,020","60,971","61,353"
cols=6,1329,2022,204 State Retirement,"80,126","86,255","70,380"
cols=6,1330,2022,207 Medical Insurance,"94,328","104,030","106,111"
cols=6,1331,2022,399 Other Contracted Services,"14,810","15,000","15,000"
cols=6,1332,2022,429 Instructional Supplies and Materials,0,0,0
cols=6,1333,2022,449 Text Books,0,"100,000","75,000"
cols=6,1334,2022,499 Other Supplies and Materials,"12,797","15,000","20,000"
cols=6,1335,2022,599 Other Charges,0,0,0
cols=6,1336,2022,730 Vocational Instruction Equipment,"15,060","32,000","30,000"
cols=6,1337,2022,Total Vocational Education Program,"993,219","1,210,256","1,179,844"
cols=6,1338,2022,Total Instruction,"17,134,303","19,184,034","20,066,411"
cols=6,1339,2022,72000 Support Services,,,
cols=6,1340,2022,72110 Attendance,,,
cols=6,1341,2022,105 Supervisor/Director,"73,000","77,000","79,240"
cols=6,1342,2022,162 Clerical Personnel,800,0,0
cols=6,1343,2022,189 Other Salaries & Wages,"31,500","36,894","34,150"
cols=6,1344,2022,201 Social Security,"8,034","8,713","8,674"
cols=6,1345,2022,204 State Retirement,"10,862","12,563","11,339"
cols=6,1346,2022,207 Medical Insurance,"11,088","15,800","16,116"
cols=6,1347,2022,355 Travel,"1,772","5,000","3,000"
cols=6,1348,2022,399 Other Contracted Services,"12,000","17,000","20,000"
cols=6,1349,2022,499 Other Supplies and Materials,"2,387","2,000","2,000"
cols=6,1350,2022,524 In Service/Staff Development,0,"1,000","1,000"
cols=6,1351,2022,719 Office Equipment,0,0,"5,000"
cols=6,1352,2022,Total Attendance,"151,443","175,970","180,519"
cols=6,1353,2022,72120 Health Services,,,
cols=6,1354,2022,105 Supervisor/Director,"6,400",0,0
cols=6,1355,2022,131 Medical Personnel,"177,829","153,612","134,462"
cols=6,1356,2022,189 Other Salaries & Wages,"93,069","105,833","120,000"
cols=6,1357,2022,201 Social security,"20,803","19,847","19,467"
cols=6,1358,2022,204 State Retirement,"27,268","28,616","28,111"
cols=6,1359,2022,207 Medical Insurance,"31,180","49,100","50,082"
cols=6,1360,2022,355 Travel,"3,589","3,500","5,000"
cols=6,1361,2022,399 Other Contracted Services,"2,836","4,000","4,000"
cols=6,1362,2022,413 Drugs and Medical Supplies,"4,251","4,500","4,500"
cols=6,1363,2022,499 Other Supplies and Materials,"2,531","3,000","3,000"
cols=6,1364,2022,524 Inservice,"1,113","2,000","3,000"
cols=6,1365,2022,599 Other Charges,"1,100","2,000","9,100"
cols=6,1366,2022,735 Health Equipment,"6,984","10,000","10,000"
cols=6,1367,2022,Total Health Service,"378,953","386,008","390,722"
cols=6,1368,2022,72130 Other Student Support,,,
cols=6,1369,2022,123 Guidance Personnel,"567,635","590,000","620,149"
cols=6,1370,2022,189 Other Salaries and Wages,"80,760","82,560","85,440"
cols=6,1371,2022,201 Social Security,"48,104","51,451","53,978"
cols=6,1372,2022,Account No. Description,Actual 2020-2021,Original Estimate 2021-2022,Estimate 2022-2023
cols=6,1373,2022,204 State Retirement,"65,590","74,183","70,559"
cols=6,1374,2022,207 Medical Insurance,"65,000","66,950","68,289"
cols=6,1375,2022,322 Evaluating and Testing,"6,655","40,000","40,000"
cols=6,1376,2022,344 Payments to Schools - Other,"80,000","80,000","80,000"
cols=6,1377,2022,355 Travel,"2,343","3,000","5,000"
cols=6,1378,2022,399 Other Contracted Services,"23,000","25,000","25,000"
cols=6,1379,2022,499 Other Supplies and Materials,"3,998","4,000","4,000"
cols=6,1380,2022,524 Inservice,0,"3,000","3,000"
cols=6,1381,2022,Total Other Student Support,"943,085","1,020,144","1,055,415"
cols=6,1382,2022,72210 Regular Instruction Program,,,
cols=6,1383,2022,105 Supervisor/Director,"71,070","71,970","79,600"
cols=6,1384,2022,129 Librarians,"395,670","430,000","451,973"
cols=6,1385,2022,161 Secretary(s),"200,206","200,000","216,160"
cols=6,1386,2022,162 Clerical Personnel,"188,370","200,000","216,160"
cols=6,1387,2022,189 Other Salaries and Wages,0,"20,000","19,500"
cols=6,1388,2022,201 Social Security,"60,931","70,531","75,230"
cols=6,1389,2022,204 State Retirement,"86,046","101,693","98,339"
cols=6,1390,2022,207 Medical Insurance,"153,288","162,740","165,995"
cols=6,1391,2022,336 Maint and Repair Services - Equipment,0,"2,500","4,000"
cols=6,1392,2022,355 Travel,791,"5,000","5,000"
cols=6,1393,2022,399 Other Contracted Services,"12,733","15,000","16,000"
cols=6,1394,2022,432 Library Books and Media,"6,360","4,000","8,000"
cols=6,1395,2022,499 Other Supplies and Materials,675,"3,600","4,000"
cols=6,1396,2022,524 In-Service/Staff Development,25,"2,000","2,000"
cols=6,1397,2022,722 Regular Instruction Equipment,0,"8,000","10,000"
cols=6,1398,2022,790 Other Equipment,"41,606","50,000","50,000"
cols=6,1399,2022,Total Regular Instruction Program,"1,217,771","1,347,034","1,421,957"
cols=6,1400,2022,72215 Alternative Instruction Program,,,
cols=6,1401,2022,355 Travel,0,0,0
cols=6,1402,2022,Total Alternative Instruction Program,0,0,0
cols=6,1403,2022,72220 Special Education Program,,,
cols=6,1404,2022,105 Supervisor/Director,"75,035","76,691","76,000"
cols=6,1405,2022,189 Other Salaries and Wages,"1,350","5,000","5,000"
cols=6,1406,2022,196 In-Service Training,"1,415","3,500","2,000"
cols=6,1407,2022,201 Social Security,"5,822","6,517","6,350"
cols=6,1408,2022,204 State Retirement,"8,844","9,397","8,300"
cols=6,1409,2022,207 Medical Insurance,"7,680","7,900","7,900"
cols=6,1410,2022,336 Maint and Repair Services - Equipment,"2,786","5,000","5,000"
cols=6,1411,2022,355 Travel,"5,774","7,500","7,500"
cols=6,1412,2022,524 In-Service Training,0,0,"7,000"
cols=6,1413,2022,Total Special Education Program,"108,706","121,505","125,050"
cols=6,1414,2022,72230 Career and Technical Education Program,,,
cols=6,1415,2022,105 Supervisor/Director,"79,520","81,320","83,960"
cols=6,1416,2022,189 Other Salaries and Wages,0,0,0
cols=6,1417,2022,Account No. Description,Actual 2020-2021,Original Estimate 2021-2022,Estimate 2022-2023
cols=6,1418,2022,201 Social Security,"6,011","6,221","6,423"
cols=6,1419,2022,204 State Retirement,"7,976","8,970","8,396"
cols=6,1420,2022,207 Medical Insurance,"7,680","7,900","7,900"
cols=6,1421,2022,307 Communication,0,0,0
cols=6,1422,2022,336 Maint and Repair Services - Equipment,"1,220","3,000","3,000"
cols=6,1423,2022,355 Travel,988,"2,000","2,000"
cols=6,1424,2022,499 Other Supplies and Materials,703,"3,000","3,000"
cols=6,1425,2022,Total Vocational Education Program,"104,098","112,411","114,679"
cols=6,1426,2022,72250 Technology,,,
cols=6,1427,2022,105 Supervisor,"60,000","63,000","68,300"
cols=6,1428,2022,189 Other Salaries and Wages,"4,485","7,000","10,000"
cols=6,1429,2022,201 Social Security,"4,697","5,355","5,990"
cols=6,1430,2022,204 State Retirement,"7,394","8,312","8,636"
cols=6,1431,2022,207 Medical Insurance,"7,900","7,900","7,900"
cols=6,1432,2022,336 Maint and Repair Services - Equipment,"2,969","4,000","10,000"
cols=6,1433,2022,350 Internet Connectivity,0,"80,000","100,000"
cols=6,1434,2022,355 Travel,0,"2,000","2,000"
cols=6,1435,2022,399 Other Contracted Services,"154,031","75,000","100,000"
cols=6,1436,2022,499 Other Supplies and Materials,"1,413","2,000","2,000"
cols=6,1437,2022,722 Regular Instruction Equipment,"67,308","85,000","197,000"
cols=6,1438,2022,Total Technology,"310,197","339,567","511,826"
cols=6,1439,2022,72290 Other Programs,,,
cols=6,1440,2022,215 On-Behalf Payments for OPEB,"63,957","35,000","35,000"
cols=6,1441,2022,Total Other Programs,"63,957","35,000","35,000"
cols=6,1442,2022,72310 Board of Education,,,
cols=6,1443,2022,191 Board and Committee Members Fees,"7,365","13,000","13,000"
cols=6,1444,2022,196 In-Service Training,400,"12,000","12,000"
cols=6,1445,2022,201 Social Security,518,"1,913","1,913"
cols=6,1446,2022,305 Audit Services,"27,500","35,000","35,000"
cols=6,1447,2022,320 Dues and Memberships,"17,975","32,000","32,000"
cols=6,1448,2022,331 Legal Services,"18,850","40,000","40,000"
cols=6,1449,2022,399 Other Contracted Services,0,0,"5,000"
cols=6,1450,2022,506 Liability Insurance,"68,610","150,000","145,000"
cols=6,1451,2022,510 Trustees Commission,"128,476","125,000","140,000"
cols=6,1452,2022,513 Workers Compensation Insurance,"155,576","250,000","250,000"
cols=6,1453,2022,534 Refund to Applicant for Criminal Investigation,0,"1,000","1,000"
cols=6,1454,2022,599 Other Charges,"9,447","10,000","10,000"
cols=6,1455,2022,Total Board of Education,"434,717","669,913","684,913"
cols=6,1456,2022,72320 Director of Schools,,,
cols=6,1457,2022,101 County Official/Administrative Officer,"110,000","113,000","115,000"
cols=6,1458,2022,117 Career Ladder Program,"1,000","1,000","1,000"
cols=6,1459,2022,161 Secretary(s),"88,273","90,000","96,800"
cols=6,1460,2022,201 Social Security,"15,030","15,606","16,279"
cols=6,1461,2022,204 State Retirement,"23,526","22,501","23,472"
cols=6,1462,2022,Account No. Description,Actual 2020-2021,Original Estimate 2021-2022,Estimate 2022-2023
cols=6,1463,2022,207 Medical Insurance,"11,900","12,257","12,502"
cols=6,1464,2022,307 Communication,750,"3,000","3,000"
cols=6,1465,2022,336 Maint and Repair Services - Equipment,"16,172","20,000","20,000"
cols=6,1466,2022,348 Postal Charges,0,"1,000","1,000"
cols=6,1467,2022,355 Travel,"1,258","3,400","3,400"
cols=6,1468,2022,399 Other Contracted Service,"3,050","5,000","5,000"
cols=6,1469,2022,435 Office Supplies,"1,410","2,500","2,500"
cols=6,1470,2022,499 Other Supplies and Materials,"1,065","3,500","3,500"
cols=6,1471,2022,599 Other Charges,"18,162",0,0
cols=6,1472,2022,Total Office of the Superintendent,"291,596","292,764","303,453"
cols=6,1473,2022,72410 Office of the Principal,,,
cols=6,1474,2022,104 Principals,"617,005","721,600","750,000"
cols=6,1475,2022,139 Assistant Principals,"416,336","500,000","525,000"
cols=6,1476,2022,189 Other Salaries and Wages,0,"75,000","90,000"
cols=6,1477,2022,201 Social Security,"76,921","99,190","104,423"
cols=6,1478,2022,204 State Retirement,"122,110","143,015","136,500"
cols=6,1479,2022,207 Medical Insurance,"97,276","145,780","148,696"
cols=6,1480,2022,348 Postal Charges,"1,600","1,600","1,600"
cols=6,1481,2022,355 Travel,"3,500","3,600","3,600"
cols=6,1482,2022,399 Other Contracted Services,"160,078","164,000","164,000"
cols=6,1483,2022,Total Office of the Principal,"1,494,826","1,853,785","1,923,819"
cols=6,1484,2022,72510 Fiscal Services,,,
cols=6,1485,2022,399 Other Contracted Services,"43,306","45,000","50,000"
cols=6,1486,2022,Total Fiscal Services,"43,306","45,000","50,000"
cols=6,1487,2022,72610 Operation of Plant,,,
cols=6,1488,2022,307 Communication,"46,030","50,000","50,000"
cols=6,1489,2022,399 Other Contracted Services,"609,652","710,000","750,000"
cols=6,1490,2022,410 Custodial Supplies,"33,306","35,000","35,000"
cols=6,1491,2022,415 Electricity,"749,184","915,000","950,000"
cols=6,1492,2022,434 Natural Gas,"100,525","165,000","200,000"
cols=6,1493,2022,454 Water and Sewer,"198,618","245,000","245,000"
cols=6,1494,2022,499 Other Supplies and Materials,"1,023","3,500","3,500"
cols=6,1495,2022,501 Boiler Insurance,"5,755","8,000","10,000"
cols=6,1496,2022,502 Building and Contents Insurance,"160,744","180,000","190,000"
cols=6,1497,2022,720 Plant Operation Equipment,"82,111","69,000",0
cols=6,1498,2022,Total Operation of Plant,"1,986,948","2,380,500","2,433,500"
cols=6,1499,2022,72620 Maintenance of Plant,,,
cols=6,1500,2022,105 Supervisor/Director,"63,000","63,788","68,300"
cols=6,1501,2022,161 Secretary(s),"10,458","11,500","12,429"
cols=6,1502,2022,189 Other Salaries and Wages,"167,500","209,572","240,000"
cols=6,1503,2022,201 Social Security,"16,502","21,792","24,536"
cols=6,1504,2022,204 State Retirement,"27,218","31,420","35,376"
cols=6,1505,2022,207 Medical Insurance,"33,160","43,950","44,829"
cols=6,1506,2022,Account No. Description,Actual 2020-2021,Original Estimate 2021-2022,Estimate 2022-2023
cols=6,1507,2022,335 Maint & Repair Services - Building,"268,829","265,000","316,000"
cols=6,1508,2022,336 Maint & Repair Services - Equipment,"201,483","240,000","240,000"
cols=6,1509,2022,355 Travel,"4,170","5,000","5,000"
cols=6,1510,2022,399 Other Contracted Services,"191,915","195,000","210,000"
cols=6,1511,2022,418 Equipment and Machinery Parts,"5,760","9,000","7,000"
cols=6,1512,2022,499 Other Supplies and Materials,0,"1,000","1,000"
cols=6,1513,2022,701 Administrative Equipment,0,0,"110,000"
cols=6,1514,2022,707 Building Improvements,0,0,"109,600"
cols=6,1515,2022,717 Maintenance Equipment,0,"88,000",0
cols=6,1516,2022,718 Motor Vehicles,0,0,0
cols=6,1517,2022,Total Maintenance of Plant,"989,995","1,185,022","1,424,070"
cols=6,1518,2022,72710 Transportation,,,
cols=6,1519,2022,105 Supervisor/Director,"60,000","60,750","65,000"
cols=6,1520,2022,142 Mechanic(s),"73,720","120,409","130,138"
cols=6,1521,2022,146 Bus Drivers,"651,644","717,000","730,000"
cols=6,1522,2022,161 Secretary(s),"10,458","12,000","12,970"
cols=6,1523,2022,189 Other Salaries and Wages,248,0,0
cols=6,1524,2022,201 Social Security,"59,330","69,627","71,765"
cols=6,1525,2022,204 State Retirement,"88,721","100,391","103,473"
cols=6,1526,2022,207 Medical Insurance,"99,700","139,780","142,576"
cols=6,1527,2022,299 Other Fringe Benefits,"7,496","37,500","37,500"
cols=6,1528,2022,335 Maintenance and Repair Services - Building,"12,557","5,000","5,000"
cols=6,1529,2022,338 Maintenance and Repair Services - Vehicles,"10,004","25,000","30,000"
cols=6,1530,2022,355 Travel,0,"2,500","2,500"
cols=6,1531,2022,399 Other Contracted Services,"20,221","50,000","55,000"
cols=6,1532,2022,412 Diesel Fuel,"113,157","200,000","250,000"
cols=6,1533,2022,418 Equipment and Machinery Parts,81,"2,000","2,000"
cols=6,1534,2022,424 Garage Supplies,"1,511","3,500","3,500"
cols=6,1535,2022,425 Gasoline,"18,553","30,000","45,000"
cols=6,1536,2022,433 Lubricants,"3,506","12,000","12,000"
cols=6,1537,2022,442 Propane,"7,630","100,000","75,000"
cols=6,1538,2022,450 Tires and Tubes,"13,603","30,000","30,000"
cols=6,1539,2022,453 Vehicles Parts,"44,745","120,000","120,000"
cols=6,1540,2022,511 Vehicle and Equipment Insurance,"40,183","45,000","50,000"
cols=6,1541,2022,599 Other Charges,0,0,"5,000"
cols=6,1542,2022,718 Motor Vehicles,0,0,"55,000"
cols=6,1543,2022,720 Plant Operation Equipment,0,"40,000",0
cols=6,1544,2022,729 Transportation Equipment,"699,372","450,000","372,000"
cols=6,1545,2022,Total Transportation,"2,036,440","2,372,457","2,405,422"
cols=6,1546,2022,72810 Central and Other,,,
cols=6,1547,2022,201 Social Security,0,0,383
cols=6,1548,2022,210 Unemployment Compensation,"8,636","35,000","35,000"
cols=6,1549,2022,299 Other Fringe Benefits,0,"5,000","5,000"
cols=6,1550,2022,316 Contributions,"140,000","152,500","152,500"
cols=6,1551,2022,399 Other Contracted Services,"29,965","35,000","35,000"
cols=6,1552,2022,499 Other Supplies and Materials,"10,363","30,000","30,000"
cols=6,1553,2022,599 Other Charges,0,0,0
cols=6,1554,2022,Account No. Description,Actual 2020-2021,Original Estimate 2021-2022,Estimate 2022-2023
cols=6,1555,2022,Total Central and Other,"188,964","257,500","257,883"
cols=6,1556,2022,Total Support Services,"10,745,002","12,594,580","13,318,228"
cols=6,1557,2022,73000 Operation of Non-Instructional Services,,,
cols=6,1558,2022,73100 Food Service,,,
cols=6,1559,2022,105 Supervisor/Director,"23,000","30,000","32,500"
cols=6,1560,2022,165 Cafeteria Personnel,"20,100",0,0
cols=6,1561,2022,201 Social Security,"3,297","2,295","2,486"
cols=6,1562,2022,204 State Retirement,"4,342","3,309","3,585"
cols=6,1563,2022,422 Food Supplies,"11,631",0,0
cols=6,1564,2022,Total Food Service,"62,370","35,604","38,571"
cols=6,1565,2022,73300 Community Services,,,
cols=6,1566,2022,105 Supervisor/Director,"31,500","31,894","34,150"
cols=6,1567,2022,189 Other Salaries and Wages,"56,802","58,075","62,667"
cols=6,1568,2022,201 Social security,"6,466","6,883","7,406"
cols=6,1569,2022,204 State Retirement,"9,819","9,924","10,679"
cols=6,1570,2022,207 Medical Insurance,"18,000","18,540","18,911"
cols=6,1571,2022,499 Other Supplies and Materials,"4,235","5,000","5,000"
cols=6,1572,2022,524 Inservice,0,0,0
cols=6,1573,2022,719 Office Equipment,"2,995","2,000","5,000"
cols=6,1574,2022,Total Community Services,"129,817","132,316","143,813"
cols=6,1575,2022,73400 Early Childhood Education,,,
cols=6,1576,2022,105 Supervisor/Director,"39,820","40,720","42,100"
cols=6,1577,2022,116 Teachers,"188,708","195,800","205,805"
cols=6,1578,2022,163 Educational Assistants,"62,204","69,200","74,791"
cols=6,1579,2022,189 Other Salaries and Wages,"8,970","12,000","12,000"
cols=6,1580,2022,198 Non-Certified Substitute Teachers,0,"5,000","5,000"
cols=6,1581,2022,201 Social Security,"22,506","24,306","25,604"
cols=6,1582,2022,204 Retirement,"34,334","35,045","36,917"
cols=6,1583,2022,207 Medical Insurance,"49,000","50,470","51,479"
cols=6,1584,2022,355 Travel,0,500,500
cols=6,1585,2022,399 Other Contracted Services,457,"2,000","2,000"
cols=6,1586,2022,429 Instructional Supplies and Materials,"10,498","10,500","10,500"
cols=6,1587,2022,499 Other Supplies and Materials,"17,152","10,500","10,500"
cols=6,1588,2022,524 Inservice,125,"2,000","2,000"
cols=6,1589,2022,790 Other Equipment,400,"15,000","15,000"
cols=6,1590,2022,Total Early Childhood Education,"434,174","473,041","494,196"
cols=6,1591,2022,Total Operation of Non-Instructional Services,"626,361","640,961","676,580"
cols=6,1592,2022,76000 Capital Outlay,,,
cols=6,1593,2022,76100 Regular Capital Outlay,,,
cols=6,1594,2022,799 Other Capital Outlay,"77,192","450,000","690,000"
cols=6,1595,2022,Total Regular Capital Outlay,"77,192","450,000","690,000"
cols=6,1596,2022,Account No. Description,Actual 2020-2021,Original Estimate 2021-2022,Estimate 2022-2023
cols=6,1597,2022,82300 Other Debt Service,,,
cols=6,1598,2022,82330 Education,,,
cols=6,1599,2022,620 Debt Service Contribution to Primary Governm,"163,284",0,0
cols=6,1600,2022,Total Regular Capital Outlay,"163,284",0,0
cols=6,1601,2022,Total Estimated Expenditures,"28,746,142","32,869,575","34,751,219"
cols=6,1602,2022,99000 ESTIMATED OTHER USES,,,
cols=6,1603,2022,99100 Transfers Out,,,
cols=6,1604,2022,590 Transfers to Other Funds,0,"165,000",0
cols=6,1605,2022,Total Estimated Other Uses,0,"165,000",0
cols=6,1606,2022,Total Estimated Expenditures and Other Uses,"28,746,142","33,034,575","34,751,219"
cols=6,1607,2022,Excess of Estimated Revenues Over (Under) Estimated Expenditures,"2,123,586","-3,597,057","-4,713,660"
cols=6,1608,2022,Estimated Beginning Fund Balances July 1,"9,372,445","11,496,031","11,658,580"
cols=6,1609,2022,Fund Balance Audit Adjustment Estimated Ending Fund Balances June 30,"11,496,031","7,898,974","6,944,920"
cols=7,1610,2022,Account No Description,Actual 2020-2021,Original Estimated 2021-2022,Estimated 2022-2023
cols=7,1611,2022,ESTIMATED REVENUES,,,
cols=7,1612,2022,43000 CHARGES FOR CURRENT SERVICES,,,
cols=7,1613,2022,43500 Education Charges,,,
cols=7,1614,2022,43521 Lunch Payments Children,"13,127",0,"603,000"
cols=7,1615,2022,43522 Lunch Payments Adults,"33,692","75,000","75,000"
cols=7,1616,2022,43523 Income from Breakfast,"6,519","10,000","55,000"
cols=7,1617,2022,43525 A la Carte Sales,"118,216","175,000","175,000"
cols=7,1618,2022,Total Charges for Current Services,"171,554","260,000","908,000"
cols=7,1619,2022,44000 OTHER LOCAL REVENUES,,,
cols=7,1620,2022,44100 Recurring Items,,,
cols=7,1621,2022,44110 Investment Income,171,200,0
cols=7,1622,2022,44500 Non-Recurring Items,,,
cols=7,1623,2022,44170 Miscellaneous Refunds,0,0,0
cols=7,1624,2022,44530 Sale of Equipment,0,0,0
cols=7,1625,2022,Total Other Local Revenues,171,200,0
cols=7,1626,2022,46000 STATE OF TENNESSEE,,,
cols=7,1627,2022,46800 Other State Revenue,,,
cols=7,1628,2022,46980 Other State Grants,0,0,0
cols=7,1629,2022,46990 Other State Revenue,0,0,0
cols=7,1630,2022,Total State of Tennessee,0,0,0
cols=7,1631,2022,47000 FEDERAL GOVERNMENT,,,
cols=7,1632,2022,47100 Federal Through State,,,
cols=7,1633,2022,47111 USDA School Lunch Program,"1,151,233","1,340,000","873,000"
cols=7,1634,2022,47112 USDA-Commodities,"90,330",0,0
cols=7,1635,2022,47113 Breakfast,"426,489","560,000","540,000"
cols=7,1636,2022,47114 USDA-Other,"10,879","15,000","15,000"
cols=7,1637,2022,47115 USDA Food Service Equipment Grant,0,0,0
cols=7,1638,2022,47301 COVID-19 Grant #1,0,0,0
cols=7,1639,2022,Total Federal Government,"1,678,931","1,915,000","1,428,000"
cols=7,1640,2022,48000 OTHER GOVERNMENTS AND CITIZENS,GROUPS,,
cols=7,1641,2022,48100 Other Governments,,,
cols=7,1642,2022,48990 Other,0,0,0
cols=7,1643,2022,Total Other Governments and Citizens Grou,0,0,0
cols=7,1644,2022,TOTAL ESTIMATED REVENUE,"1,850,656","2,175,200","2,336,000"
cols=7,1645,2022,Account No Description,Actual 2020-2021,Estimated 2021-2022,Estimated 2022-2023
cols=7,1646,2022,49800 Transfer In,0,0,0
cols=7,1647,2022,TOTAL ESTIMATE OTHER SOURCES,0,0,0
cols=7,1648,2022,TOTAL ESTIMATED REVENUE AND OTHE,"1,850,656","2,175,200","2,336,000"
cols=7,1649,2022,ESTIMATED EXPENDITURES,,,
cols=7,1650,2022,73000 OPERATION OF NON-INSTRUCTIONAL,SERVICES,,
cols=7,1651,2022,73100 Food Services,,,
cols=7,1652,2022,105 Supervisor/Director,"37,000","37,000","37,000"
cols=7,1653,2022,119 Accountants/Bookkeeper,"111,609","122,000","131,000"
cols=7,1654,2022,165 Cafeteria Personnel,"457,360","525,000","546,000"
cols=7,1655,2022,201 Social Security,"45,164","50,000","54,000"
cols=7,1656,2022,204 State Retirement,"60,687","73,200","75,000"
cols=7,1657,2022,207 Medical Insurance,0,"45,000","48,000"
cols=7,1658,2022,210 Unemployment Compensation,0,"4,000",0
cols=7,1659,2022,307 Communication,"2,561","3,000","3,000"
cols=7,1660,2022,336 Maint & Repair Services - Equipment,"47,503","50,000","59,000"
cols=7,1661,2022,354 Transportation - Other than Students,"2,391","5,000","5,000"
cols=7,1662,2022,355 Travel,"2,645","3,000","3,000"
cols=7,1663,2022,399 Other Contracted Services,"55,617","55,000","59,000"
cols=7,1664,2022,422 Food Supplies,"773,029","1,040,000","1,113,000"
cols=7,1665,2022,452 Utilities,"1,646","3,000","3,000"
cols=7,1666,2022,469 USDA-Commodities,"90,330",0,0
cols=7,1667,2022,499 Other Supplies and Materials,"82,042","100,000","125,000"
cols=7,1668,2022,599 Other Charges,"14,808","20,000","25,000"
cols=7,1669,2022,710 Food Service Equipment,"16,435","40,000","50,000"
cols=7,1670,2022,Total Food Service,"1,800,827","2,175,200","2,336,000"
cols=7,1671,2022,Total Estimated Expenditures,"1,800,827","2,175,200","2,336,000"
cols=7,1672,2022,Excess of Estimated Revenues Over,,,
cols=7,1673,2022,(Under) Estimated Expenditures,"49,829",0,0
cols=7,1674,2022,Estimated Beginning Fund Balance July 1,"457,717","507,546","507,546"
cols=7,1675,2022,Estimated Ending Fund Balance June 30,"507,546","507,546","507,546"
cols=7,1676,2022,Account No. Description,Actual 2020-2021,Original Estimated 2021-2022,Estimated 2022-2023
cols=7,1677,2022,ESTIMATED REVENUES,,,
cols=7,1678,2022,40000 LOCAL TAXES,,,
cols=7,1679,2022,40100 County Property Taxes,,,
cols=7,1680,2022,40110 Current Property Taxes,"135,837","82,040","82,069"
cols=7,1681,2022,40120 Trustee's Collection-Prior Year,"3,385","5,000","3,500"
cols=7,1682,2022,40125 Trustee's Collection-Bankruptcy,40,0,100
cols=7,1683,2022,40130 Circuit/Clerk & Master Coll-Prior Yea,"2,427","1,500","1,500"
cols=7,1684,2022,40140 Interest & Penalty,727,"1,000",500
cols=7,1685,2022,40161 Payments in lieu of Taxes-TVA,149,250,150
cols=7,1686,2022,Total County Property Taxes,"142,565","89,790","87,819"
cols=7,1687,2022,40200 County Local Option Taxes,,,
cols=7,1688,2022,40210 Local Option Sales Taxes,"1,470,715","1,300,000","1,600,000"
cols=7,1689,2022,40240 Wheel Tax,"815,338","780,000","804,000"
cols=7,1690,2022,40270 Business Tax,"1,544","2,000","2,000"
cols=7,1691,2022,Total County Local Option Taxes,"2,287,597","2,082,000","2,406,000"
cols=7,1692,2022,Total Local Taxes,"2,430,162","2,171,790","2,493,819"
cols=7,1693,2022,44000 OTHER LOCAL REVENUES,,,
cols=7,1694,2022,44100 Recurring Items,,,
cols=7,1695,2022,44110 Investment Income,"14,356","21,000","6,500"
cols=7,1696,2022,Total Recurring Items,"14,356","21,000","6,500"
cols=7,1697,2022,44500 Nonrecurring Items,,,
cols=7,1698,2022,44990 Other Local Revenue,0,0,0
cols=7,1699,2022,Total Nonrecurring Items,0,0,0
cols=7,1700,2022,Total Other Local Revenues,"14,356","21,000","6,500"
cols=7,1701,2022,46000 STATE OF TENNESSEE,,,
cols=7,1702,2022,46800 Other State Revenues,,,
cols=7,1703,2022,46851 State Revenue Sharing-TVA,"9,418","9,418","9,418"
cols=7,1704,2022,Total State of Tennessee,"9,418","9,418","9,418"
cols=7,1705,2022,48000 OTHER GOVERNMENTS AND CITIZENS,GROUPS,,
cols=7,1706,2022,48100 Other Governments,,,
cols=7,1707,2022,48130 Contributions,"163,284","163,284",0
cols=7,1708,2022,Total Other Governments and Citize,"163,284","163,284",0
cols=7,1709,2022,Account No. Description,Actual 2020-2021,Original Estimated 2021-2022,Estimated 2022-2023
cols=7,1710,2022,Total Estimated Revenues,"2,617,220","2,365,492","2,509,737"
cols=7,1711,2022,49000 ESTIMATED OTHER SOURCES,,,
cols=7,1712,2022,49200 Notes Issued,"681,245",0,0
cols=7,1713,2022,49800 Transfers In,"666,366","466,088","488,655"
cols=7,1714,2022,Total Estimated Other Sources,"1,347,611","466,088","488,655"
cols=7,1715,2022,Total Estimated Revenues and Othe,"3,964,831","2,831,580","2,998,392"
cols=7,1716,2022,ESTIMATED EXPENDITURES,,,
cols=7,1717,2022,82100 PRINCIPAL ON DEBT,,,
cols=7,1718,2022,82110 General Government,,,
cols=7,1719,2022,602 Principal on Notes,"118,053","123,096","128,355"
cols=7,1720,2022,612 Principal on Other Loans,"397,000","412,000","427,000"
cols=7,1721,2022,Total General Government,"515,053","535,096","555,355"
cols=7,1722,2022,82120 Highways and Streets,,,
cols=7,1723,2022,602 Principal on Notes,"741,745","71,300","159,100"
cols=7,1724,2022,Total Highways and Streets,"741,745","71,300","159,100"
cols=7,1725,2022,82130 Education,,,
cols=7,1726,2022,601 Principal on Bonds,0,0,0
cols=7,1727,2022,612 Principal on Other Loans,"1,624,012","1,661,212","1,697,424"
cols=7,1728,2022,Total Education,"1,624,012","1,661,212","1,697,424"
cols=7,1729,2022,Total Principal Payments,"2,880,810","2,267,608","2,411,879"
cols=7,1730,2022,82200 INTEREST ON DEBT,,,
cols=7,1731,2022,82210 General Government,,,
cols=7,1732,2022,604 Interest on Notes,"66,126","61,085","55,826"
cols=7,1733,2022,613 Interest on Other Loans,"30,855","159,737","135,483"
cols=7,1734,2022,Total General Government,"96,981","220,822","191,309"
cols=7,1735,2022,82220 Highway and Streets,,,
cols=7,1736,2022,604 Interest on Notes,"27,149","14,788","36,751"
cols=7,1737,2022,Total Highways and Streets,"27,149","14,788","36,751"
cols=7,1738,2022,82230 Education,,,
cols=7,1739,2022,603 Interest on Bonds,0,0,0
cols=7,1740,2022,613 Interest on other Loans,"132,071","378,108","338,009"
cols=7,1741,2022,Account No. Description,Actual 2020-2021,Original Estimated 2021-2022,Estimated 2022-2023
cols=7,1742,2022,Total Education,"132,071","378,108","338,009"
cols=7,1743,2022,82300 OTHER DEBT SERVICE,,,
cols=7,1744,2022,82310 General Government,,,
cols=7,1745,2022,510 Trustees Commission,"25,769","45,000","45,000"
cols=7,1746,2022,699 Other Debt Service,"27,780","26,359","24,026"
cols=7,1747,2022,Total General Government,"53,549","71,359","69,026"
cols=7,1748,2022,82320 Highway and Streets,,,
cols=7,1749,2022,699 Other Debt Service,"6,746",0,0
cols=7,1750,2022,Total Highways and Streets,"6,746",0,0
cols=7,1751,2022,82330 Education,,,
cols=7,1752,2022,699 Other Debt Service,"67,834","61,416","54,591"
cols=7,1753,2022,Total Education,"67,834","61,416","54,591"
cols=7,1754,2022,Total Interest Payments,"384,330","746,493","689,686"
cols=7,1755,2022,Total Principal and Interest Payment,"3,265,140","3,014,101","3,101,565"
cols=7,1756,2022,99000 OTHER USES,,,
cols=7,1757,2022,99100 Transfers Out,,,
cols=7,1758,2022,590 Transfers to Other Funds,0,0,0
cols=7,1759,2022,Total Estimated Other Uses,0,0,0
cols=7,1760,2022,Total Estimated Expenditures and O,"3,265,140","3,014,101","3,101,565"
cols=7,1761,2022,Excess of Estimated Revenues and,Other Sources,Over,
cols=7,1762,2022,(Under) Estimated Expenditures anc,"699,691","-182,521","-103,173"
cols=7,1763,2022,"Estimated Beginning Fund Balance,1",921,"366""","2,621,057"
cols=7,1764,2022,"Fund Balance Audit Adjustment Estimated Ending fund Balance, Jun","2,621,057","2,438,536","3,096,827"
cols=7,1765,2022,Account No. Description,Actual 2020-2021,Original Estimated 2021-2022,Estimated 2022-2023
cols=7,1766,2022,ESTIMATED REVENUE,,,
cols=7,1767,2022,OPERATING REVENUE,,,
cols=7,1768,2022,43000 CHARGES FOR CURRENT SERVICES,,,
cols=7,1769,2022,43100 General Services Charges,,,
cols=7,1770,2022,43106 Commercial & Industrial Collection Charge,"170,498","125,000","130,000"
cols=7,1771,2022,43107 Residential Waste Collection Charge,"114,894","150,000","150,000"
cols=7,1772,2022,43109 Transfer Waste Station Collection Charge,36,0,0
cols=7,1773,2022,43110 Tipping Fees,"59,569","50,000","50,000"
cols=7,1774,2022,43114 Solid Waste Disposal Fee,"837,927","830,000","840,000"
cols=7,1775,2022,43350 Copy Fees,0,0,0
cols=7,1776,2022,Total Charges for Current Services,"1,182,924","1,155,000","1,170,000"
cols=7,1777,2022,44000 OTHER LOCAL REVENUES,,,
cols=7,1778,2022,44100 Recurring Items,,,
cols=7,1779,2022,44110 Investment Income,796,"6,000","6,000"
cols=7,1780,2022,44120 Lease/Rentals,"63,158","65,000","65,000"
cols=7,1781,2022,44145 Sale of Recycled Materials,"104,999","100,000","140,000"
cols=7,1782,2022,44170 Miscellaneous Refunds,0,0,0
cols=7,1783,2022,Total Recurring Items,"168,953","171,000","211,000"
cols=7,1784,2022,44500 Non-Recurring Items,,,
cols=7,1785,2022,44530 Sale of Equipment,"66,001","5,000","5,000"
cols=7,1786,2022,Total Non-Recurring Items,"66,001","5,000","5,000"
cols=7,1787,2022,Total Other Local Revenues,"234,954","176,000","216,000"
cols=7,1788,2022,46000 STATE OF TENNESSEE,,,
cols=7,1789,2022,46400 Public Works Grants,,,
cols=7,1790,2022,46430 Litter Program,"20,479","49,300","49,300"
cols=7,1791,2022,Total Public Works Grants,"20,479","49,300","49,300"
cols=7,1792,2022,46800 Other State Revenues,,,
cols=7,1793,2022,46980 Other State Grants,"11,442",0,0
cols=7,1794,2022,46990 Other State Revenues,0,"9,500","9,500"
cols=7,1795,2022,Total Other State Revenues,"11,442","9,500","9,500"
cols=7,1796,2022,Total State of Tennessee,"31,921","58,800","58,800"
cols=7,1797,2022,47000 FEDERAL GOVERNMENT,,,
cols=7,1798,2022,47100 Federal Through State,,,
cols=7,1799,2022,47235 Homeland Security Grants,0,0,0
cols=7,1800,2022,Account No. Description,Actual 2020-2021,Original Estimated 2021-2022,Estimated 2022-2023
cols=7,1801,2022,Total Federal Through State,0,0,0
cols=7,1802,2022,Total Federal Government,0,0,0
cols=7,1803,2022,48000 OTHER GOVERNMENTS AND CITIZENS,GROUPS,,
cols=7,1804,2022,48100 Other Governments,,,
cols=7,1805,2022,48140 Contracted Services,"161,164","284,760","284,760"
cols=7,1806,2022,Total Other Governments,"161,164","284,760","284,760"
cols=7,1807,2022,49000 Non-Revenue,,,
cols=7,1808,2022,49100 Bonds Issured,0,0,0
cols=7,1809,2022,49700 Insurance Recovery,0,0,0
cols=7,1810,2022,49800 Transfer In,0,0,0
cols=7,1811,2022,Total Estimated Revenues,"1,610,963","1,674,560","1,729,560"
cols=7,1812,2022,ESTIMATED EXPENDITURES,,,
cols=7,1813,2022,55000 PUBLIC HEALTH AND WELFARE,,,
cols=7,1814,2022,55710 Sanitation Management,,,
cols=7,1815,2022,105 Supervisor/Director,"57,276","57,698","60,006"
cols=7,1816,2022,106 Deputy(ies),"34,775","34,081","36,126"
cols=7,1817,2022,121 Data Processing Personnel,"29,096","28,906","23,796"
cols=7,1818,2022,140 Salary Supplements,0,0,750
cols=7,1819,2022,143 Equipment Operators,"28,739","38,326","75,821"
cols=7,1820,2022,144 Equipment Operators-Heavy,"38,342","38,326","39,868"
cols=7,1821,2022,149 Laborers,"136,415","180,000","120,000"
cols=7,1822,2022,162 Clerical Personnel,"32,329","31,465","32,723"
cols=7,1823,2022,169 Part-Time Personnel,"118,927","84,598","120,000"
cols=7,1824,2022,186 Longevity Pay,"16,500","15,600","11,300"
cols=7,1825,2022,187 Overtime Pay,"14,180","14,000","14,000"
cols=7,1826,2022,188 Bonus Payments,0,0,0
cols=7,1827,2022,201 Social Security,"37,731","41,406","43,063"
cols=7,1828,2022,204 State Retirement,"46,374","57,000","57,000"
cols=7,1829,2022,207 Medical Insurance,"106,322","130,000","130,000"
cols=7,1830,2022,302 Advertising,0,"2,500","2,500"
cols=7,1831,2022,307 Communication,"6,071","6,500","7,000"
cols=7,1832,2022,309 Contracts with Government Agencies,"10,131","6,000","10,000"
cols=7,1833,2022,317 Data Processing Services,"7,104","7,200","7,200"
cols=7,1834,2022,318 Debt Collection Services,"14,166","9,000","9,000"
cols=7,1835,2022,331 Legal Services,0,"1,000","1,000"
cols=7,1836,2022,"332 Legal Notices, Recording, and Court Cost",0,"1,500","1,500"
cols=7,1837,2022,335 Maintenance and Repair Services - Buildings,"5,281","7,000","7,000"
cols=7,1838,2022,336 Maintenance & Repair Services - Equipment,"32,415","35,000","38,000"
cols=7,1839,2022,338 Maintenance & Repair Services - Vehicles,"11,116","15,000","18,000"
cols=7,1840,2022,347 Pest Control,"1,755","1,700","1,700"
cols=7,1841,2022,348 Postal Charges,"3,950","5,500","5,500"
cols=7,1842,2022,"349 Printing, Stationery and Forms",604,"1,800","1,800"
cols=7,1843,2022,351 Rentals,0,"2,000","4,000"
cols=7,1844,2022,355 Travel,0,"2,000","2,000"
cols=7,1845,2022,359 Disposal Fees,"548,396","524,160","580,000"
cols=7,1846,2022,399 Other Contracted Services,"3,145","5,000","5,000"
cols=7,1847,2022,Account No. Description,Actual 2020-2021,Original Estimated 2021-2022,Estimated 2022-2023
cols=7,1848,2022,410 Custodial Supplies,"2,528","1,800","1,800"
cols=7,1849,2022,412 Diesel Fuel,"30,339","38,000","42,000"
cols=7,1850,2022,415 Electricity,"15,451","19,000","19,000"
cols=7,1851,2022,"420 Fertilizer, Lime Chemicals and Seed",0,"1,000","1,000"
cols=7,1852,2022,425 Gasoline,"1,839","3,000","4,000"
cols=7,1853,2022,433 Lubricants,"2,405","4,000","4,000"
cols=7,1854,2022,435 Office Supplies,"2,323","2,500","3,000"
cols=7,1855,2022,436 Other Road Materials,0,"1,000","1,000"
cols=7,1856,2022,446 Small Tools,301,"1,000","2,000"
cols=7,1857,2022,450 Tires and Tubes,"12,124","10,000","12,000"
cols=7,1858,2022,451 Uniforms,"4,769","4,200","5,000"
cols=7,1859,2022,452 Utilities,"8,876","7,700","8,000"
cols=7,1860,2022,462 Wire,"3,975","4,000","4,000"
cols=7,1861,2022,463 Testing,775,"12,500","13,000"
cols=7,1862,2022,499 Other Supplies and Materials,"1,492","4,000","4,000"
cols=7,1863,2022,510 Trustees Commission,"13,895","14,000","15,000"
cols=7,1864,2022,514 Depreciation,"102,348","45,171","45,171"
cols=7,1865,2022,517 Surcharge,"6,300","5,850","6,000"
cols=7,1866,2022,524 In Service/Staff Development,500,650,650
cols=7,1867,2022,599 Other Charges,352,0,0
cols=7,1868,2022,612 Principal on Other Loans,0,"73,000","75,000"
cols=7,1869,2022,613 Interest on Other Loans,0,"11,850","21,970"
cols=7,1870,2022,719 Office Equipment,959,"2,500","3,000"
cols=7,1871,2022,733 Solid Waste Equipment,"5,682","2,810",0
cols=7,1872,2022,791 Other Construction,"21,753","15,000","15,000"
cols=7,1873,2022,Total Sanitation Management,"1,580,126","1,668,797","1,771,244"
cols=7,1874,2022,60000 HIGHWAYS,,,
cols=7,1875,2022,64000 Litter and Trash Collection,,,
cols=7,1876,2022,105 Supervisor/Director,"19,320","26,000","25,900"
cols=7,1877,2022,429 Instructional Supply and Materials,"2,306","12,350","12,325"
cols=7,1878,2022,599 Other Charges,"2,302","10,950","11,075"
cols=7,1879,2022,Total Litter and Trash Collection,"23,928","49,300","49,300"
cols=7,1880,2022,90000 CAPITAL PROJECTS,,,
cols=7,1881,2022,91140 Public Health and Welfare Projects,,,
cols=7,1882,2022,606 Other Debt Issuance Charge,0,0,0
cols=7,1883,2022,799 Other Capital Outlay-Reserve,"5,500","56,000","56,000"
cols=7,1884,2022,799-LOAN Other Capital Outlay-Loan,0,0,0
cols=7,1885,2022,Total Public Health and Welfare Projects,"5,500","56,000","56,000"
cols=7,1886,2022,Total Estimated Expenditures,"1,609,554","1,774,097","1,876,544"
cols=7,1887,2022,Excess of Estimated Revenue Over (under),,,
cols=7,1888,2022,Estimated Expenditures,"1,409","-99,537","-146,984"
cols=7,1889,2022,Estimated Beginning Fund Balance July 1,"1,019,624","1,021,033","631,164"
cols=7,1890,2022,Fund Balance Audit Adjustment,,,
cols=7,1891,2022,Estimated Ending Fund Balance June 30,"1,021,033","921,496","484,180"
cols=6,148,2023,Account No. Description,Actual 2021-2022,Original Estimated 2022-2023,Estimated 2023-2024
cols=6,149,2023,ESTIMATED REVENUES,,,
cols=6,150,2023,40000 LOCAL TAXES,,,
cols=6,151,2023,40100 County Property Taxes,,,
cols=6,152,2023,40110 Current Property Taxes,"8,628,268","8,420,387","8,885,785"
cols=6,153,2023,40120 Trustees Collection Prior Year,"179,295","195,000","179,000"
cols=6,154,2023,40125 Trustees Collection-Bankruptcy,"4,031","4,000","2,000"
cols=6,155,2023,40130 Clerk & Master Prior Years,"119,579","116,000","116,000"
cols=6,156,2023,40140 Interest and Penalty,"38,720","40,000","40,000"
cols=6,157,2023,40161 Payments in Lieu of Taxes TVA,"8,321","9,000","9,000"
cols=6,158,2023,40162 Payments in Lieu of Taxes-Loc Utilities,"50,485","31,000","31,000"
cols=6,159,2023,40163 Payments in Lieu of Taxes-Other,"21,860","19,675","15,000"
cols=6,160,2023,Total County Property Taxes,"9,050,559","8,835,062","9,277,785"
cols=6,161,2023,40200 County Local Option Taxes,,,
cols=6,162,2023,40220 Hotel/Motel Tax,"33,984","32,000","50,000"
cols=6,163,2023,40250 Litigation Tax General,"84,475","70,000","84,000"
cols=6,164,2023,40260 Litigation Tax-Special Purpose,"11,157","10,000","11,000"
cols=6,165,2023,"40266 Litigation Tax-Jail, Workhouse, Courthouse","76,324","65,000","75,000"
cols=6,166,2023,40267 Litigation Tax-Victim Offender,"5,010","3,000","5,000"
cols=6,167,2023,40270 Business Tax,"121,599","92,000","115,000"
cols=6,168,2023,40275 Mixed Drink Tax,542,300,"1,000"
cols=6,169,2023,Total County Local Option Taxes,"333,091","272,300","341,000"
cols=6,170,2023,40300 Statutory Local Taxes,,,
cols=6,171,2023,40320 Bank Excise Tax,"44,529","30,000","4,000"
cols=6,172,2023,40330 Wholesale Beer Tax,"227,143","230,000","230,000"
cols=6,173,2023,40390 Other Statutory Local Taxes,"4,380","4,400","4,400"
cols=6,174,2023,Total Local Option Taxes,"276,052","264,400","238,400"
cols=6,175,2023,TOTAL LOCAL TAXES,"9,659,702","9,371,762","9,857,185"
cols=6,176,2023,41000 LICENSES AND PERMITS,,,
cols=6,177,2023,41100 Licenses,,,
cols=6,178,2023,41140 Cable TV Franchise,"51,870","49,000","49,000"
cols=6,179,2023,41500 Permits,,,
cols=6,180,2023,41510 Beer Permits,"3,729","3,500","3,500"
cols=6,181,2023,41520 Building Permits,"113,220","100,000","108,000"
cols=6,182,2023,TOTAL LICENSES AND PERMITS,"168,819","152,500","160,500"
cols=6,183,2023,Account No. Description,Actual 2021-2022,Original Estimated 2022-2023,Estimated 2023-2024
cols=6,184,2023,42110 Fines,"5,012","4,200","3,000"
cols=6,185,2023,42120 Officers Cost,"2,666","2,500","1,800"
cols=6,186,2023,42141 Drug Court Fees,742,650,650
cols=6,187,2023,42150 Jail Fees,679,700,700
cols=6,188,2023,42180 DUI Treatment Fines,475,350,600
cols=6,189,2023,42190 Data Entry Fee-Circuit Court,394,300,400
cols=6,190,2023,Total Circuit Court,"9,968","8,700","7,150"
cols=6,191,2023,42200 Criminal Court,,,
cols=6,192,2023,42280 DUI Treatment Fines,542,400,400
cols=6,193,2023,Total Criminal Court,542,400,400
cols=6,194,2023,42300 General Sessions Court,,,
cols=6,195,2023,42310 Fines,"7,353","8,000","10,000"
cols=6,196,2023,42320 Officers Cost,"28,091","23,000","29,000"
cols=6,197,2023,42330 Game and Fish Fines,245,300,150
cols=6,198,2023,42341 Drug Court Fees,"2,097","1,600","2,000"
cols=6,199,2023,42350 Jail Fees,"6,904","6,500","7,000"
cols=6,200,2023,42380 DUI Treatment Fines,"1,995","2,000","3,000"
cols=6,201,2023,42390 Data Entry Fee-General Sessions,"11,714","9,500","11,700"
cols=6,202,2023,Total General Sessions Court,"58,399","50,900","62,850"
cols=6,203,2023,42500 Chancery Court,,,
cols=6,204,2023,42520 Officers Costs,"1,817","1,500",800
cols=6,205,2023,42530 Data Entry Fee-Chancery Court,"2,900","3,000","3,000"
cols=6,206,2023,Total Chancery Court,"4,717","4,500","3,800"
cols=6,207,2023,42800 Judicial District Drug Program,,,
cols=6,208,2023,42871 Courtroom Security Fee,"9,378","8,000","8,000"
cols=6,209,2023,Total Judicial District Drug Program,"9,378","8,000","8,000"
cols=6,210,2023,"42900 Other Fines, Forfeitures, and Seizures",,,
cols=6,211,2023,42910 Proceeds from Confiscated Property,"1,664","1,800","2,500"
cols=6,212,2023,"42990 Other Fines, Forfeitures, and Penalties",388,"1,500",400
cols=6,213,2023,"Total Other Fines, Forfeitures and Seizures","2,052","3,300","2,900"
cols=6,214,2023,"TOTAL FINES, FORFEITURES AND PENALTIES","85,056","75,800","85,100"
cols=6,215,2023,43000 CHARGES FOR CURRENT SERVICES,,,
cols=6,216,2023,43100 General Services,,,
cols=6,217,2023,43102 Other Employee Benefit Charges/Contrib,"42,174","25,000","25,000"
cols=6,218,2023,43120 Patient Charges,"1,097,303","1,200,000","1,200,000"
cols=6,219,2023,Total Charges for General Services,"1,139,477","1,225,000","1,225,000"
cols=6,220,2023,Account No. Description,Actual 2021-2022,Original Estimated 2022-2023,Estimated 2023-2024
cols=6,221,2023,43300 Fees,,,
cols=6,222,2023,43350 Copy Fees,"2,986","1,700","2,000"
cols=6,223,2023,43350-LIB Copy Fees-Library,"6,085","5,000","5,000"
cols=6,224,2023,43360 Library Fees,899,800,"2,000"
cols=6,225,2023,43365 Archives and Records Management Fees,"15,164","12,000","15,000"
cols=6,226,2023,43370 Telephone Commissions,"27,126","25,000","50,000"
cols=6,227,2023,43383 Additional Fees-Titling and Registration,0,0,"15,000"
cols=6,228,2023,43392 Data Processing Fees Register,"13,894","14,000","13,000"
cols=6,229,2023,43393 Probation Fees,"1,526","1,300","1,500"
cols=6,230,2023,43394 Data Processing Fees-Sheriff,186,150,100
cols=6,231,2023,43395 Sexual Offenders Registration Fees-Sheriff,"5,700","5,500","5,500"
cols=6,232,2023,43396 Data Processing Fee-County Clerk,705,600,700
cols=6,233,2023,43399 Vehicle Insurance Coverage and Reinstatement Fee,"1,330","1,000","1,200"
cols=6,234,2023,Total Charges for Fees,"75,601","67,050","111,000"
cols=6,235,2023,TOTAL CHARGES FOR CURRENT SERVICES,"1,215,078","1,292,050","1,336,000"
cols=6,236,2023,44000 OTHER LOCAL REVENUES,,,
cols=6,237,2023,44100 Recurring items,,,
cols=6,238,2023,44110 Investment Income,758,"1,000","1,000"
cols=6,239,2023,44110-LIB Investment Income-Library,"1,365","1,500",500
cols=6,240,2023,44120 Lease/Rentals,"4,081","5,000","4,081"
cols=6,241,2023,44131 Commissary Sales,"14,321","15,000","13,000"
cols=6,242,2023,44170 Miscellaneous Refunds,"43,261","12,000","12,000"
cols=6,243,2023,Total Recurring Items,"63,786","34,500","30,581"
cols=6,244,2023,44500 Nonrecurring Items,,,
cols=6,245,2023,44530 Sale of Equipment,"12,720",0,0
cols=6,246,2023,44530-AMB Sale of Equipment-Ambulance Service,0,0,0
cols=6,247,2023,44540 Sale of Property,0,0,0
cols=6,248,2023,44570 Contributions and Gifts,0,0,0
cols=6,249,2023,44570-AMB Contributions and Gifts-Ambulance Service,0,0,0
cols=6,250,2023,44570-LIB Contributions and Gifts-Library,"5,405","2,500","1,500"
cols=6,251,2023,44990 Other Local Revenue,0,0,0
cols=6,252,2023,44990-LIB Other Local Revenue-Library,"1,410",0,"1,400"
cols=6,253,2023,Total Nonrecurring Items,"19,535","2,500","2,900"
cols=6,254,2023,TOTAL OTHER LOCAL REVENUES,"83,321","37,000","33,481"
cols=6,255,2023,45000 FEES RECEIVED FROM COUNTY OFFICALS,,,
cols=6,256,2023,45100 Excess Fees,,,
cols=6,257,2023,45160 Juvenile Court Clerk,"7,546",0,"6,000"
cols=6,258,2023,45500 Fees in Lieu of Salary,,,
cols=6,259,2023,45510 County Clerk,"267,026","260,000","265,000"
cols=6,260,2023,45520 Circuit Court Clerk,"22,180","18,000","18,000"
cols=6,261,2023,45540 General Sessions Court Clerk,"186,283","140,000","180,000"
cols=6,262,2023,Account No. Description,Actual 2021-2022,Original Estimated 2022-2023,Estimated 2023-2024
cols=6,263,2023,45550 Clerk & Master,"95,328","100,000","90,000"
cols=6,264,2023,45560 Juvenile Court Clerk,0,"6,700",0
cols=6,265,2023,45580 Register,"173,467","165,000","160,000"
cols=6,266,2023,45590 Sheriff,"19,690","20,000","20,000"
cols=6,267,2023,45610 Trustee,"436,525","422,000","440,000"
cols=6,268,2023,TOTAL FEES RECEIVED FROM COUNTY OFFICIALS,"1,208,045","1,131,700","1,179,000"
cols=6,269,2023,46000 STATE OF TENNESSEE,,,
cols=6,270,2023,46100 General Government Grants,,,
cols=6,271,2023,46110 Juvenile Service Program,"9,000","9,000","9,000"
cols=6,272,2023,Total General Government Grants,"9,000","9,000","9,000"
cols=6,273,2023,46200 Public Safety Grants,,,
cols=6,274,2023,46210 Law Enforcement Training Programs,"19,200","29,000","29,000"
cols=6,275,2023,46290 Other Public Safety Grants,0,0,0
cols=6,276,2023,46290-TCI Other Public Safety Grants-TN Correction Institute,0,0,0
cols=6,277,2023,Total Public Safety Grants,"19,200","29,000","29,000"
cols=6,278,2023,46300 Health and Welfare Grants,,,
cols=6,279,2023,46310 Health Department Programs,"260,219","295,190","324,190"
cols=6,280,2023,46390 Other Health and Welfare Grants,0,0,0
cols=6,281,2023,Total Health and Welfare Grants,"260,219","295,190","324,190"
cols=6,282,2023,46800 Other State Revenues,,,
cols=6,283,2023,46820 Income Tax,"3,405","10,000","3,405"
cols=6,284,2023,46830 Beer Tax,"19,194","18,000","19,000"
cols=6,285,2023,46835 Vehicle Certificates of Title Fees,"7,144","7,000","7,000"
cols=6,286,2023,46840 Alcoholic Beverage Tax,"95,197","93,000","95,000"
cols=6,287,2023,46851 State Revenue Sharing-TVA,"555,572","554,000","647,556"
cols=6,288,2023,46852 State Revenue Sharing-Telecommunications,"66,148","60,000","57,000"
cols=6,289,2023,46855 State Shared Sports Gaming,"20,672","1,800","30,000"
cols=6,290,2023,46915 Contracted Prisoner Boarding,"103,935","100,000","150,000"
cols=6,291,2023,46960 Registrar's Salary Supplement,"11,373","15,164","15,164"
cols=6,292,2023,46980 Other State Grants,0,"160,000","400,000"
cols=6,293,2023,46980-DA2 Other State Grants-Direct Appropriations,"365,217",0,0
cols=6,294,2023,46980-LIB Other State Grants-Library,"14,040","4,551","10,000"
cols=6,295,2023,46990 Other State Revenues,"4,804","7,000","4,000"
cols=6,296,2023,Total Other State Revenues,"1,266,701","1,030,515","1,438,125"
cols=6,297,2023,TOTAL STATE OF TENNESSEE,"1,555,120","1,363,705","1,800,315"
cols=6,298,2023,47000 FEDERAL GOVERNMENT,,,
cols=6,299,2023,47100 Federal Through State,,,
cols=6,300,2023,47230 Disaster Relief,0,0,0
cols=6,301,2023,47235 Homeland Security Grants,"41,891","39,727","41,661"
cols=7,302,2023,Account No. Description,Actual 2021-2022,Original Estimated 2022-2023,Estimated 2023-2024
cols=7,303,2023,47235-TSEE Homeland Security Grants-Traffic Safety Enforcement,0,0,"25,000"
cols=7,304,2023,47250-ELC Law Enforcement Grants-ELC Confinement Facility,0,0,"176,290"
cols=7,305,2023,47250-VCIF Law Enforcement Grants-Violent Crime,0,0,"96,806"
cols=7,306,2023,47301 Covid 19 Grant#1-Dept of Health Drug Room,0,0,"100,000"
cols=7,307,2023,47401 American Rescue Plan Act-CESF Video Arraignment,"13,200",0,0
cols=7,308,2023,47405-LIB American Rescue Plan Act-Library,"7,144",0,0
cols=7,309,2023,47590 Other Federal Through State,0,0,0
cols=7,310,2023,Total Federal Through State,"62,235","39,727","439,757"
cols=7,311,2023,47600 DIRECT FEDERAL REVENUE,,,
cols=7,312,2023,47990 Other Direct Federal,"4,194",0,0
cols=7,313,2023,Total Direct Federal,"4,194",0,0
cols=7,314,2023,TOTAL FEDERAL GOVERNMENT,"66,429","39,727","439,757"
cols=7,315,2023,48000 OTHER GOVERNMENTS AND CITIZEN GROUPS,,,
cols=7,316,2023,48100 Other Governments,,,
cols=7,317,2023,48130 Contributions,"50,000","45,000","45,000"
cols=7,318,2023,Total Other Governments,"50,000","45,000","45,000"
cols=7,319,2023,48600 Citizens Groups,,,
cols=7,320,2023,48610 Donations,0,0,0
cols=7,321,2023,48610-AMB Donation-Ambulance Service,100,0,0
cols=7,322,2023,48610-HOSP Donations-Ascension St. Thomas Hickman,"5,000","5,000","5,000"
cols=7,323,2023,48610-LIB Donations-Library,0,0,0
cols=7,324,2023,Total Citizen Groups,"5,100","5,000","5,000"
cols=7,325,2023,TOTAL OTHER GOVERNMENTS AND CITIZEN GROUPS,"55,100","50,000","50,000"
cols=7,326,2023,TOTAL ESIMATED REVENUES,"14,096,670","13,514,244","14,941,338"
cols=7,327,2023,49000 ESTIMATED OTHER SOURCES (NON-REVENUE),,,
cols=7,328,2023,49700 Insurance Recovery,"47,915","40,000","40,000"
cols=7,329,2023,49800 Transfers In,"35,000","35,000","35,000"
cols=7,330,2023,TOTAL ESTIMATED OTHER SOURCES (NON-REVENUE,"82,915","75,000","75,000"
cols=7,331,2023,TOTAL ESTIMATED REVENUES AND OTHER SOURCE:,"14,179,585","13,589,244","15,016,338"
cols=7,332,2023,ESTIMATED EXPENDITURES,,,
cols=7,333,2023,51000 GENERAL ADMINISTRATION,,,
cols=7,334,2023,51100 County Commission,,,
cols=7,335,2023,191 Board and Committee Members Fees,"50,200","36,400","33,600"
cols=7,336,2023,215 On-behalf Payments to OPEB,0,0,0
cols=6,337,2023,Account No. Description,Actual 2021-2022,Original Estimated 2022-2023,Estimated 2023-2024
cols=6,338,2023,301 Accounting Services,0,"1,500","1,500"
cols=6,339,2023,305 Audit Services,"10,219","10,469","11,000"
cols=6,340,2023,"332 Legal Notices, Recording and Court Cost","1,746","5,000","5,000"
cols=6,341,2023,355 Travel,0,"2,500","2,500"
cols=6,342,2023,719 Office Equipment,0,0,0
cols=6,343,2023,51210 Board of Equalization,,,
cols=6,344,2023,191 Board and Committee Members Fees,"2,550","3,500","3,500"
cols=6,345,2023,51220 Beer Board,,,
cols=6,346,2023,533 Criminal Investigation of Applicants,87,"1,000","1,000"
cols=6,347,2023,Total County Commission,"64,802","60,369","58,100"
cols=6,348,2023,51300 County Mayor,,,
cols=6,349,2023,101 County Official,"95,034","99,787","104,776"
cols=6,350,2023,140 Salary Supplement,"1,568","2,250",0
cols=6,351,2023,161 Secretary,"32,100","33,385","35,055"
cols=6,352,2023,186 Longevity,0,500,0
cols=6,353,2023,"332 Legal Notices, Rec & Court Cost","1,682","1,200","1,200"
cols=6,354,2023,355 Travel,"2,311","3,000","3,000"
cols=6,355,2023,399 Other Contracted Services,"4,090","5,000","5,000"
cols=6,356,2023,399-DA Other Contracted Services-Direct Approp. Grant,"6,975",0,0
cols=6,357,2023,435 Office Supplies,995,"1,500","1,500"
cols=6,358,2023,508 Premiums on Corp Surety Bonds,0,0,0
cols=6,359,2023,524 In-Service/Staff Development,"1,076","1,500","1,500"
cols=6,360,2023,719 Office Equipment,188,"1,000","1,000"
cols=6,361,2023,Total County Mayor,"146,019","149,122","153,031"
cols=6,362,2023,51400 County Attorney,,,
cols=6,363,2023,331 Legal Services,"17,643","15,000","35,000"
cols=6,364,2023,599 Other Charges(Deductibles),"2,500","5,000","5,000"
cols=6,365,2023,Total County Attorney,"20,143","20,000","40,000"
cols=6,366,2023,51500 Election Commission,,,
cols=6,367,2023,101 County Official,"74,053","77,756","81,644"
cols=6,368,2023,106 Deputy,"28,072","33,146","34,804"
cols=6,369,2023,169 Part-Time Personnel,"12,570","18,000","18,000"
cols=6,370,2023,186 Longevity Pay,0,0,0
cols=6,371,2023,192 Election Commission,"1,760","5,400","7,400"
cols=6,372,2023,193 Election Workers,"2,320","55,000","55,000"
cols=6,373,2023,317 Data Processing Services,"3,502","4,500","4,500"
cols=6,374,2023,"332 Legal Notices, Rec and Court Costs",360,"1,500","4,500"
cols=6,375,2023,337 Maint and Repair-Office Equip,0,"1,500","1,500"
cols=6,376,2023,349 Printing Stationary and Forms,643,"4,000","4,000"
cols=6,377,2023,351 Rentals,0,"1,500","2,500"
cols=6,378,2023,355 Travel,0,"3,000","4,000"
cols=6,379,2023,Account No. Description,Actual 2021-2022,Original Estimated 2022-2023,Estimated 2023-2024
cols=6,380,2023,399 Other Contracted Services,"13,138","25,000","25,000"
cols=6,381,2023,435 Office Supplies,900,"4,000","4,000"
cols=6,382,2023,508 Premiums on Surety Bond,50,0,0
cols=6,383,2023,719 Office Equipment,"4,508","4,000","4,000"
cols=6,384,2023,790 Other Equipment,0,"474,989","474,989"
cols=6,385,2023,Total Election Commission,"141,876","713,291","725,837"
cols=6,386,2023,51600 Register of Deeds,,,
cols=6,387,2023,101 County Official,"82,281","86,395","90,715"
cols=6,388,2023,106 Deputy,"31,893","33,169","34,828"
cols=6,389,2023,140 Salary Supplement,"2,147","3,750","4,150"
cols=6,390,2023,162 Clerical Personnel,"26,224","27,797","29,187"
cols=6,391,2023,186 Longevity Pay,"1,400","1,500","1,600"
cols=6,392,2023,317 Data Processing Services,"14,597","16,000","16,000"
cols=6,393,2023,"332 Legal Notices, Recording and Court Costs",0,22,22
cols=6,394,2023,337 Maint and Repair Services,"1,154","2,500","2,500"
cols=6,395,2023,355 Travel,"1,160","2,000","2,000"
cols=6,396,2023,399 Other Contracted Services,0,200,200
cols=6,397,2023,435 Office Supplies,887,"2,000","2,400"
cols=6,398,2023,508 Premiums on Surety Bond,0,0,0
cols=6,399,2023,524 In-Service/Staff Development,455,750,"1,000"
cols=6,400,2023,719 Office Equipment,0,"2,000","2,000"
cols=6,401,2023,Total Register of Deeds,"162,198","178,083","186,602"
cols=6,402,2023,51720 Planning,,,
cols=6,403,2023,105 Supervisor/Director,"58,001","62,000","65,101"
cols=6,404,2023,106 Deputy(s),"34,240","35,610","37,391"
cols=6,405,2023,162 Clerical Personnel,"25,376","26,804","28,145"
cols=6,406,2023,186 Longevity Pay,0,900,"1,000"
cols=6,407,2023,191 Board and Committee Member Fees,"2,850","3,900","3,900"
cols=6,408,2023,196 In-Service Training,0,"2,500","3,000"
cols=6,409,2023,312 Contracts with Private Agencies,"2,200","16,000","18,000"
cols=6,410,2023,317 Data Processing Service,"2,510","2,700","3,000"
cols=6,411,2023,331 Legal Services,"8,949","8,000","12,000"
cols=6,412,2023,"332 Legal Notices, Recording & Court Costs","4,889","5,000","5,000"
cols=6,413,2023,338 Maint and Repair Services-Vehicle,730,"2,000","2,500"
cols=6,414,2023,"349 Printing, Stationary, and Forms",497,"1,200","1,500"
cols=6,415,2023,355 Travel,199,"1,500","1,500"
cols=6,416,2023,399 Other Contracted Services,"15,168","35,000","35,000"
cols=6,417,2023,425 Gasoline,"3,082","3,500","4,500"
cols=6,418,2023,435 Office Supplies,282,950,"1,200"
cols=6,419,2023,499 Other Supplies and Materials,246,800,800
cols=6,420,2023,508 Premiums on Surety Bond,0,0,0
cols=6,421,2023,524 In-Service/Staff Development,964,"1,500","1,500"
cols=6,422,2023,718 Motor Vehicles,0,0,0
cols=6,423,2023,719 Office Equipment,"1,475","2,200","2,800"
cols=6,424,2023,791 Other Construction,0,0,0
cols=6,425,2023,Account No. Description,Actual 2021-2022,Original Estimated 2022-2023,Estimated 2023-2024
cols=6,426,2023,Total Planning,"161,658","212,064","227,837"
cols=6,427,2023,51800 County Buildings,,,
cols=6,428,2023,105 Facility Supervisor,"52,747","50,000","52,501"
cols=6,429,2023,166 Custodial Personnel,"26,655","27,788","29,178"
cols=6,430,2023,167 Maintenance Personnel,0,"45,000","47,251"
cols=6,431,2023,169 Part-Time Personnel,"2,635","13,000","13,500"
cols=6,432,2023,335 Maint and Repair-buildings,"185,544","210,000","241,500"
cols=6,433,2023,335-ADA Maint and Repair-buildings(ADA),0,"3,000","3,000"
cols=6,434,2023,336 Maint and Repair-equipment,0,"10,000","10,000"
cols=6,435,2023,338 Maint and Repair-vehicle,"4,436","3,000","5,000"
cols=6,436,2023,355 Travel,0,500,750
cols=6,437,2023,410 Custodial Supplies,"12,237","20,000","18,000"
cols=6,438,2023,425 Gasoline,"2,586","7,500","7,500"
cols=6,439,2023,435 Office Supplies,"2,643","1,000","1,000"
cols=6,440,2023,451 Uniforms,"2,191","3,000","3,000"
cols=6,441,2023,599 Other Charges,294,"1,000","1,000"
cols=6,442,2023,718 Motor Vehicles,0,0,"15,000"
cols=6,443,2023,Total County Buildings,"291,968","394,788","448,180"
cols=6,444,2023,51810 Other Facilities,,,
cols=6,445,2023,307 Communication,"151,827","140,000","140,000"
cols=6,446,2023,347 Pest Control,"5,500","7,000","8,000"
cols=6,447,2023,359 Disposal Fee,4,"1,000","1,000"
cols=6,448,2023,415 Electricity,"143,559","175,000","175,000"
cols=6,449,2023,452 Utilities,"94,395","80,000","105,000"
cols=6,450,2023,Total Other Facilities,"395,285","403,000","429,000"
cols=6,451,2023,51900 Other General Administration,,,
cols=6,452,2023,189 Other Salaries and Wages,"82,349","85,643","89,925"
cols=6,453,2023,334 Maintenance Agreements,"6,641","9,000","11,000"
cols=6,454,2023,336 Maintenance and Repair-Equipment,"2,960","2,000","2,000"
cols=6,455,2023,355 Travel,75,400,400
cols=6,456,2023,399 Other Contracted Services,"2,287","4,000","2,000"
cols=6,457,2023,435 Office Supplies,422,800,"1,000"
cols=6,458,2023,499 Other Supplies and Materials,328,800,"1,000"
cols=6,459,2023,524 In-Service/Staff Development,0,0,0
cols=6,460,2023,719 Office Equipment,"20,553","22,000","20,000"
cols=6,461,2023,Total Other General Administration,"115,615","124,643","127,325"
cols=6,462,2023,51910 Preservation of Records,,,
cols=6,463,2023,140 Salary Supplement,"1,500","1,500","1,500"
cols=6,464,2023,162 Clerical Personnel,"30,356","31,571","33,758"
cols=6,465,2023,186 Longevity Pay,"2,400","2,500","2,400"
cols=6,466,2023,355 Travel,0,150,150
cols=6,467,2023,399 Other Contracted Services,"3,219","4,000","4,000"
cols=6,468,2023,435 Office Supplies,249,550,550
cols=6,469,2023,Account No. Description,Actual 2021-2022,Original Estimated 2022-2023,Estimated 2023-2024
cols=6,470,2023,499 Other Supplies and Materials,381,680,680
cols=6,471,2023,524 In-Service/Staff Development,100,100,100
cols=6,472,2023,599 Other Charges,254,100,100
cols=6,473,2023,Total Preservation of Records,"38,459","41,151","43,238"
cols=6,474,2023,Total General Administration,"1,538,023","2,296,511","2,439,150"
cols=6,475,2023,52000 FINANCE,,,
cols=6,476,2023,52100 Accounting and Budgeting,,,
cols=6,477,2023,101 Administrative Officer,"96,522","86,395","90,715"
cols=6,478,2023,103 Assistants,"40,210","45,000","47,251"
cols=6,479,2023,119 Accounts/Bookkeepers,"100,219","125,190","131,450"
cols=6,480,2023,140 Salary Supplement,"7,500","6,375","7,125"
cols=6,481,2023,186 Longevity Pay,"2,900","3,200","3,500"
cols=6,482,2023,317 Data Processing Services,"19,351","21,005","22,629"
cols=6,483,2023,332 Legal Notices Rec Court Costs,"4,017","4,300","4,300"
cols=6,484,2023,349 Printing Stationary Forms,"4,175","5,500","5,500"
cols=6,485,2023,355 Travel,202,"2,100","2,100"
cols=6,486,2023,399 Other Contracted Services,"2,163","3,000","3,000"
cols=6,487,2023,435 Office Supplies,"3,180","3,500","3,500"
cols=6,488,2023,508 Surety Bond,50,300,300
cols=6,489,2023,524 In-Service/Staff Development,"1,030","1,000","1,000"
cols=6,490,2023,719 Office Equipment,865,"2,000","2,000"
cols=6,491,2023,Total Accounting and Budgeting,"282,384","308,865","324,370"
cols=6,492,2023,52300 Property Assessor Office,,,
cols=6,493,2023,101 County Official,"82,281","86,395","90,715"
cols=6,494,2023,106 Deputy,"27,390",0,0
cols=6,495,2023,135 Assessment Personnel,"31,462",0,0
cols=6,496,2023,140 Salary Supplement,"3,522","4,000","4,800"
cols=6,497,2023,162 Clerical Personnel,"33,466","121,092","127,147"
cols=6,498,2023,186 Longevity Pay,"2,400",500,"1,100"
cols=6,499,2023,187 Overtime Pay(Re-appraisal),"3,375",0,0
cols=6,500,2023,187-RA Overtime Pay(Re-appraisal),"6,000",0,0
cols=6,501,2023,312 Contracts with Private Agencies,"5,454","10,000","10,000"
cols=6,502,2023,317 Data Processing Services,"32,324","36,300","38,500"
cols=6,503,2023,332 Legal Notices,522,200,200
cols=6,504,2023,337 Maint and Repair-Office Equipment,576,"1,000","1,000"
cols=6,505,2023,338 Maint and Repair-Vehicle,"1,280","1,500","2,000"
cols=6,506,2023,349 Printing Stationary Forms,"1,500","1,900","2,200"
cols=6,507,2023,349-RA Printing Stationary Forms(Re-appraisal),"2,565",0,0
cols=6,508,2023,355 Travel,527,"3,000","3,500"
cols=6,509,2023,399 Other Contracted Services,"7,870","5,000","7,000"
cols=6,510,2023,425 Gasoline,793,"3,000","3,000"
cols=6,511,2023,435 Office Supplies,"2,666","3,500","3,500"
cols=6,512,2023,524 In-Service/Staff Development,312,"2,400","4,000"
cols=6,513,2023,599 Other Charges,0,"4,000","5,000"
cols=6,514,2023,599-PY Other Charges-PY Reappraisal Carryover,0,"9,000",0
cols=6,515,2023,Account No. Description,Actual 2021-2022,Original Estimated 2022-2023,Estimated 2023-2024
cols=6,516,2023,719 Office Equipment,"4,582","5,000","5,000"
cols=6,517,2023,Total Property Assessor's Office,"250,867","297,787","308,662"
cols=6,518,2023,52400 County Trustee's Office,,,
cols=6,519,2023,101 County Official,"82,281","86,395","90,715"
cols=6,520,2023,106 Deputy,"33,920","35,277","37,041"
cols=6,521,2023,121 Data Processing Personnel,"27,081","28,165","29,574"
cols=6,522,2023,140 Salary Supplement,"3,647","5,250","5,625"
cols=6,523,2023,162 Clerical Personnel,"30,592","31,816","33,407"
cols=6,524,2023,169 Part-time Personnel,"9,318","11,650","15,000"
cols=6,525,2023,186 Longevity Pay,"1,900","2,600","2,900"
cols=6,526,2023,317 Data Processing Services,"12,599","14,000","13,000"
cols=6,527,2023,"332 Legal Notices, Recording and Court Costs",295,400,400
cols=6,528,2023,349 Printing Stationary Forms,"4,796","6,500","6,800"
cols=6,529,2023,355 Travel,"1,130","2,200","2,200"
cols=6,530,2023,399 Other Contracted Services,"1,633","3,325","3,325"
cols=6,531,2023,435 Office Supplies,"2,169","3,500","3,500"
cols=6,532,2023,508 Surety Bond,100,"13,365",0
cols=6,533,2023,524 In-Service/Staff Development,810,"1,600","1,600"
cols=6,534,2023,719 Office Equipment,"1,058","3,000","3,500"
cols=6,535,2023,Total Trustees Office,"213,329","249,043","248,587"
cols=6,536,2023,52500 County Clerk Office,,,
cols=6,537,2023,101 County Official,"82,281","86,395","90,715"
cols=6,538,2023,106 Deputy,"32,431","33,729","35,416"
cols=6,539,2023,140 Salary Supplement,"7,772","7,500","7,500"
cols=6,540,2023,161 Secretary,"30,913","32,150","33,758"
cols=6,541,2023,162 Clerical Personnel,"88,501","92,042","96,646"
cols=6,542,2023,169 Part-Time Personnel,"7,180","15,000","15,000"
cols=6,543,2023,186 Longevity Pay,"7,400","7,900","6,000"
cols=6,544,2023,317 Data Processing Services,"22,549","28,535","28,591"
cols=6,545,2023,355 Travel,"3,737","4,000","4,000"
cols=6,546,2023,435 Office Supplies,"3,409","3,000","3,000"
cols=6,547,2023,524 In-Service/Staff Development,"1,265","1,400","1,400"
cols=6,548,2023,719 Office Equipment,"14,385","3,000","3,000"
cols=6,549,2023,Total County Clerk,"301,823","314,651","325,026"
cols=6,550,2023,Total Finance,"1,048,403","1,170,346","1,206,645"
cols=6,551,2023,53000 ADMINISTRATION OF JUSTICE,,,
cols=6,552,2023,53100 Circuit Court,,,
cols=6,553,2023,101 County Official,"82,281","86,395","90,715"
cols=6,554,2023,106 Deputies,"141,322","147,914","180,310"
cols=6,555,2023,169 Part-time Personnel,"10,035","10,000","5,000"
cols=6,556,2023,186 Longevity Pay,"5,400","5,800","5,400"
cols=6,557,2023,189 Other Salaries and Wages,"30,000","31,201","27,573"
cols=6,558,2023,194 Jury & Witness Fees,"2,248","6,500","5,000"
cols=6,559,2023,Account No. Description,Actual 2021-2022,Original Estimated 2022-2023,Estimated 2023-2024
cols=6,560,2023,317 Data Processing Services,"22,102","23,688","25,345"
cols=6,561,2023,"332 Legal Notices, Recording & Court Costs",506,600,600
cols=6,562,2023,337 Maint and Repair Services - Equipment,"2,361","3,500","2,500"
cols=6,563,2023,355 Travel,0,100,150
cols=6,564,2023,399 Other Contracted Services,0,800,800
cols=6,565,2023,435 Office Supplies,"4,445","6,000","6,000"
cols=6,566,2023,508 Premiums on Corporate Surety Bonds,0,200,200
cols=6,567,2023,719 Office Equipment,"5,324","8,000","8,000"
cols=6,568,2023,Total Circuit Court,"306,024","330,698","357,593"
cols=6,569,2023,53300 General Sessions Court,,,
cols=6,570,2023,102 Judge,"119,085","123,848","128,802"
cols=6,571,2023,123 Guidance Personnel,"56,950","59,228","62,190"
cols=6,572,2023,161 Secretary,"18,789","25,409","26,680"
cols=6,573,2023,169 Part-time Personnel,"5,858","8,352","8,686"
cols=6,574,2023,186 Longevity Pay,"3,000","3,200",0
cols=6,575,2023,355 Travel,"1,075","3,000","3,000"
cols=6,576,2023,399 Other Contracted Services,727,"6,600","6,600"
cols=6,577,2023,432 Library Books,"1,210","1,750","1,750"
cols=6,578,2023,435 Office Supplies,928,"1,750","1,750"
cols=6,579,2023,524 In-Service/Staff Development,905,"1,500","1,500"
cols=6,580,2023,719 Office Equipment,993,"2,500","2,500"
cols=6,581,2023,Total General Sessions Court,"209,520","237,137","243,458"
cols=6,582,2023,53310 General Sessions Judge,,,
cols=6,583,2023,102 Judge,478,"2,300","2,300"
cols=6,584,2023,355 Travel,0,"1,000","1,000"
cols=6,585,2023,524 In-Service/Staff Development,425,700,700
cols=6,586,2023,Total General Sessions Judge,903,"4,000","4,000"
cols=6,587,2023,53400 Chancery Court,,,
cols=6,588,2023,101 County Official,"82,281","86,395","90,715"
cols=6,589,2023,103 Assistant,"24,822","29,572","31,051"
cols=6,590,2023,106 Deputy,"25,844","25,480","26,754"
cols=6,591,2023,140 Salary Supplement,0,0,"1,500"
cols=6,592,2023,169 Part-time Personnel,0,0,"15,000"
cols=6,593,2023,186 Longevity Pay,"3,300","3,100","2,300"
cols=6,594,2023,317 Data Processing Services,"14,453","15,403","16,500"
cols=6,595,2023,"332 Legal Notices, Recording & Court Costs","1,500","1,500","1,500"
cols=6,596,2023,355 Travel,0,"1,500","2,000"
cols=6,597,2023,435 Office Supplies,"5,091","6,000","6,000"
cols=6,598,2023,719 Office Equipment,0,"2,000","2,000"
cols=6,599,2023,Total Chancery Court,"157,291","170,950","195,320"
cols=6,600,2023,Account No. Description,Actual 2021-2022,Original Estimated 2022-2023,Estimated 2023-2024
cols=6,601,2023,53700 Judicial Commissioners,,,
cols=6,602,2023,169 Part-time Personnel,"15,812","16,198","17,008"
cols=6,603,2023,186 Longevity,"1,000","1,100","1,200"
cols=6,604,2023,189 Other Salaries & Wages,"33,046","35,707","37,493"
cols=6,605,2023,196 In-Service Training,403,"1,250","1,250"
cols=6,606,2023,355 Travel,971,"5,000","5,000"
cols=6,607,2023,435 Office Supplies,328,700,700
cols=6,608,2023,524 In-Service/Staff Development,200,150,200
cols=6,609,2023,599 Other Charges,350,360,360
cols=6,610,2023,Total Judicial Commissioners,"52,110","60,465","63,211"
cols=6,611,2023,53920 Courtroom Security,,,
cols=6,612,2023,431 Law Enforcement Supplies,0,0,0
cols=6,613,2023,499 Other Supplies and Materials,0,0,0
cols=6,614,2023,499-CRF Other Supplies and Materials-Coronavirus Relief,0,0,0
cols=6,615,2023,599 Other Charges,0,0,0
cols=6,616,2023,799 Other Capital Outlay,0,0,0
cols=6,617,2023,Total Courtroom Security,0,0,0
cols=6,618,2023,Total Administration of Justice,"725,848","803,250","863,582"
cols=6,619,2023,54000 PUBLIC SAFETY,,,
cols=6,620,2023,54110 Sheriff's Department,,,
cols=6,621,2023,101 County Official,"90,509","95,035","99,787"
cols=6,622,2023,103 Assistant,"38,368","39,903","41,899"
cols=6,623,2023,106 Deputies,"878,855","981,914","1,138,086"
cols=6,624,2023,106-SEC Deputies (Courtroom Security),"90,257","98,614","108,524"
cols=6,625,2023,119 Accounts/Bookkeepers,"36,451","37,910","39,806"
cols=6,626,2023,140 Salary Supplements,"20,700","27,000","27,000"
cols=6,627,2023,148 Dispatchers and Radio Operators,"266,634","320,000","350,000"
cols=6,628,2023,169-SEC Part-time Personnel,"15,450","46,000","46,000"
cols=6,629,2023,170 School Resources Officer,0,0,"241,367"
cols=6,630,2023,186 Longevity Pay,"19,500","19,900","19,200"
cols=6,631,2023,187 Overtime Pay,"39,108","60,000","60,000"
cols=6,632,2023,187-TSEE Overtime Pay-Tennessee Safety Environment &,0,0,"15,000"
cols=6,633,2023,187-VCIF Overtime Pay-Violent Crimes,0,0,"15,000"
cols=6,634,2023,188 Bonus Payments,"29,000","31,000","31,000"
cols=6,635,2023,189 Other Salaries and Wages,0,0,"43,045"
cols=6,636,2023,189-SRO Other Salaries and Wages(SRO),"200,445","221,606",0
cols=6,637,2023,302 Advertising,200,500,500
cols=6,638,2023,307 Communication,"5,911","15,000","15,000"
cols=6,639,2023,312 Contracts with Private Agencies,0,"5,000","2,500"
cols=6,640,2023,317 Data Processing Services,"19,096","25,000","30,000"
cols=6,641,2023,331 Legal Services,64,200,200
cols=6,642,2023,336 Maint and Repair Services - Equipment,425,"4,000","2,000"
cols=6,643,2023,338 Maint and Repair Services - Vehicles,"51,269","65,000","65,000"
cols=6,644,2023,348 Postal Charges,297,300,300
cols=6,645,2023,355 Travel,"5,182","10,000","10,000"
cols=6,646,2023,Account No. Description,Actual 2021-2022,Original Estimated 2022-2023,Estimated 2023-2024
cols=6,647,2023,355-SRO Travel (SRO),"2,613","5,000","5,000"
cols=6,648,2023,399 Other Contracted Service,960,0,0
cols=6,649,2023,412 Diesel Fuel,459,"2,000","2,000"
cols=6,650,2023,425 Gasoline,"108,623","92,000","150,000"
cols=6,651,2023,431 Law Enforcement Supplies,"31,252","45,000","45,000"
cols=6,652,2023,431-SRO Law Enforcement Supplies-SRO,0,"5,000","5,000"
cols=6,653,2023,431-TSEE Law Enforcement Supplies-TN Safety Environment,0,0,"10,000"
cols=6,654,2023,431-VCIF Law Enforcement Supplies-Violent Crimes Grant,0,0,"81,806"
cols=6,655,2023,435 Office Supplies,"6,709","8,000","8,000"
cols=6,656,2023,450 Tires and Tubes,"9,509","20,000","20,000"
cols=6,657,2023,451 Uniforms,"7,702","15,000","15,000"
cols=6,658,2023,524 In-Service/Staff Development,"16,373","25,000","25,000"
cols=6,659,2023,524-SRO In-Service/Staff Development-SRO,"5,153","5,000","5,000"
cols=6,660,2023,599 Other Charges,"5,590","5,000","5,000"
cols=6,661,2023,718 Motor Vehicles,"120,888","25,000",0
cols=6,662,2023,718-ELC Motor Vehicles -ELC,0,0,"120,000"
cols=6,663,2023,719 Office Equipment,"3,936","5,000","5,000"
cols=6,664,2023,Total Sheriffs Department,"2,127,488","2,360,882","2,903,020"
cols=6,665,2023,54160 Administration Of Sexual Offender Registry,,,
cols=6,666,2023,435 Office Supplies,480,"1,000","1,000"
cols=6,667,2023,599 Other Charges,"1,750","3,000","3,000"
cols=6,668,2023,719 Office Equipment,"1,797","3,500","3,500"
cols=6,669,2023,Total Administration Of Sexual Offender Registry,"4,027","7,500","7,500"
cols=6,670,2023,54210 Jail,,,
cols=6,671,2023,160 Guards,"566,034","721,000","824,000"
cols=6,672,2023,161 Secretary,0,0,"31,200"
cols=6,673,2023,186 Longevity Pay,"4,400","6,200","4,500"
cols=6,674,2023,187 Overtime Pay,"10,662","20,000","20,000"
cols=6,675,2023,188 Bonus Payment,"13,000","21,000","23,000"
cols=6,676,2023,189 Other Salaries and Wages,"11,461","15,475","35,939"
cols=6,677,2023,340 Medical and Dental Services,"104,980","250,000","250,000"
cols=6,678,2023,355 Travel,"1,095","5,000","5,000"
cols=6,679,2023,399 Other Contracted Service,"119,928","135,000","135,000"
cols=6,680,2023,410 Custodial Supplies,"17,750","25,000","7,000"
cols=6,681,2023,410-ELC Custodial Supplies-ELC Grant,0,0,"18,000"
cols=6,682,2023,413 Drugs & Medical Supplies,"17,998","40,000","40,000"
cols=6,683,2023,422 Food Supplies,"195,097","280,000","260,000"
cols=6,684,2023,431 Law Enforcement Supplies,"4,157","5,000","5,000"
cols=6,685,2023,435 Office Supplies,"4,332","5,000","5,000"
cols=6,686,2023,441 Prisoners Clothing,"2,932","4,000",0
cols=6,687,2023,441-ELC Prisoners Clothing-ELC Grant,0,0,"8,200"
cols=6,688,2023,451 Uniforms,"3,265","8,000","8,000"
cols=6,689,2023,499 Other Supplies and Materials,"8,858","15,000","15,000"
cols=6,690,2023,499-ELC Other Supplies and Materials-ELC Grant,0,0,"13,090"
cols=6,691,2023,599-ELC Other Charges-ELC Grant,0,0,"17,000"
cols=6,692,2023,524 In-Service/Staff Development,100,"5,000","5,000"
cols=6,693,2023,Account No. Description,Actual 2021-2022,Original Estimated 2022-2023,Estimated 2023-2024
cols=6,694,2023,709 Data Processing Equipment,"27,473","29,000","29,000"
cols=6,695,2023,719 Office Equipment,"2,051","5,000","5,000"
cols=6,696,2023,719-TCI Office Equipment-TN Correction Institute,0,0,0
cols=6,697,2023,Total Jail,"1,115,573","1,594,675","1,763,929"
cols=6,698,2023,54310 Fire Prevention and Control,,,
cols=6,699,2023,309 Contracts with Govt Agen,"2,000","2,000","2,000"
cols=6,700,2023,429 Instructional Supplies and Materials,91,"1,000","1,500"
cols=6,701,2023,524 In-Service/Staff Development,"7,862","10,000","14,000"
cols=6,702,2023,790 Other Equipment,0,"2,550","3,000"
cols=6,703,2023,Total Fire Prevention and Control,"9,953","15,550","20,500"
cols=6,704,2023,54320 Rural Fire Protection,,,
cols=6,705,2023,316 Contributions,0,"150,000","150,000"
cols=6,706,2023,515 Liability Claim,"12,134",0,0
cols=6,707,2023,Total Rural Fire Prevention,"12,134","150,000","150,000"
cols=6,708,2023,54410 Civil Defense,,,
cols=6,709,2023,105 Supervisor/Director,"62,541","66,293","69,608"
cols=6,710,2023,169 Part-time Personnel,0,"5,000","5,000"
cols=6,711,2023,186 Longevity Pay,0,0,0
cols=6,712,2023,187 Overtime Pay,0,"5,000","5,000"
cols=6,713,2023,189 Other Salaries and Wages,"39,057","45,000","47,251"
cols=6,714,2023,320 Dues and Memberships,520,"1,000","1,000"
cols=6,715,2023,330 Operating Lease Payment,"3,400","3,400","3,600"
cols=6,716,2023,336 Maint and Repair Services - Equipment,"4,119","5,000","5,000"
cols=6,717,2023,338 Maint and Repair Services - Vehicles,"9,617","12,000","14,000"
cols=6,718,2023,355 Travel,0,"1,000","1,000"
cols=6,719,2023,399 Other Contracted Services,"2,233","4,500","4,500"
cols=6,720,2023,412 Diesel,"1,381","4,000","4,000"
cols=6,721,2023,425 Gasoline,"7,251","10,000","10,000"
cols=6,722,2023,435 Office Supplies,837,"1,000","1,000"
cols=6,723,2023,442 Propane Gas,"1,099","3,000","3,000"
cols=6,724,2023,451 Uniforms,648,"1,000","1,500"
cols=6,725,2023,499 Other Supplies and Materials,"11,854","9,690","11,624"
cols=6,726,2023,508 Premiums on Corporate Surety Bonds,50,50,50
cols=6,727,2023,524 In-Service/Staff Development,"1,435","2,000","2,000"
cols=6,728,2023,599 Other Charges,0,"1,000","1,000"
cols=6,729,2023,708 Communication Equipment,"14,269","12,000","22,000"
cols=6,730,2023,718 Motor Vehicles,0,0,0
cols=6,731,2023,790 Other Equipment,452,"1,000","6,000"
cols=6,732,2023,Total Civil Defense,"160,763","192,933","218,133"
cols=6,733,2023,54420 Rescue Squad,,,
cols=6,734,2023,316 Contributions,"35,000",0,0
cols=6,735,2023,515 Liability Claims,0,0,0
cols=6,736,2023,Account No. Description,Actual 2021-2022,Original Estimated 2022-2023,Estimated 2023-2024
cols=6,737,2023,Total Rescue Squad,"35,000",0,0
cols=6,738,2023,54610 County Coroner,,,
cols=6,739,2023,131 Medical Personnel,"3,900","5,000","5,000"
cols=6,740,2023,341 Pauper Burials,0,"1,000","3,000"
cols=6,741,2023,399 Other Contracted Services,"63,160","50,000","50,000"
cols=6,742,2023,508 Premiums on Corporate Surety Bonds,0,0,0
cols=6,743,2023,Total County Coroner,"67,060","56,000","58,000"
cols=6,744,2023,Total Public Safety,"3,531,998","4,377,540","5,121,082"
cols=6,745,2023,55000 PUBLIC HEALTH AND WELFARE,,,
cols=6,746,2023,55110 Local Health Center,,,
cols=6,747,2023,316 Contributions,"38,111","39,031","38,111"
cols=6,748,2023,335 Maintenance and Repair Service-Building,0,"1,000","1,000"
cols=6,749,2023,399 Other Contracted Services,"1,476","6,100","6,100"
cols=6,750,2023,435 Office Supplies,120,"1,520","1,520"
cols=6,751,2023,499 Other Supplies & Materials,0,"2,250","2,250"
cols=6,752,2023,599 Other Charges,200,700,700
cols=6,753,2023,599-PPI Other Charges,0,0,920
cols=6,754,2023,Total Local Health Center,"39,907","50,601","50,601"
cols=6,755,2023,55130 Ambulance/Emergency Medical Services,,,
cols=6,756,2023,105 Supervisor/Director,"59,833","64,620","69,608"
cols=6,757,2023,131 Medical Personnel,"894,953","1,220,252","1,360,000"
cols=6,758,2023,169 Part-time Personnel,"136,701","150,000","150,000"
cols=6,759,2023,186 Longevity,"16,100","20,000","20,300"
cols=6,760,2023,187 Overtime Pay,"358,306","418,000","470,000"
cols=6,761,2023,199 Other Per Diem & Fees,0,"3,000","3,000"
cols=6,762,2023,320 Dues and Memberships,990,"1,200","1,200"
cols=6,763,2023,335 Maint & Repair Services - Building,"1,727","2,000","2,000"
cols=6,764,2023,336 Maint & Repair Services - Equipment,945,"8,000","10,000"
cols=6,765,2023,338 Maint & Repair Services - Vehicles,"21,554","50,000","60,000"
cols=6,766,2023,355 Travel,"2,403","3,000","3,500"
cols=6,767,2023,399 Other Contracted Services,"188,303","190,000","235,000"
cols=6,768,2023,410 Custodial Supplies,"2,270","3,000","3,000"
cols=6,769,2023,412 Diesel Fuel,"11,865","18,000","22,000"
cols=6,770,2023,413 Drugs and Medical Supplies,"56,908","65,000","65,000"
cols=6,771,2023,413-DONAT Drugs and Medical Supplies(EMR Donation),"1,224",0,0
cols=6,772,2023,413-PHAR Drugs and Medical Supplies(Pharmaceuticals),"26,233","35,000","35,000"
cols=6,773,2023,425 Gasoline,"43,098","70,000","80,000"
cols=6,774,2023,435 Office Supplies,"1,206","3,000","3,000"
cols=6,775,2023,450 Tires and Tubes,"7,766","12,000","15,000"
cols=6,776,2023,451 Uniforms,"7,329","15,000","18,000"
cols=6,777,2023,499 Other Supplies and Materials,"7,197","7,000","13,000"
cols=6,778,2023,524 In-Service/Staff Development,"13,919","20,000","25,000"
cols=6,779,2023,718 Motor Vehicle,0,0,0
cols=6,780,2023,Account No. Description,Actual 2021-2022,Original Estimated 2022-2023,Estimated 2023-2024
cols=6,781,2023,719 Office Equipment,"2,370","3,000","3,000"
cols=6,782,2023,790 Other Equipment,"18,725","30,000","30,000"
cols=6,783,2023,Total Ambulance/Emergency Medical Services,"1,881,925","2,411,072","2,696,608"
cols=6,784,2023,55170 Alcohol and Drug Programs,,,
cols=6,785,2023,111 Probation Officer,"11,704","12,200","12,810"
cols=6,786,2023,201 Social Security,519,780,780
cols=6,787,2023,355 Travel,0,796,796
cols=6,788,2023,435 Office Supplies,150,"1,000","1,500"
cols=6,789,2023,599 Other Charges,"2,814","7,500","7,000"
cols=6,790,2023,Total Alcohol and Drug Programs,"15,187","22,276","22,886"
cols=6,791,2023,55190 Other Local Health Services,,,
cols=6,792,2023,131 Medical Personnel,"117,793","130,147","143,448"
cols=6,793,2023,163 Educational Assistants,"60,952","61,053","67,752"
cols=6,794,2023,"349 Printing, Stationery, and Forms",0,100,100
cols=6,795,2023,355 Travel,"8,691","15,000","15,000"
cols=6,796,2023,399 Other Contracted Services,0,100,100
cols=6,797,2023,499 Other Supplies and Materials,120,"2,500","2,500"
cols=6,798,2023,506 Liability Insurance,194,250,250
cols=6,799,2023,Total Other Local Health Services,"187,750","209,150","229,150"
cols=6,800,2023,55900 Other Public Health Services,,,
cols=6,801,2023,599-HOSP Other Charges (Hospital Donation),"2,325","5,000","5,000"
cols=6,802,2023,599-TOBG Other Charges(Tobacco Grant),"1,565","1,244",707
cols=6,803,2023,Total Other Public Health Services,"3,890","6,244","5,707"
cols=6,804,2023,Total Public Health & Welfare,"2,128,659","2,699,343","3,004,952"
cols=6,805,2023,"56000 SOCIAL, CULTURAL AND RECREATIONAL SERVICES",,,
cols=6,806,2023,56300 Senior Citizens Assistance,,,
cols=6,807,2023,316 Contributions,"10,000",0,0
cols=6,808,2023,Total Senior Citizens Assistance,"10,000",0,0
cols=6,809,2023,56500 Libraries,,,
cols=6,810,2023,103 Assistants,"111,283","115,735","117,536"
cols=6,811,2023,129 Librarians,"39,198","40,943","42,991"
cols=6,812,2023,186 Longevity,"4,700","5,400","3,200"
cols=6,813,2023,189 Other Salaries and Wages,"17,884","19,453","21,704"
cols=6,814,2023,317 Data Processing Services,"3,235","3,600","3,600"
cols=6,815,2023,320 Dues & Memberships,67,750,750
cols=6,816,2023,335 Maint & Repair Services Buildings,"1,035","3,000","3,000"
cols=6,817,2023,348 Postal Charges,697,"1,000","1,200"
cols=6,818,2023,355 Travel,340,"2,000","2,000"
cols=6,819,2023,Account No. Description,Actual 2021-2022,Original Estimated 2022-2023,Estimated 2023-2024
cols=6,820,2023,399 Other Contracted Services,"17,272","17,854","17,854"
cols=6,821,2023,432 Library Books & Media,"3,814","5,500","7,500"
cols=6,822,2023,435 Office Supplies,"2,607","7,000","7,000"
cols=6,823,2023,452 Utilities,"5,770","6,000","3,000"
cols=6,824,2023,499 Other Supplies & Materials,946,"1,000","2,000"
cols=6,825,2023,524 In-Service/Staff Development,0,"1,000","2,000"
cols=6,826,2023,599 Other Charges,"14,480","15,000","15,000"
cols=6,827,2023,790 Other Equipment,"3,000","8,000","8,000"
cols=6,828,2023,Total Estimated Expenditures,"226,328","253,235","258,335"
cols=6,829,2023,56700 Parks and Fair Boards,,,
cols=6,830,2023,316 Contributions,0,"3,000","3,000"
cols=6,831,2023,Total Senior Citizens Assistance,0,"3,000","3,000"
cols=6,832,2023,"Total Social, Cultural and Recreational","236,328","256,235","261,335"
cols=6,833,2023,57000 AGRICULTURE AND NATURAL RESOURCES,,,
cols=6,834,2023,57100 Agriculture Extension Service,,,
cols=6,835,2023,316 Contributions,"35,993","60,594","70,261"
cols=6,836,2023,320 Dues and Memberships,330,350,350
cols=6,837,2023,355 Travel,0,900,900
cols=6,838,2023,410 Custodial Supplies,123,125,125
cols=6,839,2023,435 Office Supplies,0,"1,000","1,000"
cols=6,840,2023,719 Office Equipment,980,"1,000","1,000"
cols=6,841,2023,Total Agriculture Extension Services,"37,426","63,969","73,636"
cols=6,842,2023,57500 Soil Conservation,,,
cols=6,843,2023,161 Secretary,"25,028","24,960","26,208"
cols=6,844,2023,186 Longevity,600,700,800
cols=6,845,2023,399 Other Contracted Services,"5,000","5,000","5,000"
cols=6,846,2023,599 Other Charges,"2,550","2,550","2,550"
cols=6,847,2023,Total Soil Conservation,"33,178","33,210","34,558"
cols=6,848,2023,Total Agriculture and Natural Resources,"70,604","97,179","108,194"
cols=6,849,2023,58000 OTHER GENERAL GOVERNMENT,,,
cols=6,850,2023,58110 Tourism,,,
cols=6,851,2023,316 Contributions,0,"1,200","1,200"
cols=6,852,2023,Total Tourism,0,"1,200","1,200"
cols=6,853,2023,58120 Industrial Development (Vision 21),,,
cols=6,854,2023,105 Supervisor/Director,"58,917","63,000","66,150"
cols=6,855,2023,316 Contributions,"12,294","11,773","9,054"
cols=6,856,2023,Account No. Description,Actual 2021-2022,Original Estimated 2022-2023,Estimated 2023-2024
cols=6,857,2023,Total Industrial Development,"71,211","74,773","75,204"
cols=6,858,2023,58300 Veterans Services,,,
cols=6,859,2023,105 Supervisor/Director,"31,201","32,450","34,073"
cols=6,860,2023,338 Maint & Repair Services - Vehicles,356,500,750
cols=6,861,2023,351 Rentals,"3,600","3,600","3,600"
cols=6,862,2023,355 Travel,0,300,600
cols=6,863,2023,399 Other Contracted Service,449,450,450
cols=6,864,2023,425 Gasoline,643,750,"1,000"
cols=6,865,2023,425-SC Gasoline (SCHRA),44,0,0
cols=6,866,2023,435 Office Supplies,94,200,200
cols=6,867,2023,599 Other Charges,902,"1,000","1,000"
cols=6,868,2023,719 Office Equipment,0,200,200
cols=6,869,2023,Total Veterans Services,"37,289","39,450","41,873"
cols=6,870,2023,58400 Other Charges,,,
cols=6,871,2023,506 Liability Insurance,"294,738","300,632","335,400"
cols=6,872,2023,510 Trustees Commission,"216,839","210,000","225,000"
cols=6,873,2023,513 Workers Comp,"127,277","160,000","170,450"
cols=6,874,2023,Total Other Charges,"638,854","670,632","730,850"
cols=6,875,2023,58600 Employee Benefits,,,
cols=6,876,2023,201 Social Security,"461,125","537,000","610,684"
cols=6,877,2023,204 State Retirement,"638,624","728,000","762,186"
cols=6,878,2023,206 Life Insurance,"43,496","53,000","62,000"
cols=6,879,2023,207 Medical Insurance,"1,795,541","1,898,199","2,031,600"
cols=6,880,2023,210 Unemployment Comp,"4,372","22,000","22,000"
cols=6,881,2023,399 Other Contracted Services,"5,800",0,"6,000"
cols=6,882,2023,Total Employees Benefits,"2,948,958","3,238,199","3,494,470"
cols=6,883,2023,58801 Covid 19 Grant # 1-Dept of Health Drug Room,,,
cols=6,884,2023,707 Building Improvements,0,0,"100,000"
cols=6,885,2023,Total Covid 19 Grant#1- Dept. of Health Drug Room,0,0,"100,000"
cols=6,886,2023,58835 American Rescue Plan Act # 5-Library,,,
cols=6,887,2023,599-LIB Other Charges,"6,160",0,0
cols=6,888,2023,Total American Rescue Plan Act # 5 Library,"6,160",0,0
cols=6,889,2023,58836 American Rescue Plan Act # 6 CESF Video Arraignment 790 Other Equipment,"13,200",0,0
cols=6,890,2023,Total CESF Video Arraignment,"13,200",0,0
cols=6,891,2023,Account No. Description,Actual 2021-2022,Original Estimated 2022-2023,Estimated 2023-2024
cols=6,892,2023,58900 Miscellaneous,,,
cols=6,893,2023,309 Contracts with Government Agencies,"12,920","12,920","12,920"
cols=6,894,2023,316 Contributions,"108,000","60,000","65,000"
cols=6,895,2023,320 Dues and Memberships,"17,079","16,100","16,100"
cols=6,896,2023,348 Postal Charges,"42,840","45,000","45,000"
cols=6,897,2023,351 Rentals,40,"2,500","2,500"
cols=6,898,2023,509-DA Refunds,"2,928",0,0
cols=6,899,2023,599 Other Charges,"2,654","2,500","2,500"
cols=6,900,2023,Total Miscellaneous,"186,461","139,020","144,020"
cols=6,901,2023,Total Other General Government,"3,902,133","4,163,274","4,587,617"
cols=6,902,2023,Total Estimated Expenditures,"13,181,996","15,863,678","17,592,557"
cols=6,903,2023,99000 OTHER USES,,,
cols=6,904,2023,91190 Other General Government Projects,,,
cols=6,905,2023,706-DA Building Construction,"67,048",0,0
cols=6,906,2023,Total Estimated General Administration Projects,"67,048",0,0
cols=6,907,2023,99000 ESTIMATED OTHER USES,,,
cols=6,908,2023,99100 Transfers Out,,,
cols=6,909,2023,590 Transfers to Other Funds,"120,672","100,000","100,000"
cols=6,910,2023,Total Estimated Other Uses,"120,672","100,000","100,000"
cols=6,911,2023,Total Estimated Expenditures and other uses,"13,369,716","15,963,678","17,692,557"
cols=6,912,2023,Excess of Estimated Revenue and Other Sources over (under) Estimated Expenditures and Other Uses,"809,869","-2,374,434","-2,676,219"
cols=6,913,2023,Estimated Begin Fund Balance July 1,"5,853,394","6,663,263","6,400,000"
cols=6,914,2023,Estimated Ending Fund Balance June 30,"6,663,263","4,288,829","3,723,781"
cols=6,915,2023,"Statement of Proposed Operations for the Fiscal Year Ending June 30, 2024",,Original,
cols=6,916,2023,Account No Description,Actual 2021-2022,Estimated 2022-2023,Estimated 2023-2024
cols=6,917,2023,ESTIMATED REVENUES,,,
cols=6,918,2023,"42000 FINES, FORFIETURES AND PENALTIES",,,
cols=6,919,2023,42100 Circuit Court,,,
cols=6,920,2023,42140 Drug Control Fines,"3,289","2,500","2,500"
cols=6,921,2023,42300 General Sessions Court,,,
cols=6,922,2023,42340 Drug Control Fines,"4,594","6,000","5,500"
cols=6,923,2023,"Total Fines, Forfeitures and Penalties","7,883","8,500","8,000"
cols=6,924,2023,"42900 OTHER FINES, FORFEITURES AND PENALTIES",,,
cols=6,925,2023,42910 Proceeds from Confiscated Property,"37,514","45,000","45,000"
cols=6,926,2023,"Total Other Fines, Forfeitures, and Penalties","37,514","45,000","45,000"
cols=6,927,2023,44000 OTHER LOCAL REVENUES,,,
cols=6,928,2023,44500 Nonrecurring Items,,,
cols=6,929,2023,44530 Sale of Equipment,"7,800",0,0
cols=6,930,2023,Total Other Local Revenues,"7,800",0,0
cols=6,931,2023,Total Estimated Revenue,"53,197","53,500","53,000"
cols=6,932,2023,49000 ESTIMATED OTHER SOURCES(NON-REVENUE),,,
cols=6,933,2023,49700 Insurance Recovery,0,0,0
cols=6,934,2023,Total Estimated Other Source(Non-Revenue),0,0,0
cols=6,935,2023,Total Estimated Revenues and Other Source,"53,197","53,500","53,000"
cols=6,936,2023,ESTIMATED EXPENDITURES,,,
cols=6,937,2023,54110 SHERIFF'S DEPARTMENT,,,
cols=6,938,2023,599 Other Charges,0,"10,000","10,000"
cols=6,939,2023,716 Law Enforcement Equipment,0,0,0
cols=6,940,2023,718 Motor Vehicles,"96,057","75,000",0
cols=6,941,2023,Total Estimated Expenditures,"96,057","85,000","10,000"
cols=6,942,2023,Excess of Estimated Revenue Over,,,
cols=6,943,2023,(Under) Estimated Expenditures,"-42,860","-31,500","43,000"
cols=6,944,2023,Estimated Beginning Fund Balance July 1,"158,651","115,791","54,000"
cols=6,945,2023,Estimated Ending Fund Balance June 30,"115,791","84,291","97,000"
cols=6,946,2023,"County, Adequate Facilities Tax Fund 125 Statement of Proposed Operations For the Fiscal Year Ending June 30, 2024",,Original,
cols=6,947,2023,Account No. Description,Actual 2021-2022,Estimated 2022-2023,Estimated 2023-2024
cols=6,948,2023,ESTIMATED REVENUES,,,
cols=6,949,2023,40200 COUNTY LOCAL OPTION TAXES,,,
cols=6,950,2023,40285 Adequate Facilities/Development Tax,"294,480","260,000","260,000"
cols=6,951,2023,Total Local Option Taxes,"294,480","260,000","260,000"
cols=6,952,2023,Total Revenues,"294,480","260,000","260,000"
cols=6,953,2023,ESTIMATED EXPENDITURES,,,
cols=6,954,2023,50000 GENERAL COUNTY OPERATIONS,,,
cols=6,955,2023,51730 Building,,,
cols=6,956,2023,509 Refunds,0,0,0
cols=6,957,2023,510 Trustee's Commission,"2,968","2,600","3,000"
cols=6,958,2023,Total Building,"2,968","2,600","3,000"
cols=6,959,2023,90000 CAPITAL PROJECTS,,,
cols=6,960,2023,91300 Educational Capital Project,,,
cols=6,961,2023,799 Other Capital Outlay,0,"150,000",0
cols=6,962,2023,Total Public Safety Projects,0,"150,000",0
cols=6,963,2023,99100 TRANSFERS OUT,,,
cols=6,964,2023,590 Transfers to Other Funds,"280,000","280,000",0
cols=6,965,2023,Total Transfers Out,"280,000","280,000",0
cols=6,966,2023,Total. Estimated Expenditures,"282,968","432,600","3,000"
cols=6,967,2023,Excess of Estimated Revenue and Other,,,
cols=6,968,2023,Sources over/under Estimated Expenditi,"11,512","-172,600","257,000"
cols=6,969,2023,Estimated Beginning Fund Balance July,"902,599","914,111","771,000"
cols=6,970,2023,Estimated Ending Fund Balance June 3(,"914,111","741,511","1,028,000"
cols=6,971,2023,"Statement of Proposed Operations for the Fiscal Year Ending June 30, 2024 Account Nc Description",Actual 2021-2022,Original Estimated 2022-2023,Estimated 2023-2024
cols=6,972,2023,ESTIMATED REVENUES,,,
cols=6,973,2023,44000 OTHER LOCAL REVENUES,,,
cols=6,974,2023,44100 Recurring Items,,,
cols=6,975,2023,44110 Investment Income,383,480,800
cols=6,976,2023,Total Recurring Items,383,480,800
cols=6,977,2023,47000 FEDERAL GOVERNMENT,,,
cols=6,978,2023,47100 Federal Through State,,,
cols=6,979,2023,47406 American Rescue Plan Act Grant#A(Health Dept),0,0,"383,200"
cols=6,980,2023,47406 American Rescue Plan Act Grant#B(TDEC BALU),0,0,"225,000"
cols=6,981,2023,Total Federal Through State Revenue,0,0,"608,200"
cols=6,982,2023,47000 FEDERAL GOVERNMENT,,,
cols=6,983,2023,47600 Direct Federal Revenue,,,
cols=6,984,2023,47902 American Rescue Plan Act Grant#7(SLFRF),"2,445,266","2,445,647",0
cols=6,985,2023,Total Direct Federal Revenue,"2,445,266","2,445,647",0
cols=6,986,2023,Total Estimated Revenue,"2,445,649","2,446,127","609,000"
cols=6,987,2023,ESTIMATED EXPENDITURES,,,
cols=6,988,2023,58837 AMERICAN RESCUE PLAN ACT GRANT#7(SLFRF),,,
cols=6,989,2023,188 Bonus Payments,0,"550,000",0
cols=6,990,2023,201 Social Security,0,"20,000",0
cols=6,991,2023,204 Pensions,0,"25,000",0
cols=6,992,2023,339-TOC Matching Share,0,0,"696,552"
cols=6,993,2023,339-BALU Matching Share,0,0,"75,000"
cols=6,994,2023,713 Highway Construction,0,0,"861,000"
cols=6,995,2023,716 Law Enforcement Equipment,0,0,0
cols=6,996,2023,718-EMS Motor Vehicles,0,0,0
cols=6,997,2023,791-EMS Other Construction,0,0,"1,000,000"
cols=6,998,2023,Total Estimated American Rescue Plan Grant #7,0,"595,000","2,632,552"
cols=6,999,2023,58841 AMERICAN RESCUE PLAN ACT GRANT#A(Health Dept.),,,
cols=6,1000,2023,707 Building Improvements,0,0,"510,900"
cols=6,1001,2023,Total Estimated American Rescue Plan Grant #A,0,0,"510,900"
cols=6,1002,2023,58442 AMERICAN RESCUE PLAN ACT GRANT#B(TDEC BALU),,,
cols=6,1003,2023,399 Other Contracted Services,0,0,"225,000"
cols=7,1004,2023,Account Nc Description,Actual 2021-2022,Estimated 2022-2023,Estimated 2023-2024
cols=7,1005,2023,Total Estimated American Rescue Plan Grant #A,0,0,"225,000"
cols=7,1006,2023,Total Estimated Expenditure,0,"595,000","3,368,452"
cols=7,1007,2023,(Under) Estimated Expenditures,"2,445,649","1,851,127","-2,759,452"
cols=7,1008,2023,Estimated Beginning Fund Balance July 1,0,"2,445,649","4,040,000"
cols=7,1009,2023,Estimated Ending Fund Balance June 30,"2,445,649","4,296,776","1,280,548"
cols=7,1010,2023,Account No. Description,Actual 2021-2022,Original Estimate 2022-2023,Estimate 2023-2024
cols=7,1011,2023,ESTIMATED REVENUES,,,
cols=7,1012,2023,40000 LOCAL TAXES,,,
cols=7,1013,2023,40100 County Property Taxes,,,
cols=7,1014,2023,40110 Current Property Taxes,"303,547","287,493","299,798"
cols=7,1015,2023,40120 Trustee's Collection Prior Year,"6,147","12,930","12,930"
cols=7,1016,2023,40125 Trustee's Collection Bankruptcy,138,0,0
cols=7,1017,2023,40130 Circuit/Clerk & Master Coll Prior Years,"4,110","7,000","7,000"
cols=7,1018,2023,40140 Interest and Penalty,"1,342","2,260","2,260"
cols=7,1019,2023,40161 Payments in Lieu of Taxes TVA,292,350,350
cols=7,1020,2023,40200 County Local Option Taxes,,,
cols=7,1021,2023,40270 Business Tax,"4,277","3,500","3,500"
cols=7,1022,2023,40280 Mineral Severance Tax,"79,656","85,000","85,000"
cols=7,1023,2023,Total Local Taxes,"399,509","398,533","410,838"
cols=7,1024,2023,43100 General Service Charge,,,
cols=7,1025,2023,43102 Other Employee Benefit Charges/Contributions,"5,506",0,0
cols=7,1026,2023,Total General Services Charge,"5,506",0,0
cols=7,1027,2023,43000 CHARGES FOR CURRENT SERVICES,,,
cols=7,1028,2023,43380 Vending Machines Collections,"1,154","2,600","2,600"
cols=7,1029,2023,Total Charges for Current Services,"1,154","2,600","2,600"
cols=7,1030,2023,44000 OTHER LOCAL REVENUES,,,
cols=7,1031,2023,44100 Recurring Items,,,
cols=7,1032,2023,44145 Sale of Recycled Materials,"6,023","5,500","5,500"
cols=7,1033,2023,44170 Miscellaneous Refunds,"27,013",0,0
cols=7,1034,2023,44500 Nonrecurring Items,,,
cols=7,1035,2023,44530 Sale of Equipment,"15,749","150,000","150,000"
cols=7,1036,2023,Total Other Local Revenues,"48,785","155,500","155,500"
cols=7,1037,2023,46000 STATE OF TENNESSEE,,,
cols=7,1038,2023,46400 Public Works Grants,,,
cols=7,1039,2023,46410 Bridge Program,"1,009,632","1,851,368","1,851,368"
cols=7,1040,2023,46420 State Aid Program,"210,072","659,455","1,500,000"
cols=7,1041,2023,46851 State Revenue Sharing TVA,"19,543","22,000","22,000"
cols=7,1042,2023,46920 Gasoline and Motor Fuel Tax,"2,757,736","2,836,818","2,836,818"
cols=7,1043,2023,46930 Petroleum Special Tax,"16,732","19,140","19,140"
cols=7,1044,2023,46980 Other State Grants,0,0,0
cols=7,1045,2023,Total State of Tennessee,"4,013,715","5,388,781","6,229,326"
cols=7,1046,2023,Account No. Description,Actual 2021-2022,Original Estimate 2022-2023,Estimate 2023-2024
cols=7,1047,2023,47000 FEDERAL GOVERNMENT,,,
cols=7,1048,2023,47100 Federal Through State,,,
cols=7,1049,2023,47230 Disaster Relief,"4,893","500,000","500,000"
cols=7,1050,2023,47590 Other Federal through State,"5,935",0,0
cols=7,1051,2023,47600 Direct Federal Revenue,,,
cols=7,1052,2023,47990 Other Direct Federal Revenue,"520,512","800,000","400,000"
cols=7,1053,2023,Total Federal Government,"531,340","1,300,000","900,000"
cols=7,1054,2023,48000 OTHER GOVERNMENTS AND CITIZENS GROUP,,,
cols=7,1055,2023,48100 Other Governments,,,
cols=7,1056,2023,48120 Paving and Maintenance,633,0,0
cols=7,1057,2023,48600 Citizens Groups,,,
cols=7,1058,2023,48610 Donations,0,0,0
cols=7,1059,2023,Total Other Governments,633,0,0
cols=7,1060,2023,Total Estimated Revenue,"5,000,642","7,245,414","7,698,264"
cols=7,1061,2023,49000 OTHER SOURCES (NON-REVENUE),,,
cols=7,1062,2023,49700 Insurance Recovery,0,0,0
cols=7,1063,2023,49800 Transfers In,"20,672",0,"75,000"
cols=7,1064,2023,Total Other Sources (Non-Revenue),"20,672",0,"75,000"
cols=7,1065,2023,Total Estimated Revenues and Other Sources,"5,021,314","7,245,414","7,773,264"
cols=7,1066,2023,ESTIMATED EXPENDITURES,,,
cols=7,1067,2023,61000 ADMINISTRATION,,,
cols=7,1068,2023,101 County Official/Administrative Officer,"90,509","95,035","99,787"
cols=7,1069,2023,103 Assistant(s),0,0,"94,000"
cols=7,1070,2023,106 Deputy,0,0,"40,000"
cols=7,1071,2023,140 Salary Supplement,"2,072","4,500","6,000"
cols=7,1072,2023,161 Secretary,"41,631","43,784",0
cols=7,1073,2023,162 Clerical Personnel,"20,181","30,160",0
cols=7,1074,2023,169 Part-time Personnel,"17,056","21,558","23,000"
cols=7,1075,2023,187 Overtime Pay,"4,884","5,500","8,500"
cols=7,1076,2023,188 Bonus Payment,"1,500",0,0
cols=7,1077,2023,191 Board and Committee Members Fees,"16,400","16,800","16,800"
cols=7,1078,2023,316 Contributions,500,500,500
cols=7,1079,2023,317 Data Processing Services,0,400,400
cols=7,1080,2023,320 Dues and Memberships,"3,875","3,875","3,875"
cols=7,1081,2023,"332 Legal Notices, Recording and Court Costs","1,787","1,000","1,000"
cols=7,1082,2023,348 Postal Charges,0,300,300
cols=7,1083,2023,355 Travel,"1,138","1,500","4,500"
cols=7,1084,2023,399 Other Contracted Services,"7,845","8,500","8,500"
cols=7,1085,2023,435 Office Supplies,257,"1,050","1,050"
cols=7,1086,2023,Account No. Description,Actual 2021-2022,Original Estimate 2022-2023,Estimate 2023-2024
cols=7,1087,2023,508 Premiums on Corporate Surety Bonds,0,"2,000","2,000"
cols=7,1088,2023,524 In-Service/Staff Developement,550,"2,500","3,800"
cols=7,1089,2023,719 Office Equipment,"2,037","5,000","5,000"
cols=7,1090,2023,Total Administration,"212,222","243,962","319,012"
cols=7,1091,2023,62000 HIGHWAY AND BRIDGE MAINTENANCE,,,
cols=7,1092,2023,140 Salary Supplements,"1,500","1,500","1,500"
cols=7,1093,2023,141 Foremen,"229,805","293,761","332,470"
cols=7,1094,2023,143 Equipment Operators,"312,137","375,495","390,000"
cols=7,1095,2023,149 Laborers,"257,344","315,000","426,291"
cols=7,1096,2023,187 Overtime Pay,"48,328","50,000","55,000"
cols=7,1097,2023,188 Bonus Payment,"25,500",0,0
cols=7,1098,2023,323 Explosive and Drilling Services,0,"2,000","2,000"
cols=7,1099,2023,403 Asphalt-Cold Mix,"59,786","100,000","100,000"
cols=7,1100,2023,405 Asphalt-Liquid,"142,527","550,000","900,000"
cols=7,1101,2023,409 Crushed Stone,"368,607","750,000","750,000"
cols=7,1102,2023,426 General Construction Materials,"17,575","25,000","25,000"
cols=7,1103,2023,436 Other Road Supplies,"13,445","55,000","55,000"
cols=7,1104,2023,438 Pipe,"63,075","70,000","70,000"
cols=7,1105,2023,443 Road Signs,"9,547","18,000","18,000"
cols=7,1106,2023,444 Salt,0,"5,000","6,500"
cols=7,1107,2023,446 Small Tools,"4,743","5,000","5,000"
cols=7,1108,2023,455 Wood Products,0,"5,000","5,000"
cols=7,1109,2023,468 Chemical,"4,800","10,000","8,550"
cols=7,1110,2023,Total Highway and Bridge Maintenance,"1,558,719","2,630,756","3,150,311"
cols=7,1111,2023,63100 OPERATION AND MAINTENANCE OF EQUIPMENT,,,
cols=7,1112,2023,141 Foremen,"39,938","42,176","48,000"
cols=7,1113,2023,142 Mechanic(s),"31,463","32,760","38,000"
cols=7,1114,2023,187 Overtime Pay,"5,573","5,000","5,000"
cols=7,1115,2023,188 Bonus Payments,"2,000",0,0
cols=7,1116,2023,329 Laundry Services,"11,355","12,000","12,000"
cols=7,1117,2023,412 Diesel Fuel,"185,262","200,000","250,000"
cols=7,1118,2023,418 Equipment and Machinery Parts,"113,530","150,000","150,000"
cols=7,1119,2023,424 Garage Supplies,"31,556","75,000","75,000"
cols=7,1120,2023,425 Gasoline,"34,693","45,000","45,000"
cols=7,1121,2023,433 Lubricants,"13,183","25,000","25,000"
cols=7,1122,2023,450 Tires and Tubes,"44,293","75,000","75,000"
cols=7,1123,2023,599 Other Charges,"3,103","1,500","1,500"
cols=7,1124,2023,Total Operation and Maintenance of Equip,"515,949","663,436","724,500"
cols=7,1125,2023,65000 OTHER CHARGES,,,
cols=7,1126,2023,307 Communication,"4,858","7,500","7,500"
cols=7,1127,2023,331 Legal Services,150,"3,500","3,500"
cols=7,1128,2023,415 Electricity,"4,432","8,000","8,000"
cols=7,1129,2023,454 Water and Sewer,"4,454","6,500","6,500"
cols=7,1130,2023,505 Judgments,0,0,0
cols=7,1131,2023,Account No. Description,Actual 2021-2022,Original Estimate 2022-2023,Estimate 2023-2024
cols=7,1132,2023,506 Liability Insurance,"50,765","60,000","65,000"
cols=7,1133,2023,510 Trustees Commission,"35,138","35,000","35,000"
cols=7,1134,2023,Total Other Charges,"99,797","120,500","125,500"
cols=7,1135,2023,66000 EMPLOYEE BENEFITS,,,
cols=7,1136,2023,201 Social Security,"83,230","114,600","114,600"
cols=7,1137,2023,204 State Retirement,"116,700","145,000","145,000"
cols=7,1138,2023,205 Employee and Dependent Insurance,"355,561","506,375","550,000"
cols=7,1139,2023,210 Unemployment Compensation,"6,688","17,000","17,000"
cols=7,1140,2023,513 Worker's Compensation Insurance,"109,563","146,735","152,000"
cols=7,1141,2023,599 Other Charges,"1,205","7,500","7,500"
cols=7,1142,2023,Total Employees Benefits,"672,947","937,210","986,100"
cols=7,1143,2023,68000 CAPITAL OUTLAY,,,
cols=7,1144,2023,705 Bridge Construction,"1,244,790","1,600,000","1,600,000"
cols=7,1145,2023,708 Communication Equipment,0,"4,000","4,000"
cols=7,1146,2023,713 Highway Construction,"433,695","750,000","1,500,000"
cols=7,1147,2023,714 Highway Equipment,0,"100,000","100,000"
cols=7,1148,2023,718 Motor Vehicles,"8,300","35,000","39,000"
cols=7,1149,2023,791 Other Construction,"24,702","15,000","15,000"
cols=7,1150,2023,Total Capital Outlay,"1,711,487","2,504,000","3,258,000"
cols=7,1151,2023,Total Estimated Expenditures,"4,771,121","7,099,864","8,563,423"
cols=7,1152,2023,99000 OTHER USES,,,
cols=7,1153,2023,99100 Transfers Out,,,
cols=7,1154,2023,590 Transfers to Other Funds,"121,087","143,655","143,655"
cols=7,1155,2023,Total Other Uses,"121,087","143,655","143,655"
cols=7,1156,2023,Total Estimated Expenditures and Other Uses,"4,892,208","7,243,519","8,707,078"
cols=7,1157,2023,Excess of Estimated Revenue Over (Under),,,
cols=7,1158,2023,Estimated Expenditures and Other Uses,"129,106","1,895","-933,814"
cols=7,1159,2023,Estimated Beginning Fund Balance July 1,"1,857,070","1,986,176","2,100,000"
cols=7,1160,2023,Fund Balance Audit Adjustment,,,
cols=7,1161,2023,Estimated Ending Fund Balance June 30,"1,986,176","1,988,071","1,166,186"
cols=6,1162,2023,Account No. Description,Actual 2021-2022,Original Estimate 2022-2023,Estimate 2023-2024
cols=6,1163,2023,ESTIMATED REVENUES,,,
cols=6,1164,2023,40000 Local Taxes,,,
cols=6,1165,2023,40100 County Property Taxes,,,
cols=6,1166,2023,40110 Current Property Taxes,"3,121,833","2,953,480","2,974,879"
cols=6,1167,2023,40120 Trustee's Collection - Prior Year,"70,762","80,000","65,000"
cols=6,1168,2023,40125 Trustee's Collection - Bankruptcy,"1,595",0,500
cols=6,1169,2023,40130 Circuit/Clerk & Master Collections - Prior Years,"46,819","45,000","47,000"
cols=6,1170,2023,40140 Interest and Penalty,"14,851","21,000","15,000"
cols=6,1171,2023,40161 Payments in Lieu of Taxes - TVA,"3,036","4,000","4,000"
cols=6,1172,2023,40162 Payments in Lieu of Taxes - Local Utilities,"6,000","6,000","6,000"
cols=6,1173,2023,40200 County Local Option Taxes,,,
cols=6,1174,2023,40210 Local Option Sales Tax,"2,656,898","2,350,000","2,455,008"
cols=6,1175,2023,40270 Business Tax,"44,015","30,000","35,000"
cols=6,1176,2023,40300 Statutory Local Taxes,,,
cols=6,1177,2023,40320 Bank Excise Tax,0,0,0
cols=6,1178,2023,40350 Interstate Telecommunication Tax,0,0,0
cols=6,1179,2023,Total Local Taxes,"5,965,809","5,489,480","5,602,387"
cols=6,1180,2023,41000 Licenses and Permits,,,
cols=6,1181,2023,41100 Licenses,,,
cols=6,1182,2023,41110 Marriage Licenses,"1,188","1,300","1,300"
cols=6,1183,2023,Total Licenses and Permits,"1,188","1,300","1,300"
cols=6,1184,2023,43000 Charges for Current Services,,,
cols=6,1185,2023,43500 Education Charges,,,
cols=6,1186,2023,43517 Tuition - Other,"2,900","2,000","2,000"
cols=6,1187,2023,43570 Receipts from Individual Schools,"2,669","30,000","30,000"
cols=6,1188,2023,43582 Community Service Fees Adults,150,200,200
cols=6,1189,2023,Total Charges for Current Services,"5,719","32,200","32,200"
cols=6,1190,2023,44000 Other Local Revenues,,,
cols=6,1191,2023,44100 Recurring Items,,,
cols=6,1192,2023,44110 Investment Income,"-420,219",0,0
cols=6,1193,2023,44120 Lease/Rentals,"10,602","10,000","10,000"
cols=6,1194,2023,44170 Miscellaneous Refunds,"44,381","30,000","30,000"
cols=6,1195,2023,44500 Nonrecurring Items,,,
cols=6,1196,2023,44530 Sale of Equipment,"11,729","15,000","15,000"
cols=6,1197,2023,44560 Damages Recovered from Individuals,866,"3,000","3,000"
cols=6,1198,2023,44570 Contributions and Gifts,"18,361","15,000","15,000"
cols=6,1199,2023,44990 Other Local Revenues,0,0,0
cols=7,1200,2023,Account No. Description,Actual 2021-2022,Original Estimate 2022-2023,Estimate 2023-2024
cols=7,1201,2023,Total Other Local Revenues,"-334,280","73,000","73,000"
cols=7,1202,2023,Total Local Revenue,"5,638,436","5,595,980","5,708,887"
cols=7,1203,2023,46000 State of Tennessee,,,
cols=7,1204,2023,46175 On-Behalf Contributions for OPEB,"62,048","35,000","35,000"
cols=7,1205,2023,46500 State Education Funds,,,
cols=7,1206,2023,46510 Tennessee Investment in Student Achievement,0,0,"23,886,562"
cols=7,1207,2023,46511 Basic Education Program,"23,020,520","23,031,000",0
cols=7,1208,2023,46515 Early Childhood Education,"417,796","417,796","417,796"
cols=7,1209,2023,46520 School Food Service,"19,518","22,000","22,000"
cols=7,1210,2023,46550 Driver Education,434,"5,000","5,000"
cols=7,1211,2023,46590 Other State Education Funds,"296,413","240,000","240,000"
cols=7,1212,2023,46591 Coordinated School Health,"90,000","90,000",0
cols=7,1213,2023,46594 Family Resource Centers,"59,223","59,223",0
cols=7,1214,2023,46610 Career Ladder Program,"55,436","45,000","45,000"
cols=7,1215,2023,46800 Other State Revenues,,,
cols=7,1216,2023,46851 State Revenue Sharing - TVA,"201,011","240,000","230,000"
cols=7,1217,2023,46980 Other State Grants,"271,914",0,0
cols=7,1218,2023,46981 Safe Schools,"85,904","86,560",0
cols=7,1219,2023,46990 Other State Revenues,0,"15,000",0
cols=7,1220,2023,Total State of Tennessee,"24,580,217","24,286,579","24,881,358"
cols=7,1221,2023,47000 Federal Government,,,
cols=7,1222,2023,47100 Federal Through State,,,
cols=7,1223,2023,47590 Other Federal Through State,"117,378",0,0
cols=7,1224,2023,47600 Direct Federal Revenue,,,
cols=7,1225,2023,47640 ROTC Reimbursement,"71,503","70,000","70,000"
cols=7,1226,2023,Total Federal Government,"188,881","70,000","70,000"
cols=7,1227,2023,48000 Other Governments and Citizens Groups,,,
cols=7,1228,2023,48610 Donations,0,0,0
cols=7,1229,2023,48990 Other,"64,956","50,000","258,804"
cols=7,1230,2023,Total Other Governments and Citizens Groups,"64,956","50,000","258,804"
cols=7,1231,2023,Total Estimated Revenues,"30,472,490","30,002,559","30,919,049"
cols=7,1232,2023,49000 OTHER SOURCES (NON-REVENUE),,,
cols=7,1233,2023,49700 Insurance Recovery,0,"10,000","10,000"
cols=7,1234,2023,49800 Transfers In,"3,536","25,000","25,000"
cols=7,1235,2023,Total Other Sources,"3,536","35,000","35,000"
cols=7,1236,2023,Total Estimated Revenues & Other Sources,"30,476,026","30,037,559","30,954,049"
cols=6,1237,2023,Account No. Description,Actual 2021-2022,Original Estimate 2022-2023,Estimate 2023-2024
cols=6,1238,2023,ESTIMATED EXPENDITURES,,,
cols=6,1239,2023,71000 Instruction,,,
cols=6,1240,2023,71100 Regular Instruction Program,,,
cols=6,1241,2023,116 Teachers,"9,012,167","9,840,000","10,065,910"
cols=6,1242,2023,117 Career Ladder Program,"44,755","50,000","45,000"
cols=6,1243,2023,128 Homebound Teachers,0,"12,000","10,797"
cols=6,1244,2023,140 Salary Supplements,"320,219","335,602","414,200"
cols=6,1245,2023,163 Educational Assistants,"350,924","324,240","402,000"
cols=6,1246,2023,189 Other Salaries and Wages,"384,947","412,120","405,000"
cols=6,1247,2023,198 Non-Certified Substitute Teachers,"149,459","185,000","185,000"
cols=6,1248,2023,201 Social Security,"757,909","853,661","1,095,393"
cols=6,1249,2023,204 State Retirement,"839,112","1,000,000","972,254"
cols=6,1250,2023,207 Medical Insurance,"1,384,595","1,870,840","2,270,840"
cols=6,1251,2023,215 On-behalf Payments to OPEB,"19,011",0,0
cols=6,1252,2023,336 Maint and Repair Service - Equipment,"16,000","16,000","16,000"
cols=6,1253,2023,399 Other Contracted Services,"50,747","85,000","85,000"
cols=6,1254,2023,429 Instructional Supplies and Materials,"145,797","125,000","125,000"
cols=6,1255,2023,449 Textbooks,"17,743","100,000","175,000"
cols=6,1256,2023,499 Other Supplies and Materials,"21,039","10,000","10,000"
cols=6,1257,2023,599 Other Charges,"2,337",0,0
cols=6,1258,2023,722 Regular Instructional Equipment,"84,673","100,000","100,000"
cols=6,1259,2023,Total Instructional Program,"13,601,434","15,319,463","16,377,394"
cols=6,1260,2023,71150 Alternative Instruction Program,,,
cols=6,1261,2023,116 Teachers,"103,355","150,000","190,000"
cols=6,1262,2023,163 Educational Assistants,"18,371","20,535","22,900"
cols=6,1263,2023,201 Social Security,"8,955","13,046","16,287"
cols=6,1264,2023,204 State Retirement,"10,519","17,906","19,811"
cols=6,1265,2023,207 Medical Insurance,"13,800","31,600","33,812"
cols=6,1266,2023,355 Travel,0,"2,500","3,000"
cols=6,1267,2023,429 Instructional Supplies and Materials,313,"1,000","1,500"
cols=6,1268,2023,499 Other Supplies and Materials,"1,044","1,500","1,500"
cols=6,1269,2023,Total Alternative Schools,"156,357","238,087","288,810"
cols=6,1270,2023,71200 Special Education Program,,,
cols=6,1271,2023,116 Teachers,"1,595,917","1,695,000","1,908,233"
cols=6,1272,2023,124 Psychological Personnel,"64,000","68,000","77,203"
cols=6,1273,2023,128 Homebound Teachers,"1,348","24,175","15,000"
cols=6,1274,2023,163 Educational Assistants,"285,263","342,768","406,000"
cols=6,1275,2023,171 Speech Pathologist,"184,212","225,858","260,000"
cols=6,1276,2023,201 Social Security,"156,277","180,219","201,971"
cols=6,1277,2023,204 State Retirement,"207,500","216,805","237,779"
cols=6,1278,2023,207 Medical Insurance,"308,625","336,192","359,725"
cols=6,1279,2023,399 Other Contracted Services,"219,289","240,000","250,000"
cols=6,1280,2023,499 Other Supplies and Materials,0,0,"5,000"
cols=6,1281,2023,Total Special Educational Program,"3,022,431","3,329,017","3,720,911"
cols=6,1282,2023,Account No. Description,Actual 2021-2022,Original Estimate 2022-2023,Estimate 2023-2024
cols=6,1283,2023,71300 Career and Technical Education Program,,,
cols=6,1284,2023,116 Teachers,"698,231","770,000","862,530"
cols=6,1285,2023,140 Supplements,"12,000","12,000","12,000"
cols=6,1286,2023,189 Other Salaries and Wages,0,0,"14,000"
cols=6,1287,2023,198 Non-Certified Substitute Teachers,"15,000","20,000","20,000"
cols=6,1288,2023,201 Social Security,"53,880","61,353","68,992"
cols=6,1289,2023,204 State Retirement,"72,684","70,380","75,277"
cols=6,1290,2023,207 Medical Insurance,"101,032","106,111","121,439"
cols=6,1291,2023,307 Communications,0,0,"15,000"
cols=6,1292,2023,355 Travel,0,0,"5,500"
cols=6,1293,2023,399 Other Contracted Services,"10,720","15,000","20,000"
cols=6,1294,2023,429 Instructional Supplies and Materials,0,0,"15,500"
cols=6,1295,2023,449 Text Books,"4,150","75,000","7,000"
cols=6,1296,2023,499 Other Supplies and Materials,"36,428","20,000","48,000"
cols=6,1297,2023,524 Inservice,0,0,"3,000"
cols=6,1298,2023,599 Other Charges,0,0,"9,000"
cols=6,1299,2023,730 Vocational Instruction Equipment,"47,527","30,000","30,000"
cols=6,1300,2023,790 Vocational Other Equipment,0,0,"10,000"
cols=6,1301,2023,Total Vocational Education Program,"1,051,652","1,179,844","1,337,238"
cols=6,1302,2023,Total Instruction,"17,831,874","20,066,411","21,724,353"
cols=6,1303,2023,72000 Support Services,,,
cols=6,1304,2023,72110 Attendance,,,
cols=6,1305,2023,105 Supervisor/Director,"19,120","79,240","85,000"
cols=6,1306,2023,189 Other Salaries & Wages,"31,894","34,150","36,857"
cols=6,1307,2023,201 Social Security,"3,884","8,674","9,218"
cols=6,1308,2023,204 State Retirement,"5,780","11,339","8,312"
cols=6,1309,2023,207 Medical Insurance,"11,208","16,116","17,244"
cols=6,1310,2023,355 Travel,"1,723","3,000","3,000"
cols=6,1311,2023,399 Other Contracted Services,"8,873","20,000","20,000"
cols=6,1312,2023,499 Other Supplies and Materials,896,"2,000","3,000"
cols=6,1313,2023,524 In Service/Staff Development,0,"1,000","1,000"
cols=6,1314,2023,719 Office Equipment,0,"5,000","6,000"
cols=6,1315,2023,Total Attendance,"83,378","180,519","189,631"
cols=6,1316,2023,72120 Health Services,,,
cols=6,1317,2023,105 Supervisor/Director,0,0,"71,000"
cols=6,1318,2023,131 Medical Personnel,"157,708","134,462","360,000"
cols=6,1319,2023,189 Other Salaries & Wages,"106,672","120,000","56,000"
cols=6,1320,2023,201 Social security,"19,583","19,467","37,248"
cols=6,1321,2023,204 State Retirement,"24,672","28,111","47,354"
cols=6,1322,2023,207 Medical Insurance,"35,212","50,082","53,588"
cols=6,1323,2023,355 Travel,"5,709","5,000","5,000"
cols=6,1324,2023,399 Other Contracted Services,"3,744","4,000","6,000"
cols=6,1325,2023,413 Drugs and Medical Supplies,"4,199","4,500","5,500"
cols=6,1326,2023,Account No. Description,Actual 2021-2022,Original Estimate 2022-2023,Estimate 2023-2024
cols=6,1327,2023,499 Other Supplies and Materials,"2,733","3,000","3,500"
cols=6,1328,2023,524 Inservice,394,"3,000","5,000"
cols=6,1329,2023,599 Other Charges,"1,959","9,100","5,000"
cols=6,1330,2023,735 Health Equipment,"6,342","10,000","5,500"
cols=6,1331,2023,Total Health Service,"368,927","390,722","660,690"
cols=6,1332,2023,72130 Other Student Support,,,
cols=6,1333,2023,123 Guidance Personnel,"555,374","620,149","667,000"
cols=6,1334,2023,189 Other Salaries and Wages,"82,560","85,440","96,184"
cols=6,1335,2023,201 Social Security,"47,368","53,978","57,566"
cols=6,1336,2023,204 State Retirement,"63,325","70,559","57,650"
cols=6,1337,2023,207 Medical Insurance,"66,950","68,289","78,790"
cols=6,1338,2023,322 Evaluating and Testing,"20,393","40,000","40,000"
cols=6,1339,2023,344 Payments to Schools - Other,"80,000","80,000","80,000"
cols=6,1340,2023,355 Travel,"1,851","5,000","5,000"
cols=6,1341,2023,399 Other Contracted Services,"16,900","25,000","25,000"
cols=6,1342,2023,499 Other Supplies and Materials,"4,000","4,000","4,000"
cols=6,1343,2023,524 Inservice,310,"3,000","3,000"
cols=6,1344,2023,599 Other Charges,0,0,"10,000"
cols=6,1345,2023,Total Other Student Support,"939,031","1,055,415","1,124,190"
cols=6,1346,2023,72210 Regular Instruction Program,,,
cols=6,1347,2023,105 Supervisor/Director,"65,583","79,600","45,100"
cols=6,1348,2023,129 Librarians,"410,738","451,973","475,000"
cols=6,1349,2023,161 Secretary(s),"185,699","216,160","220,000"
cols=6,1350,2023,162 Clerical Personnel,"189,816","216,160","255,000"
cols=6,1351,2023,189 Other Salaries and Wages,"20,138","19,500","20,000"
cols=6,1352,2023,201 Social Security,"61,595","75,230","78,803"
cols=6,1353,2023,204 State Retirement,"91,295","98,339","103,692"
cols=6,1354,2023,207 Medical Insurance,"153,078","165,995","177,615"
cols=6,1355,2023,336 Maint and Repair Services - Equipment,0,"4,000","4,000"
cols=6,1356,2023,355 Travel,"1,796","5,000","5,000"
cols=6,1357,2023,399 Other Contracted Services,"15,008","16,000","16,000"
cols=6,1358,2023,432 Library Books and Media,0,"8,000","8,000"
cols=6,1359,2023,499 Other Supplies and Materials,301,"4,000","6,000"
cols=6,1360,2023,524 In-Service/Staff Development,276,"2,000","2,000"
cols=6,1361,2023,722 Regular Instruction Equipment,0,"10,000","10,000"
cols=6,1362,2023,790 Other Equipment,"49,477","50,000","50,000"
cols=6,1363,2023,Total Regular Instruction Program,"1,244,800","1,421,957","1,476,210"
cols=6,1364,2023,72220 Special Education Program,,,
cols=6,1365,2023,105 Supervisor/Director,"67,859","76,000","84,088"
cols=6,1366,2023,189 Other Salaries and Wages,0,"5,000","5,000"
cols=6,1367,2023,196 In-Service Training,594,"2,000","2,000"
cols=6,1368,2023,201 Social Security,"4,870","6,350","6,968"
cols=6,1369,2023,204 State Retirement,"7,597","8,300","7,742"
cols=6,1370,2023,207 Medical Insurance,"7,900","7,900","8,100"
cols=6,1371,2023,Account No. Description,Actual 2021-2022,Original Estimate 2022-2023,Estimate 2023-2024
cols=6,1372,2023,336 Maint and Repair Services - Equipment,"1,057","5,000","5,000"
cols=6,1373,2023,355 Travel,"6,368","7,500","7,500"
cols=6,1374,2023,524 In-Service Training,0,"7,000","7,000"
cols=6,1375,2023,Total Special Education Program,"96,245","125,050","133,398"
cols=6,1376,2023,72230 Career and Technical Education Program,,,
cols=6,1377,2023,105 Supervisor/Director,"90,112","83,960","173,500"
cols=6,1378,2023,189 Other Salaries and Wages,"1,082",0,"2,000"
cols=6,1379,2023,201 Social Security,"6,361","6,423","13,426"
cols=6,1380,2023,204 State Retirement,"8,376","8,396","7,531"
cols=6,1381,2023,207 Medical Insurance,"7,812","7,900","8,100"
cols=6,1382,2023,336 Maint and Repair Services - Equipment,"1,200","3,000","3,000"
cols=6,1383,2023,355 Travel,"1,871","2,000","2,000"
cols=6,1384,2023,499 Other Supplies and Materials,"2,986","3,000","3,000"
cols=6,1385,2023,Total Vocational Education Program,"119,800","114,679","212,557"
cols=6,1386,2023,72250 Technology,,,
cols=6,1387,2023,105 Supervisor,"63,788","68,300","73,713"
cols=6,1388,2023,189 Other Salaries and Wages,"4,622","10,000","10,000"
cols=6,1389,2023,201 Social Security,"4,973","5,990","6,197"
cols=6,1390,2023,204 State Retirement,"7,546","8,636","9,582"
cols=6,1391,2023,207 Medical Insurance,"7,900","7,900","8,100"
cols=6,1392,2023,336 Maint and Repair Services - Equipment,"3,030","10,000","10,000"
cols=6,1393,2023,350 Internet Connectivity,"92,786","100,000","105,000"
cols=6,1394,2023,355 Travel,315,"2,000","2,000"
cols=6,1395,2023,399 Other Contracted Services,"73,047","100,000","105,000"
cols=6,1396,2023,499 Other Supplies and Materials,672,"2,000","2,000"
cols=6,1397,2023,722 Regular Instruction Equipment,"40,299","197,000","120,000"
cols=6,1398,2023,Total Technology,"298,978","511,826","451,592"
cols=6,1399,2023,72290 Other Programs,,,
cols=6,1400,2023,215 On-Behalf Payments for OPEB,"62,048","35,000","35,000"
cols=6,1401,2023,Total Other Programs,"62,048","35,000","35,000"
cols=6,1402,2023,72310 Board of Education,,,
cols=6,1403,2023,191 Board and Committee Members Fees,"6,986","13,000","16,800"
cols=6,1404,2023,196 In-Service Training,"5,316","12,000","12,000"
cols=6,1405,2023,201 Social Security,494,"1,913","2,203"
cols=6,1406,2023,305 Audit Services,"27,500","35,000","35,000"
cols=6,1407,2023,320 Dues and Memberships,"26,482","32,000","32,000"
cols=6,1408,2023,331 Legal Services,"39,489","40,000","40,000"
cols=6,1409,2023,355 Travel,0,0,"5,000"
cols=6,1410,2023,399 Other Contracted Services,"2,447","5,000","17,000"
cols=6,1411,2023,506 Liability Insurance,"74,292","145,000","150,000"
cols=6,1412,2023,510 Trustees Commission,"130,500","140,000","140,000"
cols=6,1413,2023,513 Workers Compensation Insurance,"156,390","250,000","250,000"
cols=6,1414,2023,Account No. Description,Actual 2021-2022,Original Estimate 2022-2023,Estimate 2023-2024
cols=6,1415,2023,534 Refund to Applicant for Criminal Investigation,0,"1,000","6,200"
cols=6,1416,2023,599 Other Charges,"7,180","10,000","10,000"
cols=6,1417,2023,Total Board of Education,"477,076","684,913","716,203"
cols=6,1418,2023,72320 Director of Schools,,,
cols=6,1419,2023,101 County Official/Administrative Officer,"113,000","115,000","125,000"
cols=6,1420,2023,117 Career Ladder Program,"1,000","1,000","1,000"
cols=6,1421,2023,161 Secretary(s),"87,895","96,800","108,000"
cols=6,1422,2023,201 Social Security,"15,154","16,279","17,901"
cols=6,1423,2023,204 State Retirement,"21,231","23,472","24,037"
cols=6,1424,2023,207 Medical Insurance,"11,900","12,502","14,000"
cols=6,1425,2023,307 Communication,"2,761","3,000","3,000"
cols=6,1426,2023,336 Maint and Repair Services - Equipment,"10,119","20,000","20,000"
cols=6,1427,2023,348 Postal Charges,0,"1,000","1,000"
cols=6,1428,2023,355 Travel,"2,509","3,400","3,400"
cols=6,1429,2023,399 Other Contracted Service,"3,710","5,000","5,000"
cols=6,1430,2023,435 Office Supplies,925,"2,500","2,500"
cols=6,1431,2023,499 Other Supplies and Materials,"3,328","3,500","3,500"
cols=6,1432,2023,599 Other Charges,"13,008",0,0
cols=6,1433,2023,Total Office of the Superintendent,"286,540","303,453","328,338"
cols=6,1434,2023,72410 Office of the Principal,,,
cols=6,1435,2023,104 Principals,"651,529","750,000","780,000"
cols=6,1436,2023,139 Assistant Principals,"498,890","525,000","570,000"
cols=6,1437,2023,189 Other Salaries and Wages,"67,692","90,000","96,184"
cols=6,1438,2023,201 Social Security,"90,983","104,423","110,504"
cols=6,1439,2023,204 State Retirement,"126,257","136,500","125,892"
cols=6,1440,2023,207 Medical Insurance,"103,508","148,696","158,612"
cols=6,1441,2023,348 Postal Charges,"1,600","1,600","1,600"
cols=6,1442,2023,355 Travel,"3,600","3,600","3,600"
cols=6,1443,2023,399 Other Contracted Services,"133,133","164,000","168,000"
cols=6,1444,2023,701 Administration Equipment,0,0,0
cols=6,1445,2023,Total Office of the Principal,"1,677,192","1,923,819","2,014,392"
cols=6,1446,2023,72510 Fiscal Services,,,
cols=6,1447,2023,399 Other Contracted Services,"45,000","50,000","50,000"
cols=6,1448,2023,Total Fiscal Services,"45,000","50,000","50,000"
cols=6,1449,2023,72610 Operation of Plant,,,
cols=6,1450,2023,307 Communication,"45,012","50,000","50,000"
cols=6,1451,2023,399 Other Contracted Services,"593,641","750,000","775,000"
cols=6,1452,2023,410 Custodial Supplies,"30,860","35,000","38,500"
cols=6,1453,2023,415 Electricity,"796,499","950,000","975,000"
cols=6,1454,2023,434 Natural Gas,"105,537","200,000","200,000"
cols=6,1455,2023,454 Water and Sewer,"239,569","245,000","315,000"
cols=6,1456,2023,499 Other Supplies and Materials,"1,360","3,500","3,500"
cols=6,1457,2023,Account No. Description,Actual 2021-2022,Original Estimate 2022-2023,Estimate 2023-2024
cols=6,1458,2023,501 Boiler Insurance,"7,105","10,000","10,000"
cols=6,1459,2023,502 Building and Contents Insurance,"167,486","190,000","200,000"
cols=6,1460,2023,720 Plant Operation Equipment,"54,625",0,0
cols=6,1461,2023,Total Operation of Plant,"2,041,694","2,433,500","2,567,000"
cols=6,1462,2023,72620 Maintenance of Plant,,,
cols=6,1463,2023,105 Supervisor/Director,"63,788","68,300","73,713"
cols=6,1464,2023,161 Secretary(s),"11,500","12,429","13,489"
cols=6,1465,2023,189 Other Salaries and Wages,"176,153","240,000","270,000"
cols=6,1466,2023,201 Social Security,"17,217","24,536","27,275"
cols=6,1467,2023,204 State Retirement,"27,059","35,376","42,214"
cols=6,1468,2023,207 Medical Insurance,"41,324","44,829","47,967"
cols=6,1469,2023,335 Maint & Repair Services - Building,"193,673","316,000","347,600"
cols=6,1470,2023,336 Maint & Repair Services - Equipment,"216,977","240,000","264,000"
cols=6,1471,2023,355 Travel,"4,536","5,000","5,000"
cols=6,1472,2023,399 Other Contracted Services,"170,599","210,000","231,000"
cols=6,1473,2023,418 Equipment and Machinery Parts,"6,347","7,000","10,000"
cols=6,1474,2023,499 Other Supplies and Materials,0,"1,000","1,000"
cols=6,1475,2023,701 Administrative Equipment,0,"110,000",0
cols=6,1476,2023,707 Building Improvements,0,"109,600",0
cols=6,1477,2023,717 Maintenance Equipment,0,0,0
cols=6,1478,2023,718 Motor Vehicles,"40,000",0,0
cols=6,1479,2023,Total Maintenance of Plant,"969,173","1,424,070","1,333,258"
cols=6,1480,2023,72710 Transportation,,,
cols=6,1481,2023,105 Supervisor/Director,"60,750","65,000","70,203"
cols=6,1482,2023,142 Mechanic(s),"78,218","130,138","140,000"
cols=6,1483,2023,146 Bus Drivers,"628,911","730,000","790,000"
cols=6,1484,2023,161 Secretary(s),"11,862","12,970","13,489"
cols=6,1485,2023,189 Other Salaries and Wages,"3,368",0,0
cols=6,1486,2023,201 Social Security,"57,198","71,765","76,612"
cols=6,1487,2023,204 State Retirement,"96,656","103,473","91,000"
cols=6,1488,2023,207 Medical Insurance,"89,624","142,576","113,000"
cols=6,1489,2023,299 Other Fringe Benefits,"10,565","37,500","37,500"
cols=6,1490,2023,335 Maintenance and Repair Services - Building,0,"5,000","5,000"
cols=6,1491,2023,338 Maintenance and Repair Services - Vehicles,"14,013","30,000","30,000"
cols=6,1492,2023,355 Travel,171,"2,500","3,000"
cols=6,1493,2023,399 Other Contracted Services,"38,585","55,000","60,000"
cols=6,1494,2023,412 Diesel Fuel,"156,542","250,000","220,000"
cols=6,1495,2023,418 Equipment and Machinery Parts,0,"2,000","2,000"
cols=6,1496,2023,424 Garage Supplies,"2,386","3,500","4,000"
cols=6,1497,2023,425 Gasoline,"39,916","45,000","45,000"
cols=6,1498,2023,433 Lubricants,"3,787","12,000","12,000"
cols=6,1499,2023,442 Propane,"47,887","75,000","75,000"
cols=6,1500,2023,450 Tires and Tubes,"8,123","30,000","30,000"
cols=6,1501,2023,453 Vehicles Parts,"46,815","120,000","115,000"
cols=6,1502,2023,511 Vehicle and Equipment Insurance,"43,352","50,000","50,000"
cols=6,1503,2023,Account No. Description,Actual 2021-2022,Original Estimate 2022-2023,Estimate 2023-2024
cols=6,1504,2023,599 Other Charges,0,"5,000","5,000"
cols=6,1505,2023,718 Motor Vehicles,"40,000","55,000","80,000"
cols=6,1506,2023,729 Transportation Equipment,"477,556","372,000","478,500"
cols=6,1507,2023,790 Other Equipment,"19,394",0,0
cols=6,1508,2023,Total Transportation,"1,975,679","2,405,422","2,546,304"
cols=6,1509,2023,72810 Central and Other,,,
cols=6,1510,2023,201 Social Security,124,383,383
cols=6,1511,2023,210 Unemployment Compensation,"5,513","35,000","35,000"
cols=6,1512,2023,299 Other Fringe Benefits,"1,677","5,000","5,000"
cols=6,1513,2023,316 Contributions,"140,000","152,500","152,500"
cols=6,1514,2023,399 Other Contracted Services,"10,935","35,000","35,000"
cols=6,1515,2023,499 Other Supplies and Materials,"20,062","30,000","30,000"
cols=6,1516,2023,599 Other Charges,"1,200",0,"148,980"
cols=6,1517,2023,Total Central and Other,"179,511","257,883","406,863"
cols=6,1518,2023,Total Support Services,"10,865,072","13,318,228","14,245,626"
cols=6,1519,2023,73000 Operation of Non-Instructional Services,,,
cols=6,1520,2023,73100 Food Service,,,
cols=6,1521,2023,105 Supervisor/Director,"22,000","32,500","36,000"
cols=6,1522,2023,165 Cafeteria Personnel,"21,600",0,0
cols=6,1523,2023,201 Social Security,"3,335","2,486","2,754"
cols=6,1524,2023,204 State Retirement,"4,808","3,585","4,262"
cols=6,1525,2023,422 Food Supplies,"16,246",0,0
cols=6,1526,2023,Total Food Service,"67,989","38,571","43,016"
cols=6,1527,2023,73300 Community Services,,,
cols=6,1528,2023,105 Supervisor/Director,"31,894","34,150","36,900"
cols=6,1529,2023,189 Other Salaries and Wages,"58,075","62,667","68,000"
cols=6,1530,2023,201 Social security,"6,768","7,406","8,025"
cols=6,1531,2023,204 State Retirement,"9,683","10,679","12,420"
cols=6,1532,2023,207 Medical Insurance,"15,624","18,911","19,289"
cols=6,1533,2023,499 Other Supplies and Materials,"5,000","5,000","5,000"
cols=6,1534,2023,719 Office Equipment,300,"5,000","5,000"
cols=6,1535,2023,Total Community Services,"127,344","143,813","154,634"
cols=6,1536,2023,73400 Early Childhood Education,,,
cols=6,1537,2023,105 Supervisor/Director,"40,720","42,100","45,100"
cols=6,1538,2023,116 Teachers,"135,900","205,805","218,000"
cols=6,1539,2023,163 Educational Assistants,"62,381","74,791","80,000"
cols=6,1540,2023,189 Other Salaries and Wages,"10,293","12,000","12,000"
cols=6,1541,2023,198 Non-Certified Substitute Teachers,640,"5,000","5,000"
cols=6,1542,2023,201 Social Security,"18,719","25,604","27,548"
cols=6,1543,2023,204 Retirement,"31,541","36,917","32,000"
cols=6,1544,2023,Account No. Description,Actual 2021-2022,Original Estimate 2022-2023,Estimate 2023-2024
cols=6,1545,2023,207 Medical Insurance,"50,470","51,479","64,940"
cols=6,1546,2023,355 Travel,0,500,500
cols=6,1547,2023,399 Other Contracted Services,189,"2,000","2,000"
cols=6,1548,2023,429 Instructional Supplies and Materials,"14,811","10,500","10,500"
cols=6,1549,2023,499 Other Supplies and Materials,"10,498","10,500","10,500"
cols=6,1550,2023,524 Inservice,0,"2,000","2,000"
cols=6,1551,2023,790 Other Equipment,"4,904","15,000","15,000"
cols=6,1552,2023,Total Early Childhood Education,"381,066","494,196","525,088"
cols=6,1553,2023,Total Operation of Non-Instructional Services,"576,399","676,580","722,738"
cols=6,1554,2023,76000 Capital Outlay,,,
cols=6,1555,2023,76100 Regular Capital Outlay,,,
cols=6,1556,2023,799 Other Capital Outlay,"419,567","690,000","2,011,000"
cols=6,1557,2023,Total Regular Capital Outlay,"419,567","690,000","2,011,000"
cols=6,1558,2023,82300 Other Debt Service,,,
cols=6,1559,2023,82330 Education,,,
cols=6,1560,2023,620 Debt Service Contribution to Primary Government,"163,284",0,0
cols=6,1561,2023,Total Regular Capital Outlay,"163,284",0,0
cols=6,1562,2023,Total Estimated Expenditures,"29,856,196","34,751,219","38,703,717"
cols=6,1563,2023,99000 ESTIMATED OTHER USES,,,
cols=6,1564,2023,99100 Transfers Out,,,
cols=6,1565,2023,590 Transfers to Other Funds,0,0,0
cols=6,1566,2023,Total Estimated Other Uses,0,0,0
cols=6,1567,2023,Total Estimated Expenditures and Other Uses,"29,856,196","34,751,219","38,703,717"
cols=6,1568,2023,Excess of Estimated Revenues Over,,,
cols=6,1569,2023,(Under) Estimated Expenditures,"619,830","-4,713,660","-7,749,668"
cols=6,1570,2023,Estimated Beginning Fund Balances July 1,"11,496,031","12,115,861","12,015,861"
cols=6,1571,2023,Fund Balance Audit Adjustment,,,
cols=6,1572,2023,Estimated Ending Fund Balances June 30,"12,115,861","7,402,201","4,266,193"
cols=6,1573,2023,Account No Description,Actual 2021-2022,Original Estimated 2022-2023,Estimated 2023-2024
cols=6,1574,2023,ESTIMATED REVENUES,,,
cols=6,1575,2023,43000 CHARGES FOR CURRENT SERVICES,,,
cols=6,1576,2023,43500 Education Charges,,,
cols=6,1577,2023,43521 Lunch Payments Children,0,"603,000","540,000"
cols=6,1578,2023,43522 Lunch Payments Adults,"30,752","75,000","75,000"
cols=6,1579,2023,43523 Income from Breakfast,886,"55,000","85,000"
cols=6,1580,2023,43525 A la Carte Sales,"148,619","175,000","175,000"
cols=6,1581,2023,Total Charges for Current Services,"180,257","908,000","875,000"
cols=6,1582,2023,44000 OTHER LOCAL REVENUES,,,
cols=6,1583,2023,44100 Recurring Items,,,
cols=6,1584,2023,44110 Investment Income,129,0,"1,000"
cols=6,1585,2023,44500 Non-Recurring Items,,,
cols=6,1586,2023,44530 Sale of Equipment,9,0,0
cols=6,1587,2023,Total Other Local Revenues,138,0,"1,000"
cols=6,1588,2023,46000 STATE OF TENNESSEE,,,
cols=6,1589,2023,46800 Other State Revenue,,,
cols=6,1590,2023,46980 Other State Grants,0,0,0
cols=6,1591,2023,46990 Other State Revenue,0,0,0
cols=6,1592,2023,Total State of Tennessee,0,0,0
cols=6,1593,2023,47000 FEDERAL GOVERNMENT,,,
cols=6,1594,2023,47100 Federal Through State,,,
cols=6,1595,2023,47111 USDA School Lunch Program,"1,734,832","873,000","1,035,000"
cols=6,1596,2023,47112 USDA-Commodities,"88,791",0,0
cols=6,1597,2023,47113 Breakfast,"594,213","540,000","540,000"
cols=6,1598,2023,47114 USDA-Other,"14,181","15,000","35,970"
cols=6,1599,2023,Total Federal Government,"2,432,017","1,428,000","1,610,970"
cols=6,1600,2023,TOTAL ESTIMATED REVENUE,"2,612,412","2,336,000","2,486,970"
cols=6,1601,2023,49000 ESTIMATED OTHER SOURCES(NON-REVENUE),,,
cols=6,1602,2023,49800 Transfer In,0,0,0
cols=6,1603,2023,TOTAL ESTIMATE OTHER SOURCES,0,0,0
cols=6,1604,2023,TOTAL ESTIMATED REVENUE AND OTHER SOURCE,"2,612,412","2,336,000","2,486,970"
cols=6,1605,2023,Account No Description,Actual 2021-2022,Estimated 2022-2023,Estimated 2023-2024
cols=6,1606,2023,73000 OPERATION OF NON-INSTRUCTIONAL SERVICES,,,
cols=6,1607,2023,73100 Food Services,,,
cols=6,1608,2023,105 Supervisor/Director,"37,000","37,000","37,000"
cols=6,1609,2023,119 Accountants/Bookkeeper,"123,980","131,000","155,000"
cols=6,1610,2023,165 Cafeteria Personnel,"467,363","546,000","657,000"
cols=6,1611,2023,201 Social Security,"46,821","54,000","64,948"
cols=6,1612,2023,204 State Retirement,"64,805","75,000","100,522"
cols=6,1613,2023,207 Medical Insurance,"45,000","48,000","135,000"
cols=6,1614,2023,307 Communication,"2,941","3,000","3,500"
cols=6,1615,2023,336 Maint & Repair Services - Equipment,"52,225","59,000","59,000"
cols=6,1616,2023,354 Transportation - Other than Students,"3,593","5,000","5,000"
cols=6,1617,2023,355 Travel,"3,077","3,000","4,000"
cols=6,1618,2023,399 Other Contracted Services,"64,862","59,000","59,000"
cols=6,1619,2023,422 Food Supplies,"909,989","1,113,000","1,213,000"
cols=6,1620,2023,422-SCA Food Supplies-Supply Chain,0,0,0
cols=6,1621,2023,452 Utilities,"1,257","3,000","3,000"
cols=6,1622,2023,469 USDA-Commodities,"88,791",0,0
cols=6,1623,2023,499 Other Supplies and Materials,"98,431","125,000","198,024"
cols=6,1624,2023,599 Other Charges,"14,259","25,000","25,000"
cols=6,1625,2023,710 Food Service Equipment,"4,484","50,000","180,500"
cols=6,1626,2023,Total Food Service,"2,028,878","2,336,000","2,899,494"
cols=6,1627,2023,Total Estimated Expenditures,"2,028,878","2,336,000","2,899,494"
cols=6,1628,2023,Excess of Estimated Revenues Over,,,
cols=6,1629,2023,(Under) Estimated Expenditures,"583,534",0,"-412,524"
cols=6,1630,2023,Estimated Beginning Fund Balance July 1,"507,546","1,091,080","412,524"
cols=6,1631,2023,Estimated Ending Fund Balance June 30,"1,091,080","1,091,080",0
cols=6,1632,2023,Account No. Description,Actual 2021-2022,Original Estimated 2022-2023,Estimated 2023-2024
cols=6,1633,2023,ESTIMATED REVENUES,,,
cols=6,1634,2023,40000 LOCAL TAXES,,,
cols=6,1635,2023,40100 County Property Taxes,,,
cols=6,1636,2023,40110 Current Property Taxes,"86,724","82,069","85,582"
cols=6,1637,2023,40120 Trustee's Collection-Prior Year,"2,996","3,500","3,000"
cols=6,1638,2023,40125 Trustee's Collection-Bankruptcy,68,100,100
cols=6,1639,2023,40130 Circuit/Clerk & Master Coll-Prior Years,"1,922","1,500","1,500"
cols=6,1640,2023,40140 Interest & Penalty,560,500,500
cols=6,1641,2023,40161 Payments in lieu of Taxes-TVA,89,150,150
cols=6,1642,2023,Total County Property Taxes,"92,359","87,819","90,832"
cols=6,1643,2023,40200 County Local Option Taxes,,,
cols=6,1644,2023,40210 Local Option Sales Taxes,"1,676,893","1,600,000","1,700,000"
cols=6,1645,2023,40240 Wheel Tax,"829,496","804,000","850,000"
cols=6,1646,2023,40270 Business Tax,"1,226","2,000","1,300"
cols=6,1647,2023,Total County Local Option Taxes,"2,507,615","2,406,000","2,551,300"
cols=6,1648,2023,Total Local Taxes,"2,599,974","2,493,819","2,642,132"
cols=6,1649,2023,44000 OTHER LOCAL REVENUES,,,
cols=6,1650,2023,44100 Recurring Items,,,
cols=6,1651,2023,44110 Investment Income,"15,478","6,500","300,000"
cols=6,1652,2023,Total Recurring Items,"15,478","6,500","300,000"
cols=6,1653,2023,44500 Nonrecurring Items,,,
cols=6,1654,2023,44990 Other Local Revenue,0,0,0
cols=6,1655,2023,Total Nonrecurring Items,0,0,0
cols=6,1656,2023,Total Other Local Revenues,"15,478","6,500","300,000"
cols=6,1657,2023,46000 STATE OF TENNESSEE,,,
cols=6,1658,2023,46800 Other State Revenues,,,
cols=6,1659,2023,46851 State Revenue Sharing-TVA,"5,584","9,418","6,312"
cols=6,1660,2023,Total State of Tennessee,"5,584","9,418","6,312"
cols=6,1661,2023,Account No. Description,Actual 2021-2022,Original Estimated 2022-2023,Estimated 2023-2024
cols=6,1662,2023,48130 Contributions,"163,284",0,"27,219"
cols=6,1663,2023,Total Other Governments and Citizens Groups,"163,284",0,"27,219"
cols=6,1664,2023,Total Estimated Revenues,"2,784,320","2,509,737","2,975,663"
cols=6,1665,2023,49000 ESTIMATED OTHER SOURCES,,,
cols=6,1666,2023,49200 Notes Issued,0,0,0
cols=6,1667,2023,49800 Transfers In,"501,802","488,655","296,975"
cols=6,1668,2023,Total Estimated Other Sources,"501,802","488,655","296,975"
cols=6,1669,2023,Total Estimated Revenues and Other Sources,"3,286,122","2,998,392","3,272,638"
cols=6,1670,2023,ESTIMATED EXPENDITURES,,,
cols=6,1671,2023,82100 PRINCIPAL ON DEBT,,,
cols=6,1672,2023,82110 General Government,,,
cols=6,1673,2023,602 Principal on Notes,"123,095","128,355","133,707"
cols=6,1674,2023,612 Principal on Other Loans,"412,000","427,000","443,780"
cols=6,1675,2023,Total General Government,"535,095","555,355","577,487"
cols=6,1676,2023,82120 Highways and Streets,,,
cols=6,1677,2023,602 Principal on Notes,"71,300","159,100","164,100"
cols=6,1678,2023,Total Highways and Streets,"71,300","159,100","164,100"
cols=6,1679,2023,82130 Education,,,
cols=6,1680,2023,612 Principal on Other Loans,"1,661,212","1,697,424","1,449,147"
cols=6,1681,2023,Total Education,"1,661,212","1,697,424","1,449,147"
cols=6,1682,2023,Total Principal Payments,"2,267,607","2,411,879","2,190,734"
cols=6,1683,2023,82200 INTEREST ON DEBT,,,
cols=6,1684,2023,82210 General Government,,,
cols=6,1685,2023,604 Interest on Notes,"61,084","55,826","50,473"
cols=6,1686,2023,613 Interest on Other Loans,"36,853","135,483","110,981"
cols=6,1687,2023,Total General Government,"97,937","191,309","161,454"
cols=6,1688,2023,82220 Highway and Streets,,,
cols=6,1689,2023,604 Interest on Notes,"14,787","36,751","32,875"
cols=6,1690,2023,Total Highways and Streets,"14,787","36,751","32,875"
cols=6,1691,2023,Account No. Description,Actual 2021-2022,Original Estimated 2022-2023,Estimated 2023-2024
cols=6,1692,2023,82230 Education,,,
cols=6,1693,2023,613 Interest on other Loans,"129,762","338,009","297,230"
cols=6,1694,2023,Total Education,"129,762","338,009","297,230"
cols=6,1695,2023,82300 OTHER DEBT SERVICE,,,
cols=6,1696,2023,82310 General Government,,,
cols=6,1697,2023,510 Trustees Commission,"26,774","45,000","45,000"
cols=6,1698,2023,699 Other Debt Service,"25,498","24,026","21,608"
cols=6,1699,2023,Total General Government,"52,272","69,026","66,608"
cols=6,1700,2023,82320 Highway and Streets,,,
cols=6,1701,2023,699 Other Debt Service,0,0,0
cols=6,1702,2023,Total Highways and Streets,0,0,0
cols=6,1703,2023,82330 Education,,,
cols=6,1704,2023,699 Other Debt Service,"61,101","54,591","47,578"
cols=6,1705,2023,Total Education,"61,101","54,591","47,578"
cols=6,1706,2023,Total Interest Payments,"355,859","689,686","605,745"
cols=6,1707,2023,Total Principal and Interest Payments,"2,623,466","3,101,565","2,796,479"
cols=6,1708,2023,99000 OTHER USES,,,
cols=6,1709,2023,99100 Transfers Out,,,
cols=6,1710,2023,590 Transfers to Other Funds,0,0,0
cols=6,1711,2023,Total Estimated Other Uses,0,0,0
cols=6,1712,2023,Total Estimated Expenditures and Other Uses,"2,623,466","3,101,565","2,796,479"
cols=6,1713,2023,Excess of Estimated Revenues and Other Sources Over,,,
cols=6,1714,2023,(Under) Estimated Expenditures and Other Uses,"662,656","-103,173","476,159"
cols=6,1715,2023,"Estimated Beginning Fund Balance, July 1","2,621,057","3,283,713","3,900,000"
cols=6,1716,2023,Fund Balance Audit Adjustment,,,
cols=6,1717,2023,"Estimated Ending fund Balance, June 30","3,283,713","3,180,540","4,376,159"
cols=7,1718,2023,Account No. Description,Actual 2021-2022,Original Estimated 2022-2023,Estimated 2023-2024
cols=7,1719,2023,ESTIMATED REVENUE,,,
cols=7,1720,2023,OPERATING REVENUE,,,
cols=7,1721,2023,43000 CHARGES FOR CURRENT SERVICES,,,
cols=7,1722,2023,43100 General Services Charges,,,
cols=7,1723,2023,43106 Commercial & Industrial Collection Charge,"166,455","130,000","140,000"
cols=7,1724,2023,43107 Residential Waste Collection Charge,"144,909","150,000","100,000"
cols=7,1725,2023,43110 Tipping Fees,"71,424","50,000","50,000"
cols=7,1726,2023,43114 Solid Waste Disposal Fee,"859,677","840,000","850,000"
cols=7,1727,2023,43350 Copy Fees,0,0,0
cols=7,1728,2023,Total Charges for Current Services,"1,242,465","1,170,000","1,140,000"
cols=7,1729,2023,44000 OTHER LOCAL REVENUES,,,
cols=7,1730,2023,44100 Recurring Items,,,
cols=7,1731,2023,44110 Investment Income,593,"6,000","6,000"
cols=7,1732,2023,44120 Lease/Rentals,"73,915","65,000","65,000"
cols=7,1733,2023,44145 Sale of Recycled Materials,"236,297","140,000","100,000"
cols=7,1734,2023,44170 Miscellaneous Refunds,0,0,0
cols=7,1735,2023,Total Recurring Items,"310,805","211,000","171,000"
cols=7,1736,2023,44500 Non-Recurring Items,,,
cols=7,1737,2023,44530 Sale of Equipment,0,"5,000","15,000"
cols=7,1738,2023,Total Non-Recurring Items,0,"5,000","15,000"
cols=7,1739,2023,Total Other Local Revenues,"310,805","216,000","186,000"
cols=7,1740,2023,46000 STATE OF TENNESSEE,,,
cols=7,1741,2023,46400 Public Works Grants,,,
cols=7,1742,2023,46430 Litter Program,"36,408","49,300","49,300"
cols=7,1743,2023,Total Public Works Grants,"36,408","49,300","49,300"
cols=7,1744,2023,46800 Other State Revenues,,,
cols=7,1745,2023,46990 Other State Revenues,0,"9,500","9,000"
cols=7,1746,2023,Total Other State Revenues,0,"9,500","9,000"
cols=7,1747,2023,Total State of Tennessee,"36,408","58,800","58,300"
cols=7,1748,2023,47000 FEDERAL GOVERNMENT,,,
cols=7,1749,2023,47100 Federal Through State,,,
cols=7,1750,2023,47235 Homeland Security Grants,0,0,0
cols=7,1751,2023,Account No. Description,Actual 2021-2022,Original Estimated 2022-2023,Estimated 2023-2024
cols=7,1752,2023,Total Federal Through State,0,0,0
cols=7,1753,2023,Total Federal Government,0,0,0
cols=7,1754,2023,48000 OTHER GOVERNMENTS AND CITIZENS,GROUPS,,
cols=7,1755,2023,48100 Other Governments,,,
cols=7,1756,2023,48140 Contracted Services,"196,438","284,760","245,000"
cols=7,1757,2023,Total Other Governments,"196,438","284,760","245,000"
cols=7,1758,2023,49000 Non-Revenue,,,
cols=7,1759,2023,49100 Bonds Issured,"354,000",0,0
cols=7,1760,2023,49700 Insurance Recovery,0,0,0
cols=7,1761,2023,49800 Transfer In,0,0,0
cols=7,1762,2023,Total Estimated Revenues,"2,140,116","1,729,560","1,629,300"
cols=7,1763,2023,ESTIMATED EXPENDITURES,,,
cols=7,1764,2023,55000 PUBLIC HEALTH AND WELFARE,,,
cols=7,1765,2023,55710 Sanitation Management,,,
cols=7,1766,2023,105 Supervisor/Director,"60,025","60,006","63,007"
cols=7,1767,2023,106 Deputy(ies),"33,480","36,126","37,933"
cols=7,1768,2023,121 Data Processing Personnel,"23,208","23,796","28,392"
cols=7,1769,2023,140 Salary Supplements,375,750,"1,125"
cols=7,1770,2023,143 Equipment Operators,"77,037","75,821","79,608"
cols=7,1771,2023,144 Equipment Operators-Heavy,"37,682","39,868","41,868"
cols=7,1772,2023,149 Laborers,"68,084","120,000","126,000"
cols=7,1773,2023,162 Clerical Personnel,"30,944","32,723","34,360"
cols=7,1774,2023,169 Part-Time Personnel,"126,270","120,000","124,817"
cols=7,1775,2023,186 Longevity Pay,"13,400","11,300","11,700"
cols=7,1776,2023,187 Overtime Pay,"20,826","14,000","20,000"
cols=7,1777,2023,188 Bonus Payments,"13,500",0,0
cols=7,1778,2023,201 Social Security,"38,340","43,063","44,000"
cols=7,1779,2023,204 State Retirement,"20,441","57,000","57,000"
cols=7,1780,2023,207 Medical Insurance,"98,821","130,000","130,000"
cols=7,1781,2023,302 Advertising,39,"2,500","2,500"
cols=7,1782,2023,307 Communication,"8,141","7,000","8,000"
cols=7,1783,2023,309 Contracts with Government Agencies,"18,630","10,000","10,000"
cols=7,1784,2023,315 Contracts with Vehicle Owners,0,0,0
cols=7,1785,2023,317 Data Processing Services,"5,427","7,200","7,200"
cols=7,1786,2023,318 Debt Collection Services,"12,578","9,000","9,000"
cols=7,1787,2023,331 Legal Services,0,"1,000","1,000"
cols=7,1788,2023,"332 Legal Notices, Recording, and Court Cost",285,"1,500","1,500"
cols=7,1789,2023,335 Maintenance and Repair Services - Buildings,"7,042","7,000","15,000"
cols=7,1790,2023,336 Maintenance & Repair Services - Equipment,"30,924","38,000","60,000"
cols=7,1791,2023,338 Maintenance & Repair Services - Vehicles,"19,605","18,000","25,000"
cols=7,1792,2023,347 Pest Control,"1,485","1,700","1,800"
cols=7,1793,2023,348 Postal Charges,"3,950","5,500","5,700"
cols=7,1794,2023,Account No. Description,Actual 2021-2022,Original Estimated 2022-2023,Estimated 2023-2024
cols=7,1795,2023,"349 Printing, Stationery and Forms",271,"1,800","2,000"
cols=7,1796,2023,351 Rentals,0,"4,000","20,000"
cols=7,1797,2023,355 Travel,"1,412","2,000","2,500"
cols=7,1798,2023,359 Disposal Fees,"668,958","580,000","600,000"
cols=7,1799,2023,399 Other Contracted Services,"5,102","5,000","5,000"
cols=7,1800,2023,410 Custodial Supplies,"2,106","1,800","1,800"
cols=7,1801,2023,412 Diesel Fuel,"61,635","42,000","95,000"
cols=7,1802,2023,415 Electricity,"15,867","19,000","19,000"
cols=7,1803,2023,"420 Fertilizer, Lime Chemicals and Seed",0,"1,000","2,000"
cols=7,1804,2023,425 Gasoline,"3,548","4,000","8,000"
cols=7,1805,2023,433 Lubricants,"1,716","4,000","5,000"
cols=7,1806,2023,435 Office Supplies,"2,506","3,000","4,000"
cols=7,1807,2023,436 Other Road Materials,0,"1,000","5,000"
cols=7,1808,2023,446 Small Tools,459,"2,000","2,000"
cols=7,1809,2023,450 Tires and Tubes,"6,313","12,000","15,000"
cols=7,1810,2023,451 Uniforms,"5,026","5,000","5,000"
cols=7,1811,2023,452 Utilities,"8,563","8,000","18,000"
cols=7,1812,2023,462 Wire,"4,198","4,000","7,000"
cols=7,1813,2023,463 Testing,"1,471","13,000","15,000"
cols=7,1814,2023,499 Other Supplies and Materials,"2,234","4,000","5,000"
cols=7,1815,2023,510 Trustees Commission,"14,466","15,000","18,000"
cols=7,1816,2023,514 Depreciation,"95,929","45,171","45,171"
cols=7,1817,2023,517 Surcharge,"5,500","6,000","9,000"
cols=7,1818,2023,524 In Service/Staff Development,499,650,650
cols=7,1819,2023,612 Principal on Other Loans,"73,000","75,000","77,000"
cols=7,1820,2023,613 Interest on Other Loans,"1,534","21,970","20,193"
cols=7,1821,2023,718 Motor Vehicles,0,0,0
cols=7,1822,2023,719 Office Equipment,"3,993","3,000","5,000"
cols=7,1823,2023,733 Solid Waste Equipment,0,0,0
cols=7,1824,2023,791 Other Construction,"1,370","15,000","15,000"
cols=7,1825,2023,Total Sanitation Management,"1,758,215","1,771,244","1,972,824"
cols=7,1826,2023,60000 HIGHWAYS,,,
cols=7,1827,2023,64000 Litter and Trash Collection,,,
cols=7,1828,2023,105 Supervisor/Director,"24,066","25,900","25,900"
cols=7,1829,2023,429 Instructional Supply and Materials,"12,325","12,325","12,325"
cols=7,1830,2023,599 Other Charges,"5,104","11,075","11,075"
cols=7,1831,2023,Total Litter and Trash Collection,"41,495","49,300","49,300"
cols=7,1832,2023,90000 CAPITAL PROJECTS,,,
cols=7,1833,2023,91140 Public Health and Welfare Projects,,,
cols=7,1834,2023,606 Other Debt Issuance Charge,"6,000",0,0
cols=7,1835,2023,799 Other Capital Outlay-Reserve,"144,974","56,000","56,000"
cols=7,1836,2023,799-LOAN Other Capital Outlay-Loan,"9,557",0,0
cols=7,1837,2023,Total Public Health and Welfare Projects,"160,531","56,000","56,000"
cols=7,1838,2023,Total Estimated Expenditures,"1,960,241","1,876,544","2,078,124"
cols=7,1839,2023,Account No. Description,Actual 2021-2022,Original Estimated 2022-2023,Estimated 2023-2024
cols=7,1840,2023,Excess of Estimated Revenue Over (under),,,
cols=7,1841,2023,Estimated Expenditures,"179,875","-146,984","-448,824"
cols=7,1842,2023,Estimated Beginning Fund Balance July 1,"698,086","877,961","700,000"
cols=7,1843,2023,Fund Balance Audit Adjustment,,,
cols=7,1844,2023,Estimated Ending Fund Balance June 30,"877,961","730,977","251,176"
cols=6,140,2024,Account No. Description,Actual 2022-2023,Original Estimated 2023-2024,Estimated 2024-2025
cols=6,141,2024,ESTIMATED REVENUES,,,
cols=6,142,2024,40000 LOCAL TAXES,,,
cols=6,143,2024,40100 County Property Taxes,,,
cols=6,144,2024,40110 Current Property Taxes,"8,964,043","8,885,785","10,091,397"
cols=6,145,2024,40120 Trustees Collection Prior Year,"176,990","179,000","195,000"
cols=6,146,2024,40125 Trustees Collection-Bankruptcy,"1,818","2,000",400
cols=6,147,2024,40130 Clerk & Master Prior Years,"92,633","116,000","75,000"
cols=6,148,2024,40140 Interest and Penalty,"39,287","40,000","40,000"
cols=6,149,2024,40161 Payments in Lieu of Taxes TVA,"9,940","9,000","9,200"
cols=6,150,2024,40162 Payments in Lieu of Taxes-Loc Utilities,"53,398","31,000","34,000"
cols=6,151,2024,40163 Payments in Lieu of Taxes-Other,"15,071","15,000","7,000"
cols=6,152,2024,Total County Property Taxes,"9,353,180","9,277,785","10,451,997"
cols=6,153,2024,40200 County Local Option Taxes,,,
cols=6,154,2024,40210 Local Option,0,0,"1,600,000"
cols=6,155,2024,40220 Hotel/Motel Tax,"65,142","50,000","58,000"
cols=6,156,2024,40250 Litigation Tax General,"89,670","84,000","85,000"
cols=6,157,2024,40260 Litigation Tax-Special Purpose,"12,315","11,000","12,500"
cols=6,158,2024,"40266 Litigation Tax-Jail, Workhouse, Courthouse","80,831","75,000","80,500"
cols=6,159,2024,40267 Litigation Tax-Victim Offender,"5,418","5,000","5,000"
cols=6,160,2024,40270 Business Tax,"142,570","115,000","120,000"
cols=6,161,2024,40275 Mixed Drink Tax,"1,322","1,000","1,300"
cols=6,162,2024,Total County Local Option Taxes,"397,268","341,000","1,962,300"
cols=6,163,2024,40300 Statutory Local Taxes,,,
cols=6,164,2024,40320 Bank Excise Tax,"3,636","4,000","50,000"
cols=6,165,2024,40330 Wholesale Beer Tax,"220,854","230,000","230,000"
cols=6,166,2024,40390 Other Statutory Local Taxes,"4,161","4,400","4,200"
cols=6,167,2024,Total Local Option Taxes,"228,651","238,400","284,200"
cols=6,168,2024,TOTAL LOCAL TAXES,"9,979,099","9,857,185","12,698,497"
cols=6,169,2024,41000 LICENSES AND PERMITS,,,
cols=6,170,2024,41100 Licenses,,,
cols=6,171,2024,41140 Cable TV Franchise,"50,648","49,000","50,000"
cols=6,172,2024,41500 Permits,,,
cols=6,173,2024,41510 Beer Permits,"3,989","3,500","3,500"
cols=6,174,2024,41520 Building Permits,"118,638","108,000","115,000"
cols=6,175,2024,TOTAL LICENSES AND PERMITS,"173,275","160,500","168,500"
cols=6,176,2024,42000 FINES FORFEITURES AND PENALTIES,,,
cols=6,177,2024,42100 Circuit Court,,,
cols=6,178,2024,42110 Fines,"2,054","3,000","2,800"
cols=6,179,2024,Account No. Description,Actual 2022-2023,Original Estimated 2023-2024,Estimated 2024-2025
cols=6,180,2024,42120 Officers Cost,"1,433","1,800","1,800"
cols=6,181,2024,42141 Drug Court Fees,392,650,400
cols=6,182,2024,42150 Jail Fees,499,700,700
cols=6,183,2024,42180 DUI Treatment Fines,665,600,500
cols=6,184,2024,42190 Data Entry Fee-Circuit Court,332,400,400
cols=6,185,2024,Total Circuit Court,"5,375","7,150","6,600"
cols=6,186,2024,42200 Criminal Court,,,
cols=6,187,2024,42280 DUI Treatment Fines,332,400,250
cols=6,188,2024,Total Criminal Court,332,400,250
cols=6,189,2024,42300 General Sessions Court,,,
cols=6,190,2024,42310 Fines,"10,692","10,000","10,000"
cols=6,191,2024,42320 Officers Cost,"30,401","29,000","30,800"
cols=6,192,2024,42330 Game and Fish Fines,99,150,150
cols=6,193,2024,42341 Drug Court Fees,"2,262","2,000","2,200"
cols=6,194,2024,42350 Jail Fees,"7,316","7,000","7,100"
cols=6,195,2024,42380 DUI Treatment Fines,"3,325","3,000","3,000"
cols=6,196,2024,42390 Data Entry Fee-General Sessions,"12,624","11,700","13,380"
cols=6,197,2024,Total General Sessions Court,"66,719","62,850","66,630"
cols=6,198,2024,42500 Chancery Court,,,
cols=6,199,2024,42520 Officers Costs,515,800,500
cols=6,200,2024,42530 Data Entry Fee-Chancery Court,"2,778","3,000","2,500"
cols=6,201,2024,Total Chancery Court,"3,293","3,800","3,000"
cols=6,202,2024,42800 Judicial District Drug Program,,,
cols=6,203,2024,42871 Courtroom Security Fee,"6,942","8,000","7,200"
cols=6,204,2024,Total Judicial District Drug Program,"6,942","8,000","7,200"
cols=6,205,2024,"42900 Other Fines, Forfeitures, and Seizures",,,
cols=6,206,2024,42910 Proceeds from Confiscated Property,"2,783","2,500","2,700"
cols=6,207,2024,42910-STOR Proceeds from Confiscated Property-Storage,0,0,"35,000"
cols=6,208,2024,"42990 Other Fines, Forfeitures, and Penalties",0,400,0
cols=6,209,2024,"Total Other Fines, Forfeitures and Seizures","2,783","2,900","37,700"
cols=6,210,2024,"TOTAL FINES, FORFEITURES AND PENALTIES","85,444","85,100","121,380"
cols=6,211,2024,43000 CHARGES FOR CURRENT SERVICES,,,
cols=6,212,2024,43100 General Services,,,
cols=6,213,2024,43102 Other Employee Benefit Charges/Contrib,"31,036","25,000","25,000"
cols=6,214,2024,43120 Patient Charges,"1,125,513","1,200,000","1,100,000"
cols=6,215,2024,Total Charges for General Services,"1,156,549","1,225,000","1,125,000"
cols=6,216,2024,Account No. Description,Actual 2022-2023,Original Estimated 2023-2024,Estimated 2024-2025
cols=6,217,2024,43300 Fees,,,
cols=6,218,2024,43350 Copy Fees,"3,776","2,000","2,500"
cols=6,219,2024,43350-LIB Copy Fees-Library,"5,733","5,000","5,500"
cols=6,220,2024,43360 Library Fees,"1,852","2,000","1,800"
cols=6,221,2024,43365 Archives and Records Management Fees,"16,012","15,000","16,200"
cols=6,222,2024,43370 Telephone Commissions,"44,163","50,000","60,000"
cols=6,223,2024,43383 Additional Fees-Titling and Registration,"19,539","15,000","18,000"
cols=6,224,2024,43392 Data Processing Fees Register,"12,190","13,000","12,000"
cols=6,225,2024,43393 Probation Fees,"1,590","1,500","1,770"
cols=6,226,2024,43394 Data Processing Fees-Sheriff,55,100,100
cols=6,227,2024,43395 Sexual Offenders Registration Fees-Sheriff,"5,400","5,500","5,500"
cols=6,228,2024,43396 Data Processing Fee-County Clerk,660,700,700
cols=6,229,2024,43399 Vehicle Insurance Coverage and Reinstatement Fee,"1,330","1,200","2,200"
cols=6,230,2024,Total Charges for Fees,"112,300","111,000","126,270"
cols=6,231,2024,TOTAL CHARGES FOR CURRENT SERVICES,"1,268,849","1,336,000","1,251,270"
cols=6,232,2024,44000 OTHER LOCAL REVENUES,,,
cols=6,233,2024,44100 Recurring items,,,
cols=6,234,2024,44110 Investment Income,"1,476","1,000",0
cols=6,235,2024,44110-LIB Investment Income-Library,976,500,"1,000"
cols=6,236,2024,44120 Lease/Rentals,"3,965","4,081","21,000"
cols=6,237,2024,44131 Commissary Sales,"14,529","13,000","15,000"
cols=6,238,2024,44170 Miscellaneous Refunds,"78,713","12,000","12,000"
cols=6,239,2024,Total Recurring Items,"99,659","30,581","49,000"
cols=6,240,2024,44500 Nonrecurring Items,,,
cols=6,241,2024,44530 Sale of Equipment,0,0,0
cols=6,242,2024,44540 Sale of Property,0,0,0
cols=6,243,2024,44570 Contributions and Gifts,176,0,0
cols=6,244,2024,44570-LIB Contributions and Gifts-Library,"3,614","1,500","1,000"
cols=6,245,2024,44990 Other Local Revenue,"3,869",0,0
cols=6,246,2024,44990-LIB Other Local Revenue-Library,"2,275","1,400","1,500"
cols=6,247,2024,Total Nonrecurring Items,"9,934","2,900","2,500"
cols=6,248,2024,TOTAL OTHER LOCAL REVENUES,"109,593","33,481","51,500"
cols=6,249,2024,45000 FEES RECEIVED FROM COUNTY OFFICALS,,,
cols=6,250,2024,45100 Excess Fees,,,
cols=6,251,2024,45160 Juvenile Court Clerk,"7,115","6,000","6,960"
cols=6,252,2024,45190 Trustee,101,0,0
cols=6,253,2024,45500 Fees in Lieu of Salary,,,
cols=6,254,2024,45510 County Clerk,"267,002","265,000","265,000"
cols=6,255,2024,45520 Circuit Court Clerk,"17,948","18,000","40,000"
cols=6,256,2024,45540 General Sessions Court Clerk,"191,309","180,000","180,000"
cols=6,257,2024,45550 Clerk & Master,"90,701","90,000","80,000"
cols=6,258,2024,45580 Register,"140,898","160,000","140,000"
cols=6,259,2024,45590 Sheriff,"17,822","20,000","20,000"
cols=6,260,2024,Account No. Description,Actual 2022-2023,Original Estimated 2023-2024,Estimated 2024-2025
cols=6,261,2024,45610 Trustee,"448,868","440,000","450,000"
cols=6,262,2024,TOTAL FEES RECEIVED FROM COUNTY OFFICIALS,"1,181,764","1,179,000","1,181,960"
cols=6,263,2024,46000 STATE OF TENNESSEE,,,
cols=6,264,2024,46100 General Government Grants,,,
cols=6,265,2024,46110 Juvenile Service Program,"9,000","9,000","9,000"
cols=6,266,2024,Total General Government Grants,"9,000","9,000","9,000"
cols=6,267,2024,46200 Public Safety Grants,,,
cols=6,268,2024,46210 Law Enforcement Training Programs,"21,600","29,000","30,400"
cols=6,269,2024,46240 School Resource Officer Grants,0,0,"375,000"
cols=6,270,2024,46290 Other Public Safety Grants,,0,0
cols=6,271,2024,46290-SEC Other Public Safety Grants-Security Officer,0,0,0
cols=6,272,2024,46290-TCI Other Public Safety Grants-TN Correction Institute,"9,873",0,0
cols=6,273,2024,46290-TDDTF Other Public Safety Grants-TN Dangerous Drug Task Force,0,0,"145,200"
cols=6,274,2024,46290-TLETA Other Public Safety Grants-TN Law Enforcement Training,0,0,"40,000"
cols=6,275,2024,46290-VCIF Other Public Safety Grants-Violent Crime Intervention,0,0,"15,000"
cols=6,276,2024,Total Public Safety Grants,"31,473","29,000","605,600"
cols=6,277,2024,46300 Health and Welfare Grants,,,
cols=6,278,2024,46310 Health Department Programs,"210,381","324,190","347,775"
cols=6,279,2024,46330 Emergency Medical Service Training Programs,0,0,"24,000"
cols=6,280,2024,46390 Other Health and Welfare Grants,0,0,0
cols=6,281,2024,Total Health and Welfare Grants,"210,381","324,190","371,775"
cols=6,282,2024,46800 Other State Revenues,,,
cols=6,283,2024,46820 Income Tax,696,"3,405",700
cols=6,284,2024,46830 Beer Tax,"19,200","19,000","19,000"
cols=6,285,2024,46835 Vehicle Certificates of Title Fees,"7,028","7,000","7,000"
cols=6,286,2024,46840 Alcoholic Beverage Tax,"94,930","95,000","95,000"
cols=6,287,2024,46845 Opioid Settlement Funds-TN Abatement Council,"151,344",0,"165,160"
cols=6,288,2024,46851 State Revenue Sharing-TVA,"647,557","647,556","667,705"
cols=6,289,2024,46852 State Revenue Sharing-Telecommunications,"54,431","57,000","54,500"
cols=6,290,2024,46855 State Shared Sports Gaming,"34,891","30,000","35,000"
cols=6,291,2024,46915 Contracted Prisoner Boarding,"208,444","150,000","200,000"
cols=6,292,2024,46960 Registrar's Salary Supplement,"18,955","15,164","18,955"
cols=6,293,2024,46980 Other State Grants,0,"400,000",0
cols=6,294,2024,46980-LAND Other State Grants-Land Use Plan,0,0,"25,000"
cols=6,295,2024,46980-LIB Other State Grants-Library,"11,880","10,000","3,000"
cols=6,296,2024,46980-TOUR Other State Grants-Tourism,0,0,0
cols=6,297,2024,46990 Other State Revenues,"12,725","4,000","8,000"
cols=6,298,2024,Total Other State Revenues,"1,262,081","1,438,125","1,299,020"
cols=6,299,2024,TOTAL STATE OF TENNESSEE,"1,512,935","1,800,315","2,285,395"
cols=6,300,2024,Account No. Description,Actual 2022-2023,Original Estimated 2023-2024,Estimated 2024-2025
cols=6,301,2024,47100 Federal Through State,,,
cols=6,302,2024,47230 Disaster Relief,"8,640",0,0
cols=6,303,2024,47235 Homeland Security Grants,0,"41,661","41,127"
cols=6,304,2024,47235-THSO Homeland Security Grants-TN Hwy Safety,0,0,"20,000"
cols=6,305,2024,47235-TSEE Homeland Security Grants-Traffic Safety Enforcement,"2,000","25,000",0
cols=6,306,2024,47250-ELC Law Enforcement Grants-ELC Confinement Facility,"6,908","176,290",0
cols=6,307,2024,47250-VCIF Law Enforcement Grants-Violent Crime,0,"96,806",0
cols=6,308,2024,47301 Covid 19 Grant#1-Dept of Health Drug Room,0,"100,000","90,800"
cols=6,309,2024,47590 Other Federal Through State,0,0,0
cols=6,310,2024,Total Federal Through State,"17,548","439,757","151,927"
cols=6,311,2024,47600 DIRECT FEDERAL REVENUE,,,
cols=6,312,2024,47903 American Rescue Plan Act Grant #8 (LATCF),"50,000",0,0
cols=6,313,2024,47990 Other Direct Federal,0,0,0
cols=6,314,2024,Total Direct Federal,"50,000",0,0
cols=6,315,2024,TOTAL FEDERAL GOVERNMENT,"67,548","439,757","151,927"
cols=6,316,2024,48000 OTHER GOVERNMENTS AND CITIZEN GROUPS,,,
cols=6,317,2024,48100 Other Governments,,,
cols=6,318,2024,48130 Contributions,"45,000","45,000","45,000"
cols=6,319,2024,48130-TOUR Contributions-Tourism Grant,0,0,0
cols=6,320,2024,Total Other Governments,"45,000","45,000","45,000"
cols=6,321,2024,48600 Citizens Groups,,,
cols=6,322,2024,48610 Donations,25,0,0
cols=6,323,2024,48610-HOSP Donations-Ascension St. Thomas Hickman,"5,000","5,000",0
cols=6,324,2024,48610-LIB Donations-Library,100,0,0
cols=6,325,2024,Total Citizen Groups,"5,125","5,000",0
cols=6,326,2024,48900 Other,,,
cols=6,327,2024,48990-TRMT Other-Tennessee Risk Management Grant,0,0,0
cols=6,328,2024,48991 Opioid Settlement Funds-Past Remediation,"54,259",0,"27,585"
cols=6,329,2024,Total Other,"54,259",0,"27,585"
cols=6,330,2024,TOTAL OTHER GOVERNMENTS AND CITIZEN GROUPS,"104,384","50,000","72,585"
cols=6,331,2024,TOTAL ESIMATED REVENUES,"14,482,891","14,941,338","17,983,014"
cols=6,332,2024,49000 ESTIMATED OTHER SOURCES (NON-REVENUE),,,
cols=6,333,2024,49700 Insurance Recovery,"64,863","40,000","40,000"
cols=6,334,2024,49800 Transfers In,"35,000","35,000","35,000"
cols=6,335,2024,TOTAL ESTIMATED OTHER SOURCES (NON-REVENUE,"99,863","75,000","75,000"
cols=6,336,2024,TOTAL ESTIMATED REVENUES AND OTHER SOURCES,"14,582,754","15,016,338","18,058,014"
cols=6,337,2024,Account No. Description,Actual 2022-2023,Original Estimated 2023-2024,Estimated 2024-2025
cols=6,338,2024,ESTIMATED EXPENDITURES,,,
cols=6,339,2024,51000 GENERAL ADMINISTRATION,,,
cols=6,340,2024,51100 County Commission,,,
cols=6,341,2024,191 Board and Committee Members Fees,"36,400","33,600","33,600"
cols=6,342,2024,301 Accounting Services,0,"1,500","1,500"
cols=6,343,2024,305 Audit Services,"10,469","11,000","11,500"
cols=6,344,2024,"332 Legal Notices, Recording and Court Cost","2,757","5,000","5,000"
cols=6,345,2024,355 Travel,354,"2,500","2,500"
cols=6,346,2024,719 Office Equipment,"3,383",0,0
cols=6,347,2024,51210 Board of Equalization,,,
cols=6,348,2024,191 Board and Committee Members Fees,"3,315","3,500","3,500"
cols=6,349,2024,51220 Beer Board,,,
cols=6,350,2024,533 Criminal Investigation of Applicants,116,"1,000","1,000"
cols=6,351,2024,Total County Commission,"56,794","58,100","58,600"
cols=6,352,2024,51300 County Mayor,,,
cols=6,353,2024,101 County Official,"99,787","104,776","110,015"
cols=6,354,2024,140 Salary Supplement,"1,629",0,0
cols=6,355,2024,161 Secretary,"33,176","35,055","36,458"
cols=6,356,2024,169 Part-Time Personnel,0,0,0
cols=6,357,2024,186 Longevity,500,0,0
cols=6,358,2024,"332 Legal Notices, Rec & Court Cost",385,"1,200","1,200"
cols=6,359,2024,355 Travel,912,"3,000","3,000"
cols=6,360,2024,399 Other Contracted Services,"4,327","5,000","5,000"
cols=6,361,2024,435 Office Supplies,933,"1,500","1,500"
cols=6,362,2024,508 Premiums on Corp Surety Bonds,0,0,0
cols=6,363,2024,524 In-Service/Staff Development,545,"1,500","1,500"
cols=6,364,2024,719 Office Equipment,400,"1,000","1,000"
cols=6,365,2024,Total County Mayor,"142,594","153,031","159,673"
cols=6,366,2024,51400 County Attorney,,,
cols=6,367,2024,331 Legal Services,"33,738","35,000","40,000"
cols=6,368,2024,599 Other Charges(Deductibles),500,"5,000","5,000"
cols=6,369,2024,Total County Attorney,"34,238","40,000","45,000"
cols=6,370,2024,51500 Election Commission,,,
cols=6,371,2024,101 County Official,"77,756","81,644","85,726"
cols=6,372,2024,106 Deputy,"33,146","34,804","36,197"
cols=6,373,2024,169 Part-Time Personnel,"12,224","18,000","19,000"
cols=6,374,2024,192 Election Commission,"5,200","7,400","8,400"
cols=6,375,2024,193 Election Workers,"46,547","55,000","60,000"
cols=6,376,2024,317 Data Processing Services,"3,502","4,500","4,500"
cols=6,377,2024,Account No. Description,Actual 2022-2023,Original Estimated 2023-2024,Estimated 2024-2025
cols=6,378,2024,"332 Legal Notices, Rec and Court Costs","2,733","4,500","4,500"
cols=6,379,2024,337 Maint and Repair-Office Equip,0,"1,500","1,500"
cols=6,380,2024,349 Printing Stationary and Forms,"2,503","4,000","9,000"
cols=6,381,2024,351 Rentals,"1,250","2,500","3,000"
cols=6,382,2024,355 Travel,"2,640","4,000","4,000"
cols=6,383,2024,399 Other Contracted Services,"15,872","25,000","25,000"
cols=6,384,2024,435 Office Supplies,"2,317","4,000","5,000"
cols=6,385,2024,719 Office Equipment,770,"4,000","5,000"
cols=6,386,2024,790 Other Equipment,0,"474,989",0
cols=6,387,2024,Total Election Commission,"206,460","725,837","270,823"
cols=6,388,2024,51600 Register of Deeds,,,
cols=6,389,2024,101 County Official,"86,395","90,715","95,251"
cols=6,390,2024,106 Deputy,"33,169","34,828","36,222"
cols=6,391,2024,140 Salary Supplement,"2,508","4,150","4,500"
cols=6,392,2024,162 Clerical Personnel,"27,797","29,187","30,355"
cols=6,393,2024,186 Longevity Pay,"1,500","1,600","2,200"
cols=6,394,2024,317 Data Processing Services,"12,238","16,000","16,000"
cols=6,395,2024,"332 Legal Notices, Recording and Court Costs",0,22,22
cols=6,396,2024,337 Maint and Repair Services,"1,183","2,500","2,500"
cols=6,397,2024,355 Travel,503,"2,000","2,000"
cols=6,398,2024,399 Other Contracted Services,200,200,200
cols=6,399,2024,435 Office Supplies,"1,736","2,400","2,400"
cols=6,400,2024,524 In-Service/Staff Development,865,"1,000","1,200"
cols=6,401,2024,719 Office Equipment,980,"2,000","2,000"
cols=6,402,2024,Total Register of Deeds,"169,074","186,602","194,850"
cols=6,403,2024,51720 Planning,,,
cols=6,404,2024,105 Supervisor/Director,"62,000","65,101","67,705"
cols=6,405,2024,106 Deputy(s),"35,610","37,391","38,887"
cols=6,406,2024,140 Salary Supplement,0,0,750
cols=6,407,2024,162 Clerical Personnel,"26,804","28,145","29,271"
cols=6,408,2024,186 Longevity Pay,900,"1,000","1,100"
cols=6,409,2024,191 Board and Committee Member Fees,"2,675","3,900","4,200"
cols=6,410,2024,196 In-Service Training,0,"3,000",0
cols=6,411,2024,312 Contracts with Private Agencies,"13,200","18,000","18,000"
cols=6,412,2024,317 Data Processing Service,"2,532","3,000","3,120"
cols=6,413,2024,331 Legal Services,"10,186","12,000","12,000"
cols=6,414,2024,"332 Legal Notices, Recording & Court Costs","3,243","5,000","5,000"
cols=6,415,2024,338 Maint and Repair Services-Vehicle,358,"2,500","2,500"
cols=6,416,2024,"349 Printing, Stationary, and Forms","1,020","1,500","1,500"
cols=6,417,2024,355 Travel,298,"1,500","1,500"
cols=6,418,2024,399 Other Contracted Services,"36,495","35,000","35,000"
cols=6,419,2024,399-LAND Other Contracted Services-Land Use Plan,0,0,"149,194"
cols=6,420,2024,425 Gasoline,"3,758","4,500","4,500"
cols=6,421,2024,435 Office Supplies,839,"1,200","1,200"
cols=6,422,2024,499 Other Supplies and Materials,230,800,800
cols=6,423,2024,524 In-Service/Staff Development,"2,199","1,500","4,500"
cols=6,424,2024,718 Motor Vehicles,0,0,0
cols=6,425,2024,Account No. Description,Actual 2022-2023,Original Estimated 2023-2024,Estimated 2024-2025
cols=6,426,2024,719 Office Equipment,"1,860","2,800","2,800"
cols=6,427,2024,791 Other Construction,0,0,0
cols=6,428,2024,Total Planning,"204,207","227,837","383,527"
cols=6,429,2024,51800 County Buildings,,,
cols=6,430,2024,105 Facility Supervisor,"50,000","52,501","57,751"
cols=6,431,2024,166 Custodial Personnel,"27,675","29,178","30,346"
cols=6,432,2024,167 Maintenance Personnel,"39,473","47,251","49,142"
cols=6,433,2024,169 Part-Time Personnel,"9,435","13,500","14,500"
cols=6,434,2024,335 Maint and Repair-buildings,"185,573","241,500","245,000"
cols=6,435,2024,335-ADA Maint and Repair-buildings(ADA),0,"3,000","3,000"
cols=6,436,2024,336 Maint and Repair-equipment,0,"10,000","10,000"
cols=6,437,2024,338 Maint and Repair-vehicle,"1,749","5,000","5,000"
cols=6,438,2024,355 Travel,466,750,750
cols=6,439,2024,410 Custodial Supplies,"16,963","18,000","18,000"
cols=6,440,2024,425 Gasoline,"2,354","7,500","6,000"
cols=6,441,2024,435 Office Supplies,817,"1,000","1,000"
cols=6,442,2024,451 Uniforms,316,"3,000","2,000"
cols=6,443,2024,599 Other Charges,20,"1,000","1,000"
cols=6,444,2024,718 Motor Vehicles,"12,500","15,000",0
cols=6,445,2024,Total County Buildings,"347,341","448,180","443,489"
cols=6,446,2024,51810 Other Facilities,,,
cols=6,447,2024,307 Communication,"115,690","140,000","140,000"
cols=6,448,2024,347 Pest Control,"7,600","8,000","8,000"
cols=6,449,2024,359 Disposal Fee,21,"1,000","1,000"
cols=6,450,2024,415 Electricity,"149,916","175,000","180,000"
cols=6,451,2024,452 Utilities,"88,933","105,000","110,000"
cols=6,452,2024,Total Other Facilities,"362,160","429,000","439,000"
cols=6,453,2024,51900 Other General Administration,,,
cols=6,454,2024,189 Other Salaries and Wages,"85,643","89,925",0
cols=6,455,2024,334 Maintenance Agreements,"11,482","11,000","12,500"
cols=6,456,2024,336 Maintenance and Repair-Equipment,197,"2,000","1,500"
cols=6,457,2024,355 Travel,349,400,0
cols=6,458,2024,399 Other Contracted Services,639,"2,000","85,000"
cols=6,459,2024,435 Office Supplies,186,"1,000",0
cols=6,460,2024,499 Other Supplies and Materials,288,"1,000",0
cols=6,461,2024,524 In-Service/Staff Development,0,0,0
cols=6,462,2024,719 Office Equipment,"29,062","20,000","16,000"
cols=6,463,2024,Total Other General Administration,"127,846","127,325","115,000"
cols=6,464,2024,51910 Preservation of Records,,,
cols=6,465,2024,140 Salary Supplement,"1,500","1,500","1,500"
cols=6,466,2024,162 Clerical Personnel,"35,310","33,758","35,109"
cols=6,467,2024,186 Longevity Pay,"2,500","2,400","2,500"
cols=6,468,2024,351 Rentals,0,0,"12,000"
cols=6,469,2024,Account No. Description,Actual 2022-2023,Original Estimated 2023-2024,Estimated 2024-2025
cols=6,470,2024,355 Travel,0,150,150
cols=6,471,2024,399 Other Contracted Services,"3,238","4,000","4,000"
cols=6,472,2024,435 Office Supplies,363,550,550
cols=6,473,2024,499 Other Supplies and Materials,0,680,680
cols=6,474,2024,524 In-Service/Staff Development,0,100,100
cols=6,475,2024,599 Other Charges,94,100,100
cols=6,476,2024,Total Preservation of Records,"43,005","43,238","56,689"
cols=6,477,2024,Total General Administration,"1,693,719","2,439,150","2,166,651"
cols=6,478,2024,52000 FINANCE,,,
cols=6,479,2024,52100 Accounting and Budgeting,,,
cols=6,480,2024,101 Administrative Officer,"86,395","90,715","95,251"
cols=6,481,2024,103 Assistants,"45,000","47,251","50,000"
cols=6,482,2024,119 Accounts/Bookkeepers,"120,612","131,450","135,850"
cols=6,483,2024,140 Salary Supplement,"6,375","7,125","7,875"
cols=6,484,2024,186 Longevity Pay,"3,200","3,500","3,800"
cols=6,485,2024,317 Data Processing Services,"21,005","22,629","44,054"
cols=6,486,2024,332 Legal Notices Rec Court Costs,"5,778","4,300","6,500"
cols=6,487,2024,349 Printing Stationary Forms,"3,482","5,500","5,500"
cols=6,488,2024,355 Travel,477,"2,100","2,100"
cols=6,489,2024,399 Other Contracted Services,"2,579","3,000","3,400"
cols=6,490,2024,435 Office Supplies,"3,127","3,500","3,500"
cols=6,491,2024,508 Surety Bond,100,300,300
cols=6,492,2024,524 In-Service/Staff Development,"1,000","1,000","1,000"
cols=6,493,2024,719 Office Equipment,"1,716","2,000","2,000"
cols=6,494,2024,Total Accounting and Budgeting,"300,846","324,370","361,130"
cols=6,495,2024,52300 Property Assessor Office,,,
cols=6,496,2024,101 County Official,"86,395","90,715","95,251"
cols=6,497,2024,140 Salary Supplement,"2,758","4,800","4,100"
cols=6,498,2024,162 Clerical Personnel,"93,200","127,147","132,233"
cols=6,499,2024,186 Longevity Pay,500,"1,100",600
cols=6,500,2024,187 Overtime Pay(Re-appraisal),"2,579",0,0
cols=6,501,2024,187-PY Overtime Pay( PY Re-appraisal),"7,435",0,0
cols=6,502,2024,312 Contracts with Private Agencies,"4,334","10,000","10,000"
cols=6,503,2024,317 Data Processing Services,"34,390","38,500","40,425"
cols=6,504,2024,332 Legal Notices,145,200,200
cols=6,505,2024,337 Maint and Repair-Office Equipment,0,"1,000","1,000"
cols=6,506,2024,338 Maint and Repair-Vehicle,"1,276","2,000","2,000"
cols=6,507,2024,349 Printing Stationary Forms,"1,704","2,200","2,310"
cols=6,508,2024,355 Travel,"2,563","3,500","3,500"
cols=6,509,2024,399 Other Contracted Services,"17,329","7,000","7,000"
cols=6,510,2024,425 Gasoline,"1,085","3,000","3,000"
cols=6,511,2024,435 Office Supplies,"1,669","3,500","3,500"
cols=6,512,2024,524 In-Service/Staff Development,"1,075","4,000","4,000"
cols=6,513,2024,599 Other Charges,0,"5,000","5,000"
cols=6,514,2024,719 Office Equipment,"3,479","5,000","6,000"
cols=6,515,2024,Account No. Description,Actual 2022-2023,Original Estimated 2023-2024,Estimated 2024-2025
cols=6,516,2024,Total Property Assessor's Office,"261,916","308,662","320,119"
cols=6,517,2024,52400 County Trustee's Office,,,
cols=6,518,2024,101 County Official,"86,395","90,715","95,251"
cols=6,519,2024,106 Deputy,"35,277","37,041","38,523"
cols=6,520,2024,121 Data Processing Personnel,"28,165","29,574","34,216"
cols=6,521,2024,140 Salary Supplement,"4,008","5,625","4,875"
cols=6,522,2024,162 Clerical Personnel,"31,816","33,407","31,200"
cols=6,523,2024,169 Part-time Personnel,"9,048","15,000","15,750"
cols=6,524,2024,186 Longevity Pay,"2,600","2,900","4,300"
cols=6,525,2024,317 Data Processing Services,"12,916","13,000","11,000"
cols=6,526,2024,"332 Legal Notices, Recording and Court Costs",233,400,400
cols=6,527,2024,349 Printing Stationary Forms,"4,976","6,800","6,900"
cols=6,528,2024,355 Travel,"1,586","2,200","2,200"
cols=6,529,2024,399 Other Contracted Services,"1,702","3,325","3,325"
cols=6,530,2024,435 Office Supplies,"3,244","3,500","3,500"
cols=6,531,2024,508 Surety Bond,"13,365",0,0
cols=6,532,2024,524 In-Service/Staff Development,"1,085","1,600","1,600"
cols=6,533,2024,719 Office Equipment,"2,543","3,500","3,500"
cols=6,534,2024,Total Trustees Office,"238,959","248,587","256,540"
cols=6,535,2024,52500 County Clerk Office,,,
cols=6,536,2024,101 County Official,"86,395","90,715","95,251"
cols=6,537,2024,106 Deputy,"33,729","35,416","36,833"
cols=6,538,2024,140 Salary Supplement,"16,258","7,500","7,500"
cols=6,539,2024,161 Secretary,"32,150","33,758","35,109"
cols=6,540,2024,162 Clerical Personnel,"92,106","96,646","100,512"
cols=6,541,2024,169 Part-Time Personnel,"11,340","15,000","15,000"
cols=6,542,2024,186 Longevity Pay,"7,900","6,000","6,400"
cols=6,543,2024,317 Data Processing Services,"26,445","28,591","28,467"
cols=6,544,2024,355 Travel,"3,895","4,000","4,000"
cols=6,545,2024,435 Office Supplies,"3,689","3,000","4,000"
cols=6,546,2024,524 In-Service/Staff Development,"1,349","1,400","1,500"
cols=6,547,2024,719 Office Equipment,"16,681","3,000","3,500"
cols=6,548,2024,Total County Clerk,"331,937","325,026","338,072"
cols=6,549,2024,Total Finance,"1,133,658","1,206,645","1,275,861"
cols=6,550,2024,53000 ADMINISTRATION OF JUSTICE,,,
cols=6,551,2024,53100 Circuit Court,,,
cols=6,552,2024,101 County Official,"86,395","90,715","95,251"
cols=6,553,2024,106 Deputies,"147,273","180,310","216,199"
cols=6,554,2024,169 Part-time Personnel,"16,980","5,000","15,000"
cols=6,555,2024,186 Longevity Pay,"5,800","5,400","5,700"
cols=6,556,2024,189 Other Salaries and Wages,"28,035","27,573",0
cols=6,557,2024,194 Jury & Witness Fees,"1,995","5,000","5,000"
cols=6,558,2024,317 Data Processing Services,"23,688","25,345","30,000"
cols=6,559,2024,"332 Legal Notices, Recording & Court Costs","1,338",600,650
cols=6,560,2024,337 Maint and Repair Services - Equipment,"1,870","2,500","2,500"
cols=6,561,2024,Account No. Description,Actual 2022-2023,Original Estimated 2023-2024,Estimated 2024-2025
cols=6,562,2024,355 Travel,88,150,150
cols=6,563,2024,399 Other Contracted Services,0,800,800
cols=6,564,2024,435 Office Supplies,"5,146","6,000","6,000"
cols=6,565,2024,508 Premiums on Corporate Surety Bonds,50,200,200
cols=6,566,2024,719 Office Equipment,"3,001","8,000","8,000"
cols=6,567,2024,Total Circuit Court,"321,659","357,593","385,450"
cols=6,568,2024,53300 General Sessions Court,,,
cols=6,569,2024,102 Judge,"123,848","128,802","134,083"
cols=6,570,2024,123 Guidance Personnel,"59,210","62,190","64,678"
cols=6,571,2024,161 Secretary,"25,409","26,680","30,748"
cols=6,572,2024,169 Part-time Personnel,"7,717","8,686","9,120"
cols=6,573,2024,186 Longevity Pay,"1,000",0,0
cols=6,574,2024,355 Travel,"2,414","3,000","3,500"
cols=6,575,2024,399 Other Contracted Services,"1,270","6,600","6,600"
cols=6,576,2024,432 Library Books,"1,373","1,750","2,000"
cols=6,577,2024,435 Office Supplies,793,"1,750","1,750"
cols=6,578,2024,524 In-Service/Staff Development,960,"1,500","2,000"
cols=6,579,2024,719 Office Equipment,"1,792","2,500","2,500"
cols=6,580,2024,Total General Sessions Court,"225,786","243,458","256,979"
cols=6,581,2024,53310 General Sessions Judge,,,
cols=6,582,2024,102 Judge,165,"2,300","2,300"
cols=6,583,2024,355 Travel,0,"1,000","1,000"
cols=6,584,2024,524 In-Service/Staff Development,0,700,700
cols=6,585,2024,Total General Sessions Judge,165,"4,000","4,000"
cols=6,586,2024,53400 Chancery Court,,,
cols=6,587,2024,101 County Official,"86,395","90,715","95,251"
cols=6,588,2024,103 Assistant,"28,734","31,051","32,294"
cols=6,589,2024,106 Deputy,"22,529","26,754","27,825"
cols=6,590,2024,140 Salary Supplement,0,"1,500","1,500"
cols=6,591,2024,169 Part-time Personnel,0,"15,000","14,000"
cols=6,592,2024,186 Longevity Pay,"3,100","2,300","2,400"
cols=6,593,2024,317 Data Processing Services,"15,403","16,500","17,185"
cols=6,594,2024,"332 Legal Notices, Recording & Court Costs",50,"1,500","1,500"
cols=6,595,2024,355 Travel,0,"2,000","2,000"
cols=6,596,2024,435 Office Supplies,"5,693","6,000","6,000"
cols=6,597,2024,719 Office Equipment,"1,883","2,000","2,000"
cols=6,598,2024,Total Chancery Court,"163,787","195,320","201,955"
cols=6,599,2024,53700 Judicial Commissioners,,,
cols=6,600,2024,169 Part-time Personnel,"16,468","17,008","17,689"
cols=6,601,2024,186 Longevity,"1,100","1,200","1,200"
cols=6,602,2024,189 Other Salaries & Wages,"35,275","37,493","38,993"
cols=6,603,2024,Account No. Description,Actual 2022-2023,Original Estimated 2023-2024,Estimated 2024-2025
cols=6,604,2024,196 In-Service Training,482,"1,250","1,250"
cols=6,605,2024,355 Travel,"1,280","5,000","5,000"
cols=6,606,2024,435 Office Supplies,698,700,700
cols=6,607,2024,524 In-Service/Staff Development,150,200,200
cols=6,608,2024,599 Other Charges,330,360,480
cols=6,609,2024,Total Judicial Commissioners,"55,783","63,211","65,512"
cols=6,610,2024,53920 Courtroom Security,,,
cols=6,611,2024,431 Law Enforcement Supplies,0,0,0
cols=6,612,2024,499 Other Supplies and Materials,0,0,0
cols=6,613,2024,499-CRF Other Supplies and Materials-Coronavirus Relief,0,0,0
cols=6,614,2024,599 Other Charges,0,0,0
cols=6,615,2024,799 Other Capital Outlay,0,0,0
cols=6,616,2024,799-SEC Other Capital Outlay-Security Grant,0,0,0
cols=6,617,2024,Total Courtroom Security,0,0,0
cols=6,618,2024,Total Administration of Justice,"767,180","863,582","913,896"
cols=6,619,2024,54000 PUBLIC SAFETY,,,
cols=6,620,2024,54110 Sheriff's Department,,,
cols=6,621,2024,101 County Official,"95,035","99,787","104,776"
cols=6,622,2024,103 Assistant,"39,903","41,899","45,002"
cols=6,623,2024,106 Deputies,"926,358","1,138,086","1,418,601"
cols=6,624,2024,106-SEC Deputies (Courtroom Security),"98,594","108,524","114,916"
cols=6,625,2024,119 Accounts/Bookkeepers,"37,910","39,806","42,826"
cols=6,626,2024,140 Salary Supplements,"23,100","27,000","31,900"
cols=6,627,2024,148 Dispatchers and Radio Operators,"384,421","350,000","380,000"
cols=6,628,2024,169-SEC Part-time Personnel,"19,435","46,000","46,000"
cols=6,629,2024,170 School Resource Officer,0,"241,367","51,843"
cols=6,630,2024,170-SROG School Resource Officer-Grant,0,0,"264,856"
cols=6,631,2024,186 Longevity Pay,"19,900","19,200","19,600"
cols=6,632,2024,187 Overtime Pay,"75,149","60,000","110,000"
cols=6,633,2024,187-TDDTF Overtime Pay-TN Dangerous Drug Task Force,0,0,"145,200"
cols=6,634,2024,187-THSO Overtime Pay- TN Hwy Safety Grant,0,0,0
cols=6,635,2024,187-TSEE Overtime Pay-Tennessee Safety Environment &,0,"15,000",0
cols=6,636,2024,187-VCIF Overtime Pay-Violent Crimes,0,"15,000","15,000"
cols=6,637,2024,188 Bonus Payments,"26,000","31,000","37,000"
cols=6,638,2024,189 Other Salaries and Wages,,"43,045",0
cols=6,639,2024,189-SRO Other Salaries and Wages(SRO),"218,027",0,0
cols=6,640,2024,201-SROG Social Security-School Resource Officer Grant,0,0,"9,995"
cols=6,641,2024,204-SROG State Retirement-School Resource Officer Grant,0,0,"32,500"
cols=6,642,2024,206-SROG Life Insurance-School Resource Officer Grant,0,0,0
cols=6,643,2024,207-SROG Medical Insurance-School Resource Officer Grant,0,0,"53,752"
cols=6,644,2024,210-SROG Unemployment Compensation-School Resource Officer G,0,0,0
cols=6,645,2024,302 Advertising,0,500,500
cols=6,646,2024,307 Communication,"4,380","15,000","15,000"
cols=6,647,2024,312 Contracts with Private Agencies,0,"2,500","2,500"
cols=6,648,2024,317 Data Processing Services,"20,289","30,000","30,000"
cols=6,649,2024,331 Legal Services,0,200,200
cols=6,650,2024,Account No. Description,Actual 2022-2023,Original Estimated 2023-2024,Estimated 2024-2025
cols=6,651,2024,336 Maint and Repair Services - Equipment,"1,013","2,000","2,000"
cols=6,652,2024,338 Maint and Repair Services - Vehicles,"82,967","65,000","80,000"
cols=6,653,2024,348 Postal Charges,300,300,600
cols=6,654,2024,355 Travel,"4,263","10,000","24,000"
cols=6,655,2024,355-SRO Travel (SRO),"3,678","5,000",0
cols=6,656,2024,399 Other Contracted Service,0,0,0
cols=6,657,2024,412 Diesel Fuel,87,"2,000","2,000"
cols=6,658,2024,425 Gasoline,"135,763","150,000","165,000"
cols=6,659,2024,431 Law Enforcement Supplies,"86,931","45,000","43,900"
cols=6,660,2024,431-ELC Law Enforcement Supplies-ELC Confinement Facility Grant,0,0,0
cols=6,661,2024,431-SRO Law Enforcement Supplies-SRO,"3,936","5,000",0
cols=6,662,2024,431-SROG Law Enforcement Supplies-School Resource Officer Grant,0,0,"8,897"
cols=6,663,2024,431-THSO Law Enforcement Supplies- TN Hwy Safety,0,0,"20,000"
cols=6,664,2024,431-TLETA Law Enforcement Supplies-TLETA Grant,0,0,"20,000"
cols=6,665,2024,431-TRMT Law Enforcement Supplies-Tennessee Risk Management,0,0,0
cols=6,666,2024,431-TSEE Law Enforcement Supplies-TN Safety Environment,"2,000","10,000",0
cols=6,667,2024,431-VCIF Law Enforcement Supplies-Violent Crimes Grant,0,"81,806",0
cols=6,668,2024,435 Office Supplies,"5,787","8,000","8,000"
cols=6,669,2024,450 Tires and Tubes,"9,736","20,000","20,000"
cols=6,670,2024,451 Uniforms,"23,178","15,000","15,000"
cols=6,671,2024,451-TLETA Uniforms-TLETA Grant,0,0,"20,000"
cols=6,672,2024,513-SROG Workmans' Compensation Insurance,0,0,0
cols=6,673,2024,524 In-Service/Staff Development,"6,477","25,000","21,000"
cols=6,674,2024,524-SRO In-Service/Staff Development-SRO,"5,006","5,000",0
cols=6,675,2024,524-SROG In-Service/Staff Development-SRO Grant,0,0,"5,000"
cols=6,676,2024,599 Other Charges,"4,276","5,000","11,100"
cols=6,677,2024,599-STOR Other Charges-STORAGE,0,0,"10,000"
cols=6,678,2024,718 Motor Vehicles,"33,375",0,0
cols=6,679,2024,718-ELC Motor Vehicles -ELC,0,"120,000",0
cols=6,680,2024,718-VCIF Motor Vehicles-VCIF Grant,0,0,0
cols=6,681,2024,719 Office Equipment,"4,937","5,000","5,000"
cols=6,682,2024,Total Sheriffs Department,"2,402,211","2,903,020","3,453,464"
cols=6,683,2024,54160 Administration Of Sexual Offender Registry,,,
cols=6,684,2024,435 Office Supplies,686,"1,000","1,000"
cols=6,685,2024,599 Other Charges,"1,700","3,000","3,000"
cols=6,686,2024,719 Office Equipment,"2,794","3,500","3,500"
cols=6,687,2024,Total Administration Of Sexual Offender Registry,"5,180","7,500","7,500"
cols=6,688,2024,54210 Jail,,,
cols=6,689,2024,160 Guards,"628,363","824,000","842,883"
cols=6,690,2024,161 Secretary,0,"31,200","30,826"
cols=6,691,2024,186 Longevity Pay,"6,200","4,500","3,800"
cols=6,692,2024,187 Overtime Pay,"46,005","20,000","83,000"
cols=6,693,2024,188 Bonus Payment,"16,000","23,000","23,000"
cols=6,694,2024,189 Other Salaries and Wages,"15,376","35,939",0
cols=6,695,2024,340 Medical and Dental Services,"267,614","250,000","300,000"
cols=6,696,2024,355 Travel,0,"5,000","5,000"
cols=6,697,2024,399 Other Contracted Service,"123,629","135,000","145,000"
cols=6,698,2024,Account No. Description,Actual 2022-2023,Original Estimated 2023-2024,Estimated 2024-2025
cols=6,699,2024,410 Custodial Supplies,"19,564","7,000","20,000"
cols=6,700,2024,410-ELC Custodial Supplies-ELC Grant,0,"18,000",0
cols=6,701,2024,413 Drugs & Medical Supplies,"24,983","40,000","40,000"
cols=6,702,2024,422 Food Supplies,"224,717","260,000","285,000"
cols=6,703,2024,431 Law Enforcement Supplies,"2,094","5,000","5,000"
cols=6,704,2024,435 Office Supplies,"4,873","5,000","5,000"
cols=6,705,2024,441 Prisoners Clothing,"1,762",0,"4,000"
cols=6,706,2024,441-ELC Prisoners Clothing-ELC Grant,0,"8,200",0
cols=6,707,2024,451 Uniforms,"7,425","8,000","8,000"
cols=6,708,2024,499 Other Supplies and Materials,"6,121","15,000","15,000"
cols=6,709,2024,499-ELC Other Supplies and Materials-ELC Grant,0,"13,090",0
cols=6,710,2024,524 In-Service/Staff Development,0,"5,000","5,000"
cols=6,711,2024,599-ELC Other Charges-ELC Grant,0,"17,000",0
cols=6,712,2024,709 Data Processing Equipment,"23,010","29,000","29,000"
cols=6,713,2024,719 Office Equipment,"2,888","5,000","5,000"
cols=6,714,2024,719-TCI Office Equipment-TN Correction Institute,"9,873",0,0
cols=6,715,2024,790-TCI Office Equipment-TN Correction Institute,0,0,0
cols=6,716,2024,Total Jail,"1,430,497","1,763,929","1,854,509"
cols=6,717,2024,54310 Fire Prevention and Control,,,
cols=6,718,2024,309 Contracts with Govt Agen,"2,000","2,000","2,000"
cols=6,719,2024,429 Instructional Supplies and Materials,"2,356","1,500","1,500"
cols=6,720,2024,524 In-Service/Staff Development,"9,362","14,000","14,000"
cols=6,721,2024,790 Other Equipment,0,"3,000","3,000"
cols=6,722,2024,Total Fire Prevention and Control,"13,718","20,500","20,500"
cols=6,723,2024,54320 Rural Fire Protection,,,
cols=6,724,2024,316 Contributions,"70,000","150,000","150,000"
cols=6,725,2024,790 Other Equipment,0,0,0
cols=6,726,2024,Total Rural Fire Prevention,"70,000","150,000","150,000"
cols=6,727,2024,54410 Civil Defense,,,
cols=6,728,2024,105 Supervisor/Director,"56,317","69,608","72,393"
cols=6,729,2024,169 Part-time Personnel,"1,560","5,000","5,000"
cols=6,730,2024,186 Longevity Pay,0,0,500
cols=6,731,2024,187 Overtime Pay,357,"5,000","5,000"
cols=6,732,2024,189 Other Salaries and Wages,"45,000","47,251","49,142"
cols=6,733,2024,320 Dues and Memberships,265,"1,000","1,000"
cols=6,734,2024,330 Operating Lease Payment,"3,400","3,600","3,600"
cols=6,735,2024,336 Maint and Repair Services - Equipment,"5,261","5,000","8,000"
cols=6,736,2024,338 Maint and Repair Services - Vehicles,"7,718","14,000","14,000"
cols=6,737,2024,355 Travel,697,"1,000","1,000"
cols=6,738,2024,399 Other Contracted Services,"3,134","4,500","4,500"
cols=6,739,2024,412 Diesel,"1,394","4,000","4,000"
cols=6,740,2024,425 Gasoline,"5,542","10,000","10,000"
cols=6,741,2024,435 Office Supplies,"1,057","1,000","2,000"
cols=6,742,2024,442 Propane Gas,"1,164","3,000","3,000"
cols=6,743,2024,451 Uniforms,904,"1,500","2,000"
cols=6,744,2024,Account No. Description,Actual 2022-2023,Original Estimated 2023-2024,Estimated 2024-2025
cols=6,745,2024,499 Other Supplies and Materials,"9,690","11,624","12,593"
cols=6,746,2024,508 Premiums on Corporate Surety Bonds,50,50,50
cols=6,747,2024,524 In-Service/Staff Development,175,"2,000","2,000"
cols=6,748,2024,599 Other Charges,"8,778","1,000","1,000"
cols=6,749,2024,708 Communication Equipment,"11,423","22,000","20,000"
cols=6,750,2024,718 Motor Vehicles,0,0,0
cols=6,751,2024,790 Other Equipment,603,"6,000","15,000"
cols=6,752,2024,Total Civil Defense,"164,489","218,133","235,778"
cols=6,753,2024,54420 Rescue Squad,,,
cols=6,754,2024,316 Contributions,"80,000",0,0
cols=6,755,2024,515 Liability Claims,0,0,0
cols=6,756,2024,Total Rescue Squad,"80,000",0,0
cols=6,757,2024,54610 County Coroner,,,
cols=6,758,2024,131 Medical Personnel,"3,050","5,000","7,000"
cols=6,759,2024,341 Pauper Burials,"2,250","3,000","3,000"
cols=6,760,2024,399 Other Contracted Services,"43,525","50,000","50,000"
cols=6,761,2024,508 Premiums on Corporate Surety Bonds,0,0,0
cols=6,762,2024,Total County Coroner,"48,825","58,000","60,000"
cols=6,763,2024,Total Public Safety,"4,214,920","5,121,082","5,781,751"
cols=6,764,2024,55000 PUBLIC HEALTH AND WELFARE,,,
cols=6,765,2024,55110 Local Health Center,,,
cols=6,766,2024,316 Contributions,"38,111","38,111","38,111"
cols=6,767,2024,335 Maintenance and Repair Service-Building,275,"1,000","1,000"
cols=6,768,2024,399 Other Contracted Services,"2,240","6,100","6,100"
cols=6,769,2024,435 Office Supplies,40,"1,520","1,520"
cols=6,770,2024,499 Other Supplies & Materials,0,"2,250","2,250"
cols=6,771,2024,599 Other Charges,375,700,700
cols=6,772,2024,599-PPI Other Charges,0,920,920
cols=6,773,2024,Total Local Health Center,"41,041","50,601","50,601"
cols=6,774,2024,55130 Ambulance/Emergency Medical Services,,,
cols=6,775,2024,105 Supervisor/Director,"64,620","69,608","75,000"
cols=6,776,2024,131 Medical Personnel,"1,091,716","1,360,000","1,446,292"
cols=6,777,2024,140 Salary Supplements,0,0,"24,000"
cols=6,778,2024,169 Part-time Personnel,"91,722","150,000","150,000"
cols=6,779,2024,186 Longevity,"18,700","20,300","20,900"
cols=6,780,2024,187 Overtime Pay,"465,671","470,000","574,237"
cols=6,781,2024,199 Other Per Diem & Fees,76,"3,000","3,000"
cols=6,782,2024,320 Dues and Memberships,795,"1,200","1,200"
cols=6,783,2024,335 Maint & Repair Services - Building,872,"2,000","2,000"
cols=6,784,2024,336 Maint & Repair Services - Equipment,453,"10,000","10,000"
cols=6,785,2024,338 Maint & Repair Services - Vehicles,"28,410","60,000","60,000"
cols=6,786,2024,355 Travel,"2,870","3,500","3,500"
cols=6,787,2024,Account No. Description,Actual 2022-2023,Original Estimated 2023-2024,Estimated 2024-2025
cols=6,788,2024,399 Other Contracted Services,"252,582","235,000","235,000"
cols=6,789,2024,410 Custodial Supplies,"1,938","3,000","8,000"
cols=6,790,2024,412 Diesel Fuel,"10,070","22,000","22,000"
cols=6,791,2024,413 Drugs and Medical Supplies,"48,248","65,000","66,000"
cols=6,792,2024,413-PHAR Drugs and Medical Supplies(Pharmaceuticals),"22,434","35,000","35,600"
cols=6,793,2024,425 Gasoline,"45,863","80,000","80,000"
cols=6,794,2024,435 Office Supplies,"1,021","3,000","3,000"
cols=6,795,2024,450 Tires and Tubes,"8,260","15,000","15,000"
cols=6,796,2024,451 Uniforms,"13,485","18,000","18,000"
cols=6,797,2024,499 Other Supplies and Materials,"6,457","13,000","13,000"
cols=6,798,2024,524 In-Service/Staff Development,"6,601","25,000","25,000"
cols=6,799,2024,718 Motor Vehicle,"33,800",0,"180,000"
cols=6,800,2024,719 Office Equipment,"2,545","3,000","3,000"
cols=6,801,2024,790 Other Equipment,"19,449","30,000","15,000"
cols=6,802,2024,790-TRMT Other Equipment-Tennessee Risk Management Grant,0,0,0
cols=6,803,2024,Total Ambulance/Emergency Medical Services,"2,238,658","2,696,608","3,088,729"
cols=6,804,2024,55170 Alcohol and Drug Programs,,,
cols=6,805,2024,111 Probation Officer,"11,020","12,810","13,323"
cols=6,806,2024,201 Social Security,0,780,780
cols=6,807,2024,355 Travel,,796,655
cols=6,808,2024,435 Office Supplies,644,"1,500","1,000"
cols=6,809,2024,599 Other Charges,"5,854","7,000","7,000"
cols=6,810,2024,Total Alcohol and Drug Programs,"17,518","22,886","22,758"
cols=6,811,2024,55190 Other Local Health Services,,,
cols=6,812,2024,131 Medical Personnel,"80,115","143,448","153,340"
cols=6,813,2024,163 Educational Assistants,"68,415","67,752","73,160"
cols=6,814,2024,"349 Printing, Stationery, and Forms",0,100,100
cols=6,815,2024,355 Travel,"10,074","15,000","15,000"
cols=6,816,2024,399 Other Contracted Services,29,100,500
cols=6,817,2024,499 Other Supplies and Materials,176,"2,500","2,500"
cols=6,818,2024,506 Liability Insurance,186,250,250
cols=6,819,2024,599 Other Charges,0,0,"1,000"
cols=6,820,2024,Total Other Local Health Services,"158,995","229,150","245,850"
cols=6,821,2024,55900 Other Public Health Services,,,
cols=6,822,2024,599-HOSP Other Charges (Hospital Donation),0,"5,000",0
cols=6,823,2024,599-TOBG Other Charges(Tobacco Grant),520,707,0
cols=6,824,2024,Total Other Public Health Services,520,"5,707",0
cols=6,825,2024,Total Public Health & Welfare,"2,456,732","3,004,952","3,407,938"
cols=6,826,2024,56500 Libraries,,,
cols=6,827,2024,103 Assistants,"96,041","117,536","122,238"
cols=6,828,2024,129 Librarians,"32,247","42,991","44,711"
cols=6,829,2024,Account No. Description,Actual 2022-2023,Original Estimated 2023-2024,Estimated 2024-2025
cols=6,830,2024,186 Longevity,"5,400","3,200","3,500"
cols=6,831,2024,189 Other Salaries and Wages,"20,039","21,704","22,790"
cols=6,832,2024,317 Data Processing Services,"3,235","3,600","3,600"
cols=6,833,2024,320 Dues & Memberships,60,750,750
cols=6,834,2024,335 Maint & Repair Services Buildings,"2,946","3,000","3,000"
cols=6,835,2024,348 Postal Charges,709,"1,200","1,200"
cols=6,836,2024,355 Travel,796,"2,000","2,000"
cols=6,837,2024,399 Other Contracted Services,"17,622","17,854","18,000"
cols=6,838,2024,432 Library Books & Media,"5,792","7,500","7,000"
cols=6,839,2024,435 Office Supplies,"6,643","7,000","6,500"
cols=6,840,2024,452 Utilities,"5,446","3,000","5,500"
cols=6,841,2024,499 Other Supplies & Materials,304,"2,000","2,000"
cols=6,842,2024,524 In-Service/Staff Development,0,"2,000","1,500"
cols=6,843,2024,599 Other Charges,"13,440","15,000","3,000"
cols=6,844,2024,790 Other Equipment,"1,642","8,000","9,000"
cols=6,845,2024,Total Estimated Expenditures,"212,362","258,335","256,289"
cols=6,846,2024,56700 Parks and Fair Boards,,,
cols=6,847,2024,316 Contributions,"3,000","3,000","3,000"
cols=6,848,2024,Total Senior Citizens Assistance,"3,000","3,000","3,000"
cols=6,849,2024,"Total Social, Cultural and Recreational","215,362","261,335","259,289"
cols=6,850,2024,57000 AGRICULTURE AND NATURAL RESOURCES,,,
cols=6,851,2024,57100 Agriculture Extension Service,,,
cols=6,852,2024,316 Contributions,"69,434","70,261","70,992"
cols=6,853,2024,320 Dues and Memberships,345,350,350
cols=6,854,2024,328 Janitorial Services,0,0,"1,560"
cols=6,855,2024,355 Travel,"1,041",900,900
cols=6,856,2024,410 Custodial Supplies,125,125,125
cols=6,857,2024,435 Office Supplies,0,"1,000","1,000"
cols=6,858,2024,719 Office Equipment,"1,849","1,000","1,000"
cols=6,859,2024,Total Agriculture Extension Services,"72,794","73,636","75,927"
cols=6,860,2024,57500 Soil Conservation,,,
cols=6,861,2024,161 Secretary,"22,547","26,208","31,804"
cols=6,862,2024,186 Longevity,700,800,900
cols=6,863,2024,399 Other Contracted Services,"5,000","5,000","5,000"
cols=6,864,2024,599 Other Charges,"2,550","2,550","3,000"
cols=6,865,2024,Total Soil Conservation,"30,797","34,558","40,704"
cols=6,866,2024,Total Agriculture and Natural Resources,"103,591","108,194","116,631"
cols=6,867,2024,58000 OTHER GENERAL GOVERNMENT,,,
cols=6,868,2024,58110 Tourism,,,
cols=6,869,2024,316 Contributions,0,"1,200","1,200"
cols=6,870,2024,599-TOUR Other Charges-Tourism Grant,0,0,0
cols=6,871,2024,Account No. Description,Actual 2022-2023,Original Estimated 2023-2024,Estimated 2024-2025
cols=6,872,2024,Total Tourism,0,"1,200","1,200"
cols=6,873,2024,58120 Industrial Development (Vision 21),,,
cols=6,874,2024,105 Supervisor/Director,"63,000","66,150",0
cols=6,875,2024,316 Contributions,"11,773","9,054","35,000"
cols=6,876,2024,Total Industrial Development,"74,773","75,204","35,000"
cols=6,877,2024,58300 Veterans Services,,,
cols=6,878,2024,105 Supervisor/Director,"32,450","34,073","35,436"
cols=6,879,2024,338 Maint & Repair Services - Vehicles,435,750,750
cols=6,880,2024,351 Rentals,"3,600","3,600","3,600"
cols=6,881,2024,355 Travel,0,600,600
cols=6,882,2024,399 Other Contracted Service,449,450,450
cols=6,883,2024,425 Gasoline,"1,243","1,000","1,000"
cols=6,884,2024,435 Office Supplies,187,200,500
cols=6,885,2024,599 Other Charges,0,"1,000","1,000"
cols=6,886,2024,719 Office Equipment,94,200,"1,500"
cols=6,887,2024,Total Veterans Services,"38,458","41,873","44,836"
cols=6,888,2024,58400 Other Charges,,,
cols=6,889,2024,506 Liability Insurance,"299,437","335,400","424,000"
cols=6,890,2024,510 Trustees Commission,"224,803","225,000","232,000"
cols=6,891,2024,513 Workers Comp,"136,731","170,450","196,000"
cols=6,892,2024,599 Other Charges,329,0,0
cols=6,893,2024,Total Other Charges,"661,300","730,850","852,000"
cols=6,894,2024,58600 Employee Benefits,,,
cols=6,895,2024,201 Social Security,"506,341","610,684","630,000"
cols=6,896,2024,204 State Retirement,"724,610","762,186","883,000"
cols=6,897,2024,206 Life Insurance,"46,422","62,000","68,000"
cols=6,898,2024,207 Medical Insurance,"1,842,446","2,031,600","2,235,060"
cols=6,899,2024,210 Unemployment Comp,"4,560","22,000","22,000"
cols=6,900,2024,399 Other Contracted Services,0,"6,000",0
cols=6,901,2024,Total Employees Benefits,"3,124,379","3,494,470","3,838,060"
cols=6,902,2024,58801 Covid 19 Grant # 1-Dept of Health Drug Room,,,
cols=6,903,2024,707 Building Improvements,0,"100,000","90,800"
cols=6,904,2024,Total Covid 19 Grant#1- Dept. of Health Drug Room,0,"100,000","90,800"
cols=6,905,2024,58900 Miscellaneous,,,
cols=6,906,2024,309 Contracts with Government Agencies,"12,920","12,920","13,993"
cols=6,907,2024,316 Contributions,"61,500","65,000","55,000"
cols=6,908,2024,320 Dues and Memberships,"16,100","16,100","17,000"
cols=6,909,2024,Account No. Description,Actual 2022-2023,Original Estimated 2023-2024,Estimated 2024-2025
cols=6,910,2024,348 Postal Charges,"41,684","45,000","50,000"
cols=6,911,2024,351 Rentals,65,"2,500","2,500"
cols=6,912,2024,399 Other Contracted Services,0,0,"7,300"
cols=6,913,2024,599 Other Charges,"2,014","2,500","2,500"
cols=6,914,2024,Total Miscellaneous,"134,283","144,020","148,293"
cols=6,915,2024,Total Other General Government,"4,033,193","4,587,617","5,010,189"
cols=6,916,2024,Total Estimated Expenditures,"14,618,355","17,592,557","18,932,206"
cols=6,917,2024,99000 OTHER USES,,,
cols=6,918,2024,91190 Other General Government Projects,,,
cols=6,919,2024,732 Building Purchases,0,0,0
cols=6,920,2024,799-DA Building Construction,"9,500",0,0
cols=6,921,2024,Total Estimated General Administration Projects,"9,500",0,0
cols=6,922,2024,99000 ESTIMATED OTHER USES,,,
cols=6,923,2024,99100 Transfers Out,,,
cols=6,924,2024,590 Transfers to Other Funds,"134,891","100,000","135,000"
cols=6,925,2024,Total Estimated Other Uses,"134,891","100,000","135,000"
cols=6,926,2024,Total Estimated Expenditures and other uses,"14,762,746","17,692,557","19,067,206"
cols=6,927,2024,Excess of Estimated Revenue and Other Sources over (under) Estimated Expenditures and Other Uses,"-179,992","-2,676,219","-1,009,192"
cols=6,928,2024,Estimated Begin Fund Balance July 1,"6,663,263","6,483,271","4,500,000"
cols=6,929,2024,Estimated Ending Fund Balance June 30,"6,483,271","3,807,052","3,490,808"
cols=6,930,2024,"Statement of Proposed Operations for the Fiscal Year Ending June 30, 2025",,Original,
cols=6,931,2024,Account No Description,Actual 2022-2023,Estimated 2023-2024,Estimated 2024-2025
cols=6,932,2024,ESTIMATED REVENUES,,,
cols=6,933,2024,"42000 FINES, FORFIETURES AND PENALTIES",,,
cols=6,934,2024,42100 Circuit Court,,,
cols=6,935,2024,42140 Drug Control Fines,"1,459","2,500","2,500"
cols=6,936,2024,42300 General Sessions Court,,,
cols=6,937,2024,42340 Drug Control Fines,"3,713","5,500","5,500"
cols=6,938,2024,"Total Fines, Forfeitures and Penalties","5,172","8,000","8,000"
cols=6,939,2024,"42900 OTHER FINES, FORFEITURES AND PENALTIES 42910 Proceeds from Confiscated Property","62,443","45,000","45,000"
cols=6,940,2024,"Total Other Fines, Forfeitures, and Penalties","62,443","45,000","45,000"
cols=6,941,2024,44000 OTHER LOCAL REVENUES,,,
cols=6,942,2024,44500 Nonrecurring Items,,,
cols=6,943,2024,44530 Sale of Equipment,0,0,0
cols=6,944,2024,Total Other Local Revenues,0,0,0
cols=6,945,2024,Total Estimated Revenue,"67,615","53,000","53,000"
cols=6,946,2024,49000 ESTIMATED OTHER SOURCES(NON-REVENUE),,,
cols=6,947,2024,49700 Insurance Recovery,0,0,0
cols=6,948,2024,Total Estimated Other Source(Non-Revenue),0,0,0
cols=6,949,2024,Total Estimated Revenues and Other Source,"67,615","53,000","53,000"
cols=6,950,2024,ESTIMATED EXPENDITURES,,,
cols=6,951,2024,54110 SHERIFF'S DEPARTMENT,,,
cols=6,952,2024,599 Other Charges,"7,740","10,000","15,000"
cols=6,953,2024,716 Law Enforcement Equipment,"39,096",0,0
cols=6,954,2024,718 Motor Vehicles,"27,325",0,"100,000"
cols=6,955,2024,Total Estimated Expenditures,"74,161","10,000","115,000"
cols=6,956,2024,Excess of Estimated Revenue Over,,,
cols=6,957,2024,(Under) Estimated Expenditures,"-6,546","43,000","-62,000"
cols=6,958,2024,Estimated Beginning Fund Balance July 1,"115,791","109,245","95,000"
cols=6,959,2024,Estimated Ending Fund Balance June 30,"109,245","152,245","33,000"
cols=6,960,2024,"Statement of Proposed Operations For the Fiscal Year Ending June 30, 2025",,Original,
cols=6,961,2024,Account No. Description,Actual 2022-2023,Estimated 2023-2024,Estimated 2024-2025
cols=6,962,2024,ESTIMATED REVENUES,,,
cols=6,963,2024,40200 COUNTY LOCAL OPTION TAXES,,,
cols=6,964,2024,40285 Adequate Facilities/Development Tax,"304,676","260,000","260,000"
cols=6,965,2024,Total Local Option Taxes,"304,676","260,000","260,000"
cols=6,966,2024,Total Revenues,"304,676","260,000","260,000"
cols=6,967,2024,ESTIMATED EXPENDITURES,,,
cols=6,968,2024,50000 GENERAL COUNTY OPERATIONS,,,
cols=6,969,2024,51730 Building,,,
cols=6,970,2024,509 Refunds,0,0,0
cols=6,971,2024,510 Trustee's Commission,"3,067","3,000","3,000"
cols=6,972,2024,Total Building,"3,067","3,000","3,000"
cols=6,973,2024,90000 CAPITAL PROJECTS,,,
cols=6,974,2024,91300 Educational Capital Project,,,
cols=6,975,2024,799 Other Capital Outlay,"140,000",0,0
cols=6,976,2024,Total Public Safety Projects,"140,000",0,0
cols=6,977,2024,99100 TRANSFERS OUT,,,
cols=6,978,2024,590 Transfers to Other Funds,"280,000",0,"400,000"
cols=6,979,2024,Total Transfers Out,"280,000",0,"400,000"
cols=6,980,2024,Total Estimated Expenditures,"423,067","3,000","403,000"
cols=6,981,2024,Excess of Estimated Revenue and Other,,,
cols=6,982,2024,Sources over/under Estimated Expendit,"-118,391","257,000","-143,000"
cols=6,983,2024,Estimated Beginning Fund Balance July,"914,111","795,720","1,052,720"
cols=6,984,2024,Estimated Ending Fund Balance June 3(,"795,720","1,052,720","909,720"
cols=7,985,2024,"for the Fiscal Year Ending June 30, 2025",,Original,
cols=7,986,2024,Account Nc Description,Actual 2022-2023,Estimated 2023-2024,Estimated 2024-2025
cols=7,987,2024,ESTIMATED REVENUES,,,
cols=7,988,2024,44000 OTHER LOCAL REVENUES,,,
cols=7,989,2024,44100 Recurring Items,,,
cols=7,990,2024,44110 Investment Income,838,800,0
cols=7,991,2024,Total Recurring Items,838,800,0
cols=7,992,2024,47000 FEDERAL GOVERNMENT,,,
cols=7,993,2024,47100 Federal Through State,,,
cols=7,994,2024,47406 American Rescue Plan Act Grant#A(Health Dept),0,"383,200","363,296"
cols=7,995,2024,47407 American Rescue Plan Act Grant#B(TDEC BALU),0,"225,000","212,625"
cols=7,996,2024,Total Federal Through State Revenue,0,"608,200","575,921"
cols=7,997,2024,47000 FEDERAL GOVERNMENT,,,
cols=7,998,2024,47600 Direct Federal Revenue,,,
cols=7,999,2024,47902 American Rescue Plan Act Grant#7(SLFRF),"2,445,266",0,0
cols=7,1000,2024,Total Direct Federal Revenue,"2,445,266",0,0
cols=7,1001,2024,Total Estimated Revenue,"2,446,104","609,000","575,921"
cols=7,1002,2024,ESTIMATED EXPENDITURES,,,
cols=7,1003,2024,58837 AMERICAN RESCUE PLAN ACT GRANT#7(SLFRF),,,
cols=7,1004,2024,188 Bonus Payments,"470,800",0,0
cols=7,1005,2024,201 Social Security,"35,483",0,0
cols=7,1006,2024,204 Pensions,"47,988",0,0
cols=7,1007,2024,316 Contributions,0,0,"550,000"
cols=7,1008,2024,339-TOC Matching Share,0,"696,552","628,500"
cols=7,1009,2024,339-BALU Matching Share,0,"75,000","70,875"
cols=7,1010,2024,707-HLTH Building Improvement,0,0,"121,065"
cols=7,1011,2024,713 Highway Construction,0,"861,000",0
cols=7,1012,2024,716 Law Enforcement Equipment,"203,267",0,0
cols=7,1013,2024,718-EMS Motor Vehicles,0,0,0
cols=7,1014,2024,791-EMS Other Construction,"23,690","1,000,000","1,100,000"
cols=7,1015,2024,Total Estimated American Rescue Plan Grant #7,"781,228","2,632,552","2,470,440"
cols=7,1016,2024,58841 AMERICAN RESCUE PLAN ACT GRANT#A(Health,Dept.),,
cols=7,1017,2024,707 Building Improvements,0,"510,900","363,296"
cols=7,1018,2024,Total Estimated American Rescue Plan Grant #A,0,"510,900","363,296"
cols=7,1019,2024,58842 AMERICAN RESCUE PLAN ACT GRANT#B(TDEC,BALU),,
cols=7,1020,2024,399 Other Contracted Services,0,"225,000","212,625"
cols=7,1021,2024,Total Estimated American Rescue Plan Grant #A,0,"225,000","212,625"
cols=7,1022,2024,Total Estimated Expenditure,"781,228","3,368,452","3,046,361"
cols=7,1023,2024,(Under) Estimated Expenditures,"1,664,876","-2,759,452","-2,470,440"
cols=7,1024,2024,Estimated Beginning Fund Balance July 1,"2,445,649","4,110,525","2,640,000"
cols=7,1025,2024,Estimated Ending Fund Balance June 30,"4,110,525","1,351,073","169,560"
cols=7,1026,2024,Account No. Description,Actual 2022-2023,Original Estimate 2023-2024,Estimate 2024-2025
cols=7,1027,2024,ESTIMATED REVENUES,,,
cols=7,1028,2024,40000 LOCAL TAXES,,,
cols=7,1029,2024,40100 County Property Taxes,,,
cols=7,1030,2024,40110 Current Property Taxes,"306,045","299,798","313,722"
cols=7,1031,2024,40120 Trustee's Collection Prior Year,"6,222","12,930","12,930"
cols=7,1032,2024,40125 Trustee's Collection Bankruptcy,62,0,0
cols=7,1033,2024,40130 Circuit/Clerk & Master Coll Prior Years,"3,254","7,000","7,000"
cols=7,1034,2024,40140 Interest and Penalty,"1,370","2,260","2,260"
cols=7,1035,2024,40161 Payments in Lieu of Taxes TVA,340,350,350
cols=7,1036,2024,40200 County Local Option Taxes,,,
cols=7,1037,2024,40270 Business Tax,"4,868","3,500","4,800"
cols=7,1038,2024,40280 Mineral Severance Tax,"71,894","85,000","85,000"
cols=7,1039,2024,Total Local Taxes,"394,055","410,838","426,062"
cols=7,1040,2024,43100 General Service Charge,,,
cols=7,1041,2024,43102 Other Employee Benefit Charges/Contributions,"11,039",0,0
cols=7,1042,2024,Total General Services Charge,"11,039",0,0
cols=7,1043,2024,43000 CHARGES FOR CURRENT SERVICES,,,
cols=7,1044,2024,43380 Vending Machines Collections,"1,575","2,600","2,600"
cols=7,1045,2024,Total Charges for Current Services,"1,575","2,600","2,600"
cols=7,1046,2024,44000 OTHER LOCAL REVENUES,,,
cols=7,1047,2024,44100 Recurring Items,,,
cols=7,1048,2024,44145 Sale of Recycled Materials,"1,326","5,500","5,500"
cols=7,1049,2024,44170 Miscellaneous Refunds,6,0,0
cols=7,1050,2024,44500 Nonrecurring Items,,,
cols=7,1051,2024,44530 Sale of Equipment,"12,174","150,000","100,000"
cols=7,1052,2024,Total Other Local Revenues,"13,506","155,500","105,500"
cols=7,1053,2024,46000 STATE OF TENNESSEE,,,
cols=7,1054,2024,46400 Public Works Grants,,,
cols=7,1055,2024,46410 Bridge Program,"317,448","1,851,368","2,000,000"
cols=7,1056,2024,46420 State Aid Program,"200,649","1,500,000","1,700,000"
cols=7,1057,2024,46851 State Revenue Sharing TVA,"22,109","22,000","22,000"
cols=7,1058,2024,46920 Gasoline and Motor Fuel Tax,"2,750,449","2,836,818","2,836,818"
cols=7,1059,2024,46930 Petroleum Special Tax,"16,515","19,140","19,140"
cols=7,1060,2024,46980 Other State Grants,"46,899",0,0
cols=7,1061,2024,Total State of Tennessee,"3,354,069","6,229,326","6,577,958"
cols=7,1062,2024,Account No. Description,Actual 2022-2023,Original Estimate 2023-2024,Estimate 2024-2025
cols=7,1063,2024,47000 FEDERAL GOVERNMENT,,,
cols=7,1064,2024,47100 Federal Through State,,,
cols=7,1065,2024,47230 Disaster Relief,"874,990","500,000","400,000"
cols=7,1066,2024,47590 Other Federal through State,"20,529",0,0
cols=7,1067,2024,47600 Direct Federal Revenue,,,
cols=7,1068,2024,47990 Other Direct Federal Revenue,"30,277","400,000","500,000"
cols=7,1069,2024,Total Federal Government,"925,796","900,000","900,000"
cols=7,1070,2024,48000 OTHER GOVERNMENTS AND CITIZENS GROUP,,,
cols=7,1071,2024,48100 Other Governments,,,
cols=7,1072,2024,48120 Paving and Maintenance,"17,297",0,0
cols=7,1073,2024,48600 Citizens Groups,,,
cols=7,1074,2024,48610 Donations,0,0,0
cols=7,1075,2024,Total Other Governments,"17,297",0,0
cols=7,1076,2024,Total Estimated Revenue,"4,717,337","7,698,264","8,012,120"
cols=7,1077,2024,49000 OTHER SOURCES (NON-REVENUE),,,
cols=7,1078,2024,49700 Insurance Recovery,"2,140",0,0
cols=7,1079,2024,49800 Transfers In,"34,891","75,000","35,000"
cols=7,1080,2024,Total Other Sources (Non-Revenue),"37,031","75,000","35,000"
cols=7,1081,2024,Total Estimated Revenues and Other Sources,"4,754,368","7,773,264","8,047,120"
cols=7,1082,2024,ESTIMATED EXPENDITURES,,,
cols=7,1083,2024,61000 ADMINISTRATION,,,
cols=7,1084,2024,101 County Official/Administrative Officer,"95,035","99,787","104,776"
cols=7,1085,2024,103 Assistant(s),0,"94,000","102,128"
cols=7,1086,2024,106 Deputy,0,"40,000","49,760"
cols=7,1087,2024,140 Salary Supplement,"1,758","6,000","6,000"
cols=7,1088,2024,161 Secretary,"45,388",0,0
cols=7,1089,2024,162 Clerical Personnel,"32,044",0,0
cols=7,1090,2024,169 Part-time Personnel,"15,486","23,000","22,300"
cols=7,1091,2024,186 Longevity Pay,0,0,"3,800"
cols=7,1092,2024,187 Overtime Pay,"1,877","8,500","15,000"
cols=7,1093,2024,191 Board and Committee Members Fees,"16,800","16,800","16,800"
cols=7,1094,2024,316 Contributions,500,500,500
cols=7,1095,2024,317 Data Processing Services,0,400,"5,500"
cols=7,1096,2024,320 Dues and Memberships,"3,600","3,875","3,875"
cols=7,1097,2024,"332 Legal Notices, Recording and Court Costs",256,"1,000","1,500"
cols=7,1098,2024,348 Postal Charges,0,300,300
cols=7,1099,2024,355 Travel,"3,093","4,500","9,000"
cols=7,1100,2024,399 Other Contracted Services,"5,286","8,500","10,000"
cols=7,1101,2024,435 Office Supplies,708,"1,050","1,050"
cols=7,1102,2024,508 Premiums on Corporate Surety Bonds,100,"2,000","2,000"
cols=7,1103,2024,524 In-Service/Staff Developement,"2,510","3,800","4,000"
cols=6,1104,2024,Account No. Description,Actual 2022-2023,Original Estimate 2023-2024,Estimate 2024-2025
cols=6,1105,2024,719 Office Equipment,288,"5,000","5,000"
cols=6,1106,2024,Total Administration,"224,729","319,012","363,289"
cols=6,1107,2024,62000 HIGHWAY AND BRIDGE MAINTENANCE,,,
cols=6,1108,2024,140 Salary Supplements,"1,500","1,500","1,500"
cols=6,1109,2024,141 Foremen,"243,059","332,470","332,925"
cols=6,1110,2024,143 Equipment Operators,"326,326","390,000","479,067"
cols=6,1111,2024,149 Laborers,"290,298","426,291","418,491"
cols=6,1112,2024,186 Longevity,0,0,"31,700"
cols=6,1113,2024,187 Overtime Pay,"21,821","55,000","55,000"
cols=6,1114,2024,323 Explosive and Drilling Services,0,"2,000","2,000"
cols=6,1115,2024,403 Asphalt-Cold Mix,"62,069","100,000","80,000"
cols=6,1116,2024,405 Asphalt-Liquid,"646,298","900,000","850,000"
cols=6,1117,2024,409 Crushed Stone,"201,901","750,000","600,000"
cols=6,1118,2024,426 General Construction Materials,293,"25,000","25,000"
cols=6,1119,2024,436 Other Road Supplies,"23,235","55,000","55,000"
cols=6,1120,2024,438 Pipe,"56,194","70,000","55,000"
cols=6,1121,2024,443 Road Signs,"4,956","18,000","15,000"
cols=6,1122,2024,444 Salt,"5,641","6,500","6,500"
cols=6,1123,2024,446 Small Tools,"1,458","5,000","4,000"
cols=6,1124,2024,455 Wood Products,0,"5,000","5,000"
cols=6,1125,2024,468 Chemical,"4,800","8,550","7,500"
cols=6,1126,2024,Total Highway and Bridge Maintenance,"1,889,849","3,150,311","3,023,683"
cols=6,1127,2024,63100 OPERATION AND MAINTENANCE OF EQUIPMENT,,,
cols=6,1128,2024,141 Foremen,"42,858","48,000","51,190"
cols=6,1129,2024,142 Mechanic(s),"32,471","38,000","42,120"
cols=6,1130,2024,186 Longevity,0,0,"3,000"
cols=6,1131,2024,187 Overtime Pay,470,"5,000","5,000"
cols=6,1132,2024,329 Laundry Services,"10,890","12,000","12,000"
cols=6,1133,2024,412 Diesel Fuel,"154,004","250,000","250,000"
cols=6,1134,2024,418 Equipment and Machinery Parts,"87,597","150,000","125,000"
cols=6,1135,2024,424 Garage Supplies,"20,702","75,000","70,000"
cols=6,1136,2024,425 Gasoline,"25,628","45,000","45,000"
cols=6,1137,2024,433 Lubricants,"11,733","25,000","25,000"
cols=6,1138,2024,450 Tires and Tubes,"49,541","75,000","60,000"
cols=6,1139,2024,599 Other Charges,605,"1,500","1,500"
cols=6,1140,2024,Total Operation and Maintenance of Equip,"436,499","724,500","689,810"
cols=6,1141,2024,65000 OTHER CHARGES,,,
cols=6,1142,2024,307 Communication,"4,650","7,500","7,500"
cols=6,1143,2024,331 Legal Services,0,"3,500","3,500"
cols=6,1144,2024,415 Electricity,"4,231","8,000","7,500"
cols=6,1145,2024,454 Water and Sewer,"3,462","6,500","6,000"
cols=6,1146,2024,506 Liability Insurance,"57,970","65,000","84,000"
cols=6,1147,2024,510 Trustees Commission,"35,063","35,000","40,000"
cols=6,1148,2024,Total Other Charges,"105,376","125,500","148,500"
cols=7,1149,2024,Account No. Description,Actual 2022-2023,Original Estimate 2023-2024,Estimate 2024-2025
cols=7,1150,2024,66000 EMPLOYEE BENEFITS,,,
cols=7,1151,2024,201 Social Security,"85,936","114,600","120,000"
cols=7,1152,2024,204 State Retirement,"128,024","145,000","150,000"
cols=7,1153,2024,205 Employee and Dependent Insurance,"485,993","550,000","900,000"
cols=7,1154,2024,210 Unemployment Compensation,"7,575","17,000","15,000"
cols=7,1155,2024,513 Worker's Compensation Insurance,"117,628","152,000","125,000"
cols=7,1156,2024,599 Other Charges,634,"7,500","5,000"
cols=7,1157,2024,Total Employees Benefits,"825,790","986,100","1,315,000"
cols=7,1158,2024,68000 CAPITAL OUTLAY,,,
cols=7,1159,2024,705 Bridge Construction,"75,097","1,600,000","1,600,000"
cols=7,1160,2024,708 Communication Equipment,"1,239","4,000","3,000"
cols=7,1161,2024,713 Highway Construction,"467,267","1,500,000","1,750,000"
cols=7,1162,2024,714 Highway Equipment,"59,410","100,000","100,000"
cols=7,1163,2024,718 Motor Vehicles,"21,000","39,000","35,000"
cols=7,1164,2024,791 Other Construction,"2,045","15,000","15,000"
cols=7,1165,2024,Total Capital Outlay,"626,058","3,258,000","3,503,000"
cols=7,1166,2024,Total Estimated Expenditures,"4,108,301","8,563,423","9,043,282"
cols=7,1167,2024,99000 OTHER USES,,,
cols=7,1168,2024,99100 Transfers Out,,,
cols=7,1169,2024,590 Transfers to Other Funds,"142,998","143,655","143,373"
cols=7,1170,2024,Total Other Uses,"142,998","143,655","143,373"
cols=7,1171,2024,Total Estimated Expenditures and Other Uses,"4,251,299","8,707,078","9,186,655"
cols=7,1172,2024,Excess of Estimated Revenue Over (Under),,,
cols=7,1173,2024,Estimated Expenditures and Other Uses,"503,069","-933,814","-1,139,535"
cols=7,1174,2024,Estimated Beginning Fund Balance July 1,"1,986,176","2,489,245","1,800,000"
cols=7,1175,2024,Fund Balance Audit Adjustment Estimated Ending Fund Balance June 30,"2,489,245","1,555,431","660,465"
cols=7,1176,2024,Account No. Description,Actual 2022-2023,Original Estimate 2023-2024,Estimate 2024-2025
cols=7,1177,2024,ESTIMATED REVENUES,,,
cols=7,1178,2024,40000 Local Taxes,,,
cols=7,1179,2024,40100 County Property Taxes,,,
cols=7,1180,2024,40110 Current Property Taxes,"3,144,196","2,974,879","3,032,648"
cols=7,1181,2024,40120 Trustee's Collection - Prior Year,"63,996","65,000","65,000"
cols=7,1182,2024,40125 Trustee's Collection - Bankruptcy,641,500,500
cols=7,1183,2024,40130 Circuit/Clerk & Master Collections - Prior Years,"33,469","47,000","47,000"
cols=7,1184,2024,40140 Interest and Penalty,"14,071","15,000","15,000"
cols=7,1185,2024,40161 Payments in Lieu of Taxes - TVA,"3,495","4,000","4,000"
cols=7,1186,2024,40162 Payments in Lieu of Taxes - Local Utilities,"6,000","6,000","6,000"
cols=7,1187,2024,40200 County Local Option Taxes,,,
cols=7,1188,2024,40210 Local Option Sales Tax,"2,869,529","2,455,008","2,535,177"
cols=7,1189,2024,40270 Business Tax,"50,007","35,000","35,000"
cols=7,1190,2024,40300 Statutory Local Taxes,,,
cols=7,1191,2024,40320 Bank Excise Tax,0,0,0
cols=7,1192,2024,40350 Interstate Telecommunication Tax,0,0,0
cols=7,1193,2024,Total Local Taxes,"6,185,404","5,602,387","5,740,325"
cols=7,1194,2024,41000 Licenses and Permits,,,
cols=7,1195,2024,41100 Licenses,,,
cols=7,1196,2024,41110 Marriage Licenses,"1,672","1,300","1,300"
cols=7,1197,2024,Total Licenses and Permits,"1,672","1,300","1,300"
cols=7,1198,2024,43000 Charges for Current Services,,,
cols=7,1199,2024,43500 Education Charges,,,
cols=7,1200,2024,43517 Tuition - Other,"1,000","2,000",0
cols=7,1201,2024,43570 Receipts from Individual Schools,"22,820","30,000","30,000"
cols=7,1202,2024,43582 Community Service Fees Adults,279,200,200
cols=7,1203,2024,Total Charges for Current Services,"24,099","32,200","30,200"
cols=7,1204,2024,44000 Other Local Revenues,,,
cols=7,1205,2024,44100 Recurring Items,,,
cols=7,1206,2024,44110 Investment Income,"298,729",0,0
cols=7,1207,2024,44120 Lease/Rentals,"9,258","10,000","10,000"
cols=7,1208,2024,44170 Miscellaneous Refunds,"73,181","30,000","30,000"
cols=7,1209,2024,44500 Nonrecurring Items,,,
cols=7,1210,2024,44530 Sale of Equipment,"9,332","15,000","15,000"
cols=7,1211,2024,44560 Damages Recovered from Individuals,"1,324","3,000","3,000"
cols=7,1212,2024,44570 Contributions and Gifts,"11,657","15,000","15,000"
cols=7,1213,2024,44990 Other Local Revenues,0,0,0
cols=7,1214,2024,Account No. Description,Actual 2022-2023,Original Estimate 2023-2024,Estimate 2024-2025
cols=7,1215,2024,Total Other Local Revenues,"403,481","73,000","73,000"
cols=7,1216,2024,Total Local Revenue,"6,614,656","5,708,887","5,844,825"
cols=7,1217,2024,46000 State of Tennessee,,,
cols=7,1218,2024,46175 On-Behalf Contributions for OPEB,"63,566","35,000","35,000"
cols=7,1219,2024,46500 State Education Funds,,,
cols=7,1220,2024,46510 Tennessee Investment in Student Achievement,0,"23,886,562","24,228,618"
cols=7,1221,2024,46511 Basic Education Program,"23,055,227",0,0
cols=7,1222,2024,46515 Early Childhood Education,"417,763","417,796","490,275"
cols=7,1223,2024,46520 School Food Service,,"22,000","22,000"
cols=7,1224,2024,46550 Driver Education,828,"5,000","5,000"
cols=7,1225,2024,46590 Other State Education Funds,"465,122","240,000","240,000"
cols=7,1226,2024,46591 Coordinated School Health,"90,000",0,0
cols=7,1227,2024,46594 Family Resource Centers,"59,223",0,0
cols=7,1228,2024,46790 Other Vocational,0,0,
cols=7,1229,2024,46610 Career Ladder Program,"53,340","45,000","45,000"
cols=7,1230,2024,46800 Other State Revenues,,,
cols=7,1231,2024,46851 State Revenue Sharing - TVA,"227,133","230,000","230,000"
cols=7,1232,2024,46980 Other State Grants,"95,158",0,"124,847"
cols=7,1233,2024,46981 Safe Schools,"43,000",0,0
cols=7,1234,2024,46990 Other State Revenues,0,0,"258,804"
cols=7,1235,2024,Total State of Tennessee,"24,570,360","24,881,358","25,679,544"
cols=7,1236,2024,47000 Federal Government,,,
cols=7,1237,2024,47100 Federal Through State,,,
cols=7,1238,2024,47590 Other Federal Through State,"102,023",0,
cols=7,1239,2024,47600 Direct Federal Revenue,,,
cols=7,1240,2024,47640 ROTC Reimbursement,"39,766","70,000","70,000"
cols=7,1241,2024,47990 Other Direct Federal Revenue,"166,806",0,0
cols=7,1242,2024,Total Federal Government,"308,595","70,000","70,000"
cols=7,1243,2024,48000 Other Governments and Citizens Groups,,,
cols=7,1244,2024,48610 Donations,"198,000",0,0
cols=7,1245,2024,48990 Other,"197,892","258,804","161,000"
cols=7,1246,2024,Total Other Governments and Citizens Groups,"395,892","258,804","161,000"
cols=7,1247,2024,Total Estimated Revenues,"31,889,503","30,919,049","31,755,369"
cols=7,1248,2024,49000 OTHER SOURCES (NON-REVENUE),,,
cols=7,1249,2024,49700 Insurance Recovery,"193,594","10,000","10,000"
cols=7,1250,2024,49800 Transfers In,"8,259","25,000","25,000"
cols=7,1251,2024,Total Other Sources,"201,853","35,000","35,000"
cols=7,1252,2024,Total Estimated Revenues & Other Sources,"32,091,356","30,954,049","31,790,369"
cols=6,1253,2024,Account No. Description,Actual 2022-2023,Original Estimate 2023-2024,Estimate 2024-2025
cols=6,1254,2024,ESTIMATED EXPENDITURES,,,
cols=6,1255,2024,71000 Instruction,,,
cols=6,1256,2024,71100 Regular Instruction Program,,,
cols=6,1257,2024,116 Teachers,"9,006,758","10,065,910","10,273,253"
cols=6,1258,2024,117 Career Ladder Program,"42,000","45,000","45,000"
cols=6,1259,2024,128 Homebound Teachers,0,"10,797","12,000"
cols=6,1260,2024,140 Salary Supplements,"334,741","414,200","460,000"
cols=6,1261,2024,163 Educational Assistants,"347,585","402,000","460,000"
cols=6,1262,2024,189 Other Salaries and Wages,"437,806","405,000","420,000"
cols=6,1263,2024,198 Non-Certified Substitute Teachers,"182,692","185,000","175,000"
cols=6,1264,2024,201 Social Security,"752,931","1,095,393","906,162"
cols=6,1265,2024,204 State Retirement,"787,535","972,254","1,016,744"
cols=6,1266,2024,207 Medical Insurance,"1,517,010","2,270,840","2,000,000"
cols=6,1267,2024,212 Employer Medicare,"2,947",0,0
cols=6,1268,2024,215 On-behalf Payments to OPEB,"20,490",0,0
cols=6,1269,2024,336 Maint and Repair Service - Equipment,"16,000","16,000","12,000"
cols=6,1270,2024,399 Other Contracted Services,"69,599","85,000","55,000"
cols=6,1271,2024,429 Instructional Supplies and Materials,"147,908","125,000","125,000"
cols=6,1272,2024,449 Textbooks,"181,914","175,000","175,000"
cols=6,1273,2024,499 Other Supplies and Materials,"8,105","10,000","8,000"
cols=6,1274,2024,599 Other Charges,850,0,0
cols=6,1275,2024,722 Regular Instructional Equipment,"168,656","100,000","50,000"
cols=6,1276,2024,Total Instructional Program,"14,025,527","16,377,394","16,193,159"
cols=6,1277,2024,71150 Alternative Instruction Program,,,
cols=6,1278,2024,116 Teachers,"114,800","190,000","195,000"
cols=6,1279,2024,163 Educational Assistants,"19,811","22,900","25,000"
cols=6,1280,2024,201 Social Security,"9,968","16,287","16,830"
cols=6,1281,2024,204 State Retirement,"17,523","19,811","19,656"
cols=6,1282,2024,207 Medical Insurance,"26,334","33,812","36,179"
cols=6,1283,2024,355 Travel,0,"3,000","1,500"
cols=6,1284,2024,429 Instructional Supplies and Materials,981,"1,500","1,500"
cols=6,1285,2024,499 Other Supplies and Materials,808,"1,500","1,500"
cols=6,1286,2024,Total Alternative Schools,"190,225","288,810","297,165"
cols=6,1287,2024,71200 Special Education Program,,,
cols=6,1288,2024,116 Teachers,"1,639,984","1,908,233","1,980,000"
cols=6,1289,2024,124 Psychological Personnel,"67,344","77,203",0
cols=6,1290,2024,128 Homebound Teachers,"4,016","15,000","15,000"
cols=6,1291,2024,163 Educational Assistants,"340,991","406,000","510,000"
cols=6,1292,2024,171 Speech Pathologist,"189,303","260,000","300,000"
cols=6,1293,2024,201 Social Security,"164,432","201,971","214,583"
cols=6,1294,2024,204 State Retirement,"213,202","237,779","256,948"
cols=6,1295,2024,207 Medical Insurance,"322,667","359,725","399,706"
cols=6,1296,2024,212 Employer Medicare,0,0,0
cols=6,1297,2024,Account No. Description,Actual 2022-2023,Original Estimate 2023-2024,Estimate 2024-2025
cols=6,1298,2024,399 Other Contracted Services,"214,770","250,000","180,000"
cols=6,1299,2024,429 Instructional Supplies and Materials,0,0,"7,000"
cols=6,1300,2024,499 Other Supplies and Materials,0,"5,000","5,000"
cols=6,1301,2024,725 Special Education Equipment,0,0,"5,404"
cols=6,1302,2024,Total Special Educational Program,"3,156,709","3,720,911","3,873,641"
cols=6,1303,2024,71300 Career and Technical Education Program,,,
cols=6,1304,2024,116 Teachers,"735,588","862,530","900,000"
cols=6,1305,2024,140 Supplements,"12,000","12,000","6,000"
cols=6,1306,2024,189 Other Salaries and Wages,"1,200","14,000","14,000"
cols=6,1307,2024,198 Non-Certified Substitute Teachers,"15,938","20,000","18,000"
cols=6,1308,2024,201 Social Security,"56,702","68,992","71,757"
cols=6,1309,2024,204 State Retirement,"65,453","75,277","79,598"
cols=6,1310,2024,207 Medical Insurance,"103,140","121,439","121,487"
cols=6,1311,2024,307 Communications,0,"15,000",0
cols=6,1312,2024,355 Travel,"1,088","5,500","2,000"
cols=6,1313,2024,399 Other Contracted Services,"10,000","20,000",0
cols=6,1314,2024,429 Instructional Supplies and Materials,"2,886","15,500","11,000"
cols=6,1315,2024,449 Text Books,"11,154","7,000","7,000"
cols=6,1316,2024,471 Software,0,0,"139,850"
cols=6,1317,2024,499 Other Supplies and Materials,"36,986","48,000","25,000"
cols=6,1318,2024,524 Inservice,63,"3,000",0
cols=6,1319,2024,599 Other Charges,"5,538","9,000","3,500"
cols=6,1320,2024,730 Vocational Instruction Equipment,"3,157","30,000","430,970"
cols=6,1321,2024,790 Vocational Other Equipment,0,"10,000","10,000"
cols=6,1322,2024,Total Vocational Education Program,"1,060,893","1,337,238","1,840,162"
cols=6,1323,2024,Total Instruction,"18,433,354","21,724,353","22,204,127"
cols=6,1324,2024,72000 Support Services,,,
cols=6,1325,2024,72110 Attendance,,,
cols=6,1326,2024,105 Supervisor/Director,"79,240","85,000","92,000"
cols=6,1327,2024,189 Other Salaries & Wages,"34,126","36,857","56,000"
cols=6,1328,2024,201 Social Security,"8,653","9,218","11,322"
cols=6,1329,2024,204 State Retirement,"10,927","8,312","12,482"
cols=6,1330,2024,207 Medical Insurance,"11,442","17,244","18,451"
cols=6,1331,2024,355 Travel,"2,578","3,000","3,000"
cols=6,1332,2024,399 Other Contracted Services,"8,407","20,000","20,000"
cols=6,1333,2024,499 Other Supplies and Materials,"1,635","3,000","2,000"
cols=6,1334,2024,524 In Service/Staff Development,0,"1,000","1,000"
cols=6,1335,2024,719 Office Equipment,0,"6,000","5,000"
cols=6,1336,2024,Total Attendance,"157,008","189,631","221,255"
cols=6,1337,2024,72120 Health Services,,,
cols=6,1338,2024,105 Supervisor/Director,"68,253","71,000","75,000"
cols=6,1339,2024,130 Social Workers,0,0,"96,000"
cols=6,1340,2024,Account No. Description,Actual 2022-2023,Original Estimate 2023-2024,Estimate 2024-2025
cols=6,1341,2024,131 Medical Personnel,"163,424","360,000","380,000"
cols=6,1342,2024,189 Other Salaries & Wages,"51,020","56,000","57,000"
cols=6,1343,2024,201 Social security,"21,085","37,248","46,512"
cols=6,1344,2024,204 State Retirement,"27,811","47,354","54,720"
cols=6,1345,2024,207 Medical Insurance,"22,942","53,588","57,339"
cols=6,1346,2024,355 Travel,"4,503","5,000","4,000"
cols=6,1347,2024,399 Other Contracted Services,"4,215","6,000","56,821"
cols=6,1348,2024,413 Drugs and Medical Supplies,"3,819","5,500","5,500"
cols=6,1349,2024,499 Other Supplies and Materials,"2,720","3,500","3,500"
cols=6,1350,2024,524 Inservice,488,"5,000","4,000"
cols=6,1351,2024,599 Other Charges,"9,068","5,000","5,000"
cols=6,1352,2024,735 Health Equipment,"9,577","5,500","5,500"
cols=6,1353,2024,Total Health Service,"388,925","660,690","850,892"
cols=6,1354,2024,72130 Other Student Support,,,
cols=6,1355,2024,123 Guidance Personnel,"531,343","667,000","685,000"
cols=6,1356,2024,189 Other Salaries and Wages,"86,190","96,184","190,000"
cols=6,1357,2024,201 Social Security,"46,374","57,566","66,938"
cols=6,1358,2024,204 State Retirement,"61,507","57,650","74,885"
cols=6,1359,2024,207 Medical Insurance,"65,836","78,790","84,305"
cols=6,1360,2024,212 Employer Medicare,11,0,0
cols=6,1361,2024,322 Evaluating and Testing,"40,000","40,000","20,000"
cols=6,1362,2024,344 Payments to Schools - Other,"80,000","80,000","80,000"
cols=6,1363,2024,355 Travel,"2,690","5,000","8,000"
cols=6,1364,2024,399 Other Contracted Services,"24,412","25,000","25,000"
cols=6,1365,2024,499 Other Supplies and Materials,"4,000","4,000","4,000"
cols=6,1366,2024,524 Inservice,0,"3,000","3,000"
cols=6,1367,2024,599 Other Charges,"1,740","10,000","7,000"
cols=6,1368,2024,Total Other Student Support,"944,103","1,124,190","1,248,128"
cols=6,1369,2024,72210 Regular Instruction Program,,,
cols=6,1370,2024,105 Supervisor/Director,"42,100","45,100","119,000"
cols=6,1371,2024,129 Librarians,"426,777","475,000","485,000"
cols=6,1372,2024,161 Secretary(s),"201,768","220,000","235,000"
cols=6,1373,2024,162 Clerical Personnel,"215,804","255,000","272,000"
cols=6,1374,2024,189 Other Salaries and Wages,"21,069","20,000","20,000"
cols=6,1375,2024,201 Social Security,"66,364","78,803","86,522"
cols=6,1376,2024,204 State Retirement,"85,188","103,692","113,047"
cols=6,1377,2024,207 Medical Insurance,"154,660","177,615","190,048"
cols=6,1378,2024,212 Employer Medicare,23,0,0
cols=6,1379,2024,336 Maint and Repair Services - Equipment,"4,000","4,000","4,000"
cols=6,1380,2024,355 Travel,"1,081","5,000","2,500"
cols=6,1381,2024,399 Other Contracted Services,"14,680","16,000","16,000"
cols=6,1382,2024,432 Library Books and Media,"8,000","8,000","8,000"
cols=6,1383,2024,499 Other Supplies and Materials,"3,168","6,000","5,000"
cols=6,1384,2024,524 In-Service/Staff Development,276,"2,000","2,000"
cols=6,1385,2024,701 Administration Equipment,0,0,0
cols=6,1386,2024,722 Regular Instruction Equipment,"10,000","10,000",0
cols=6,1387,2024,Account No. Description,Actual 2022-2023,Original Estimate 2023-2024,Estimate 2024-2025
cols=6,1388,2024,790 Other Equipment,"6,790","50,000",0
cols=6,1389,2024,Total Regular Instruction Program,"1,261,748","1,476,210","1,558,117"
cols=6,1390,2024,72220 Special Education Program,,,
cols=6,1391,2024,105 Supervisor/Director,"72,938","84,088","96,742"
cols=6,1392,2024,124 Psychological Personnel,0,0,"80,000"
cols=6,1393,2024,131 Medical Personnel,0,0,"65,335"
cols=6,1394,2024,189 Other Salaries and Wages,"5,000","5,000","5,000"
cols=6,1395,2024,196 In-Service Training,425,"2,000","2,000"
cols=6,1396,2024,201 Social Security,"5,843","6,968","19,054"
cols=6,1397,2024,204 State Retirement,"6,338","7,742","19,683"
cols=6,1398,2024,207 Medical Insurance,"7,900","8,100","8,667"
cols=6,1399,2024,336 Maint and Repair Services - Equipment,794,"5,000","5,000"
cols=6,1400,2024,355 Travel,"7,045","7,500","7,500"
cols=6,1401,2024,524 In-Service Training,"2,231","7,000","4,000"
cols=6,1402,2024,Total Special Education Program,"108,514","133,398","312,981"
cols=6,1403,2024,72230 Career and Technical Education Program,,,
cols=6,1404,2024,105 Supervisor/Director,"167,860","173,500","89,613"
cols=6,1405,2024,189 Other Salaries and Wages,"2,000","2,000","81,937"
cols=6,1406,2024,201 Social Security,"7,488","13,426","13,075"
cols=6,1407,2024,204 State Retirement,"7,204","7,531","13,633"
cols=6,1408,2024,207 Medical Insurance,"7,542","8,100","24,867"
cols=6,1409,2024,336 Maint and Repair Services - Equipment,0,"3,000","3,000"
cols=6,1410,2024,355 Travel,766,"2,000","2,000"
cols=6,1411,2024,399 Other Contracted Services,0,0,"3,000"
cols=6,1412,2024,499 Other Supplies and Materials,"1,094","3,000",0
cols=6,1413,2024,524 In-Service Training,0,0,0
cols=6,1414,2024,790 Other Equipment,0,0,0
cols=6,1415,2024,Total Vocational Education Program,"193,954","212,557","231,125"
cols=6,1416,2024,72250 Technology,,,
cols=6,1417,2024,105 Supervisor,"68,253","73,713","74,816"
cols=6,1418,2024,189 Other Salaries and Wages,"5,167","10,000","70,659"
cols=6,1419,2024,201 Social Security,"5,589","6,197","11,129"
cols=6,1420,2024,204 State Retirement,"8,198","9,582","14,511"
cols=6,1421,2024,207 Medical Insurance,"7,900","8,100","8,667"
cols=6,1422,2024,336 Maint and Repair Services - Equipment,"1,350","10,000","10,000"
cols=6,1423,2024,350 Internet Connectivity,"92,786","105,000","105,000"
cols=6,1424,2024,355 Travel,354,"2,000","2,000"
cols=6,1425,2024,399 Other Contracted Services,"97,633","105,000","90,000"
cols=6,1426,2024,499 Other Supplies and Materials,"1,870","2,000","2,000"
cols=6,1427,2024,722 Regular Instruction Equipment,"31,505","120,000","75,000"
cols=6,1428,2024,Total Technology,"320,605","451,592","463,782"
cols=6,1429,2024,Account No. Description,Actual 2022-2023,Original Estimate 2023-2024,Estimate 2024-2025
cols=6,1430,2024,215 On-Behalf Payments for OPEB,"63,566","35,000","35,000"
cols=6,1431,2024,Total Other Programs,"63,566","35,000","35,000"
cols=6,1432,2024,72310 Board of Education,,,
cols=6,1433,2024,191 Board and Committee Members Fees,"9,059","16,800","16,800"
cols=6,1434,2024,196 In-Service Training,"3,381","12,000","12,000"
cols=6,1435,2024,201 Social Security,547,"2,203","2,203"
cols=6,1436,2024,204 Medical Insurance,0,0,"15,800"
cols=6,1437,2024,305 Audit Services,"27,500","35,000","35,000"
cols=6,1438,2024,320 Dues and Memberships,"19,220","32,000","32,000"
cols=6,1439,2024,331 Legal Services,"35,426","40,000","40,000"
cols=6,1440,2024,355 Travel,0,"5,000","5,000"
cols=6,1441,2024,399 Other Contracted Services,"16,947","17,000","17,000"
cols=6,1442,2024,506 Liability Insurance,"76,224","150,000","150,000"
cols=6,1443,2024,510 Trustees Commission,"132,008","140,000","140,000"
cols=6,1444,2024,513 Workers Compensation Insurance,"166,339","250,000","240,000"
cols=6,1445,2024,515 Liability Claims,500,0,0
cols=6,1446,2024,534 Refund to Applicant for Criminal Investigation,0,"6,200","1,000"
cols=6,1447,2024,599 Other Charges,"7,434","10,000","10,000"
cols=6,1448,2024,Total Board of Education,"494,585","716,203","716,803"
cols=6,1449,2024,72320 Director of Schools,,,
cols=6,1450,2024,101 County Official/Administrative Officer,"115,000","125,000","125,000"
cols=6,1451,2024,117 Career Ladder Program,0,"1,000",0
cols=6,1452,2024,161 Secretary(s),"96,768","108,000","116,000"
cols=6,1453,2024,201 Social Security,"16,062","17,901","18,437"
cols=6,1454,2024,204 State Retirement,"20,859","24,037","24,984"
cols=6,1455,2024,207 Medical Insurance,"11,900","14,000","14,980"
cols=6,1456,2024,307 Communication,244,"3,000","3,000"
cols=6,1457,2024,336 Maint and Repair Services - Equipment,"11,332","20,000","15,000"
cols=6,1458,2024,348 Postal Charges,0,"1,000","1,000"
cols=6,1459,2024,355 Travel,"2,178","3,400","1,400"
cols=6,1460,2024,399 Other Contracted Service,672,"5,000","5,000"
cols=6,1461,2024,435 Office Supplies,"1,726","2,500","2,500"
cols=6,1462,2024,499 Other Supplies and Materials,"2,725","3,500","3,500"
cols=6,1463,2024,599 Other Charges,"14,349",0,0
cols=6,1464,2024,Total Office of the Superintendent,"293,815","328,338","330,801"
cols=6,1465,2024,72410 Office of the Principal,,,
cols=6,1466,2024,104 Principals,"673,634","780,000","780,000"
cols=6,1467,2024,139 Assistant Principals,"517,280","570,000","650,000"
cols=6,1468,2024,189 Other Salaries and Wages,"89,100","96,184","101,507"
cols=6,1469,2024,201 Social Security,"95,556","110,504","117,160"
cols=6,1470,2024,204 State Retirement,"112,841","125,892","137,836"
cols=6,1471,2024,207 Medical Insurance,"134,327","158,612","169,715"
cols=6,1472,2024,348 Postal Charges,"1,600","1,600","1,000"
cols=6,1473,2024,355 Travel,292,"3,600","3,000"
cols=6,1474,2024,Account No. Description,Actual 2022-2023,Original Estimate 2023-2024,Estimate 2024-2025
cols=6,1475,2024,399 Other Contracted Services,"135,991","168,000","130,000"
cols=6,1476,2024,701 Administration Equipment,"32,444",0,0
cols=6,1477,2024,Total Office of the Principal,"1,793,065","2,014,392","2,090,218"
cols=6,1478,2024,72510 Fiscal Services,,,
cols=6,1479,2024,399 Other Contracted Services,"45,000","50,000","50,000"
cols=6,1480,2024,Total Fiscal Services,"45,000","50,000","50,000"
cols=6,1481,2024,72610 Operation of Plant,,,
cols=6,1482,2024,307 Communication,"39,481","50,000","50,000"
cols=6,1483,2024,399 Other Contracted Services,"717,290","775,000","829,250"
cols=6,1484,2024,410 Custodial Supplies,"34,018","38,500","38,500"
cols=6,1485,2024,415 Electricity,"883,028","975,000","1,000,000"
cols=6,1486,2024,434 Natural Gas,"85,127","200,000","160,000"
cols=6,1487,2024,454 Water and Sewer,"285,921","315,000","325,000"
cols=6,1488,2024,499 Other Supplies and Materials,332,"3,500","3,500"
cols=6,1489,2024,501 Boiler Insurance,"8,412","10,000","10,500"
cols=6,1490,2024,502 Building and Contents Insurance,"177,538","200,000","250,000"
cols=6,1491,2024,790 Other Equipment,0,0,"15,000"
cols=6,1492,2024,Total Operation of Plant,"2,231,147","2,567,000","2,681,750"
cols=6,1493,2024,72620 Maintenance of Plant,,,
cols=6,1494,2024,105 Supervisor/Director,"63,135","73,713","74,816"
cols=6,1495,2024,161 Secretary(s),"12,303","13,489","23,000"
cols=6,1496,2024,189 Other Salaries and Wages,"223,230","270,000","230,000"
cols=6,1497,2024,201 Social Security,"23,207","27,275","25,078"
cols=6,1498,2024,204 State Retirement,"35,376","42,214","41,783"
cols=6,1499,2024,207 Medical Insurance,"44,829","47,967","51,325"
cols=6,1500,2024,335 Maint & Repair Services - Building,"461,802","347,600","375,000"
cols=6,1501,2024,336 Maint & Repair Services - Equipment,"178,716","264,000","275,000"
cols=6,1502,2024,355 Travel,"3,920","5,000","3,000"
cols=6,1503,2024,399 Other Contracted Services,"141,278","231,000","250,000"
cols=6,1504,2024,418 Equipment and Machinery Parts,0,"10,000","10,000"
cols=6,1505,2024,499 Other Supplies and Materials,0,"1,000","1,000"
cols=6,1506,2024,701 Administrative Equipment,0,0,0
cols=6,1507,2024,707 Building Improvements,"44,607",0,0
cols=6,1508,2024,717 Maintenance Equipment,0,0,0
cols=6,1509,2024,718 Motor Vehicles,0,0,0
cols=6,1510,2024,Total Maintenance of Plant,"1,232,403","1,333,258","1,360,002"
cols=6,1511,2024,72710 Transportation,,,
cols=6,1512,2024,105 Supervisor/Director,"65,000","70,203","74,816"
cols=6,1513,2024,142 Mechanic(s),"84,639","140,000","130,000"
cols=6,1514,2024,146 Bus Drivers,"679,508","790,000","865,000"
cols=6,1515,2024,161 Secretary(s),"12,303","13,489","23,000"
cols=6,1516,2024,Account No. Description,Actual 2022-2023,Original Estimate 2023-2024,Estimate 2024-2025
cols=6,1517,2024,201 Social Security,"61,781","76,612","83,600"
cols=6,1518,2024,204 State Retirement,"102,435","91,000","129,389"
cols=6,1519,2024,207 Medical Insurance,"107,800","113,000","120,910"
cols=6,1520,2024,212 Employer Medicare,382,0,0
cols=6,1521,2024,299 Other Fringe Benefits,"17,445","37,500","25,000"
cols=6,1522,2024,335 Maintenance and Repair Services - Building,0,"5,000","5,000"
cols=6,1523,2024,338 Maintenance and Repair Services - Vehicles,"9,596","30,000","30,000"
cols=6,1524,2024,355 Travel,0,"3,000","3,000"
cols=6,1525,2024,399 Other Contracted Services,"39,355","60,000","60,000"
cols=6,1526,2024,412 Diesel Fuel,"153,178","220,000","200,000"
cols=6,1527,2024,418 Equipment and Machinery Parts,0,"2,000","2,000"
cols=6,1528,2024,424 Garage Supplies,0,"4,000","3,000"
cols=6,1529,2024,425 Gasoline,"39,294","45,000","45,000"
cols=6,1530,2024,433 Lubricants,"1,754","12,000","12,000"
cols=6,1531,2024,442 Propane,"45,611","75,000","70,000"
cols=6,1532,2024,450 Tires and Tubes,"17,963","30,000","25,000"
cols=6,1533,2024,453 Vehicles Parts,"62,437","115,000","100,000"
cols=6,1534,2024,511 Vehicle and Equipment Insurance,"44,384","50,000","65,000"
cols=6,1535,2024,599 Other Charges,0,"5,000","5,000"
cols=6,1536,2024,718 Motor Vehicles,0,"80,000",0
cols=6,1537,2024,729 Transportation Equipment,"435,672","478,500","160,000"
cols=6,1538,2024,790 Other Equipment,0,0,0
cols=6,1539,2024,Total Transportation,"1,980,537","2,546,304","2,236,715"
cols=6,1540,2024,72810 Central and Other,,,
cols=6,1541,2024,201 Social Security,210,383,383
cols=6,1542,2024,210 Unemployment Compensation,0,"35,000","20,000"
cols=6,1543,2024,299 Other Fringe Benefits,"2,675","5,000","5,000"
cols=6,1544,2024,316 Contributions,"140,000","152,500","50,000"
cols=6,1545,2024,399 Other Contracted Services,"9,876","35,000","50,000"
cols=6,1546,2024,499 Other Supplies and Materials,"13,111","30,000","15,000"
cols=6,1547,2024,599 Other Charges,"47,748","148,980","40,000"
cols=6,1548,2024,Total Central and Other,"213,620","406,863","180,383"
cols=6,1549,2024,Total Support Services,"11,722,595","14,245,626","14,567,952"
cols=6,1550,2024,73000 Operation of Non-Instructional Services,,,
cols=6,1551,2024,73100 Food Service,,,
cols=6,1552,2024,105 Supervisor/Director,"32,500","36,000","37,500"
cols=6,1553,2024,165 Cafeteria Personnel,"16,800",0,0
cols=6,1554,2024,201 Social Security,"3,528","2,754","2,869"
cols=6,1555,2024,204 State Retirement,"5,192","4,262","4,440"
cols=6,1556,2024,212 Employer Medicare,244,0,0
cols=6,1557,2024,Total Food Service,"58,264","43,016","44,809"
cols=6,1558,2024,Account No. Description,Actual 2022-2023,Original Estimate 2023-2024,Estimate 2024-2025
cols=6,1559,2024,105 Supervisor/Director,"34,126","36,900",0
cols=6,1560,2024,189 Other Salaries and Wages,"60,934","68,000","74,548"
cols=6,1561,2024,201 Social security,"7,145","8,025","5,703"
cols=6,1562,2024,204 State Retirement,"10,679","12,420","8,826"
cols=6,1563,2024,207 Medical Insurance,"18,911","19,289","16,200"
cols=6,1564,2024,499 Other Supplies and Materials,"4,997","5,000","5,000"
cols=6,1565,2024,719 Office Equipment,300,"5,000","5,000"
cols=6,1566,2024,Total Community Services,"137,092","154,634","115,277"
cols=6,1567,2024,73400 Early Childhood Education,,,
cols=6,1568,2024,105 Supervisor/Director,"42,100","45,100","47,100"
cols=6,1569,2024,116 Teachers,"195,989","218,000","223,789"
cols=6,1570,2024,163 Educational Assistants,"66,552","80,000","84,662"
cols=6,1571,2024,189 Other Salaries and Wages,"10,133","12,000","12,000"
cols=6,1572,2024,198 Non-Certified Substitute Teachers,0,"5,000","5,000"
cols=6,1573,2024,201 Social Security,"23,192","27,548","28,500"
cols=6,1574,2024,204 Retirement,"29,301","32,000","25,678"
cols=6,1575,2024,207 Medical Insurance,"51,479","64,940","50,326"
cols=6,1576,2024,355 Travel,0,500,500
cols=6,1577,2024,399 Other Contracted Services,0,"2,000",0
cols=6,1578,2024,429 Instructional Supplies and Materials,"10,642","10,500","10,500"
cols=6,1579,2024,449 Textbooks-Bound,"1,955",0,0
cols=6,1580,2024,499 Other Supplies and Materials,"14,849","10,500","14,500"
cols=6,1581,2024,524 Inservice,0,"2,000","2,000"
cols=6,1582,2024,790 Other Equipment,"10,972","15,000","15,000"
cols=6,1583,2024,Total Early Childhood Education,"457,164","525,088","519,555"
cols=6,1584,2024,Total Operation of Non-Instructional Services,"652,520","722,738","679,641"
cols=6,1585,2024,76000 Capital Outlay,,,
cols=6,1586,2024,76100 Regular Capital Outlay,,,
cols=6,1587,2024,304 Architects,0,0,"97,072"
cols=6,1588,2024,399 Other Contracted Services,0,0,"2,254"
cols=6,1589,2024,706 Building Construction,0,0,"790,928"
cols=6,1590,2024,707 Building Improvements,0,0,"137,000"
cols=6,1591,2024,790 Other Equipment,0,0,"6,000"
cols=6,1592,2024,799 Other Capital Outlay,"330,015","2,011,000","635,000"
cols=6,1593,2024,Total Regular Capital Outlay,"330,015","2,011,000","1,668,254"
cols=6,1594,2024,82300 Other Debt Service,,,
cols=6,1595,2024,82330 Education,,,
cols=6,1596,2024,620 Debt Service Contribution to Primary Government,0,0,0
cols=6,1597,2024,Total Regular Capital Outlay,0,0,0
cols=6,1598,2024,Total Estimated Expenditures,"31,138,484","38,703,717","39,119,974"
cols=6,1599,2024,Account No. Description,Actual 2022-2023,Original Estimate 2023-2024,Estimate 2024-2025
cols=6,1600,2024,99000 ESTIMATED OTHER USES,,,
cols=6,1601,2024,99100 Transfers Out,,,
cols=6,1602,2024,590 Transfers to Other Funds,0,0,0
cols=6,1603,2024,Total Estimated Other Uses,0,0,0
cols=6,1604,2024,Total Estimated Expenditures and Other Uses,"31,138,484","38,703,717","39,119,974"
cols=6,1605,2024,Excess of Estimated Revenues Over (Under) Estimated Expenditures,"952,872","-7,749,668","-7,329,605"
cols=6,1606,2024,Estimated Beginning Fund Balances July 1,"12,115,861","13,068,733","11,968,733"
cols=6,1607,2024,Fund Balance Audit Adjustment Estimated Ending Fund Balances June 30,"13,068,733","5,319,065","4,639,128"
cols=6,1608,2024,Account No Description,Actual 2022-2023,Original Estimated 2023-2024,Estimated 2024-2025
cols=6,1609,2024,ESTIMATED REVENUES,,,
cols=6,1610,2024,43000 CHARGES FOR CURRENT SERVICES,,,
cols=6,1611,2024,43500 Education Charges,,,
cols=6,1612,2024,43521 Lunch Payments Children,"340,953","540,000",0
cols=6,1613,2024,43522 Lunch Payments Adults,"30,045","75,000","28,498"
cols=6,1614,2024,43523 Income from Breakfast,"87,940","85,000","2,969"
cols=6,1615,2024,43525 A la Carte Sales,"115,256","175,000","225,000"
cols=6,1616,2024,Total Charges for Current Services,"574,194","875,000","256,467"
cols=6,1617,2024,44000 OTHER LOCAL REVENUES,,,
cols=6,1618,2024,44100 Recurring Items,,,
cols=6,1619,2024,44110 Investment Income,"2,221","1,000","1,000"
cols=6,1620,2024,44500 Non-Recurring Items,,,
cols=6,1621,2024,44530 Sale of Equipment,0,0,0
cols=6,1622,2024,Total Other Local Revenues,"2,221","1,000","1,000"
cols=6,1623,2024,46000 STATE OF TENNESSEE,,,
cols=6,1624,2024,46500 State Education Funds,,,
cols=6,1625,2024,46520 School Food Service,"16,734",0,0
cols=6,1626,2024,46800 Other State Revenue,,,
cols=6,1627,2024,46980 Other State Grants,0,0,0
cols=6,1628,2024,46990 Other State Revenue,397,0,0
cols=6,1629,2024,Total State of Tennessee,"17,131",0,0
cols=6,1630,2024,47000 FEDERAL GOVERNMENT,,,
cols=6,1631,2024,47100 Federal Through State,,,
cols=6,1632,2024,47111 USDA School Lunch Program,"1,063,615","1,035,000","1,700,000"
cols=6,1633,2024,47112 USDA-Commodities,"133,059",0,0
cols=6,1634,2024,47113 Breakfast,"387,076","540,000","750,000"
cols=6,1635,2024,47114 USDA-Other,"176,363","35,970",0
cols=6,1636,2024,Total Federal Government,"1,760,113","1,610,970","2,450,000"
cols=6,1637,2024,TOTAL ESTIMATED REVENUE,"2,353,659","2,486,970","2,707,467"
cols=6,1638,2024,49000 ESTIMATED OTHER SOURCES(NON-REVENUE) 49800 Transfer In,0,0,0
cols=6,1639,2024,TOTAL ESTIMATE OTHER SOURCES,0,0,0
cols=6,1640,2024,TOTAL ESTIMATED REVENUE AND OTHER SOURCE,"2,353,659","2,486,970","2,707,467"
cols=6,1641,2024,Account No Description,Actual 2022-2023,Estimated 2023-2024,Estimated 2024-2025
cols=6,1642,2024,ESTIMATED EXPENDITURES,,,
cols=6,1643,2024,73000 OPERATION OF NON-INSTRUCTIONAL SERVICES,,,
cols=6,1644,2024,73100 Food Services,,,
cols=6,1645,2024,105 Supervisor/Director,"32,503","37,000","38,500"
cols=6,1646,2024,119 Accountants/Bookkeeper,"123,963","155,000","175,000"
cols=6,1647,2024,165 Cafeteria Personnel,"490,032","657,000","675,000"
cols=6,1648,2024,189 Other Salaries & Wages,0,0,"53,221"
cols=6,1649,2024,201 Social Security,"43,571","64,948","72,042"
cols=6,1650,2024,204 State Retirement,"69,507","100,522","111,500"
cols=6,1651,2024,207 Medical Insurance,"48,000","135,000","145,000"
cols=6,1652,2024,307 Communication,"3,118","3,500","4,200"
cols=6,1653,2024,336 Maint & Repair Services - Equipment,"91,792","59,000","75,000"
cols=6,1654,2024,354 Transportation - Other than Students,"4,251","5,000","5,000"
cols=6,1655,2024,355 Travel,"3,501","4,000","3,000"
cols=6,1656,2024,399 Other Contracted Services,"42,299","59,000","59,000"
cols=6,1657,2024,422 Food Supplies,"848,662","1,213,000","1,150,000"
cols=6,1658,2024,422-SCA Food Supplies-Supply Chain,"78,612",0,0
cols=6,1659,2024,452 Utilities,"1,279","3,000","30,000"
cols=6,1660,2024,469 USDA-Commodities,"133,059",0,0
cols=6,1661,2024,499 Other Supplies and Materials,"102,255","198,024","175,000"
cols=6,1662,2024,599 Other Charges,"21,699","25,000","27,500"
cols=6,1663,2024,710 Food Service Equipment,"12,750","180,500","450,000"
cols=6,1664,2024,Total Food Service,"2,150,853","2,899,494","3,248,963"
cols=6,1665,2024,Total Estimated Expenditures,"2,150,853","2,899,494","3,248,963"
cols=6,1666,2024,Excess of Estimated Revenues Over,,,
cols=6,1667,2024,(Under) Estimated Expenditures,"202,806","-412,524","-541,496"
cols=6,1668,2024,Estimated Beginning Fund Balance July 1,"1,091,080","1,293,886","1,173,886"
cols=6,1669,2024,Estimated Ending Fund Balance June 30,"1,293,886","881,362","632,390"
cols=6,1670,2024,Account No. Description,Actual 2022-2023,Original Estimated 2023-2024,Estimated 2024-2025
cols=6,1671,2024,ESTIMATED REVENUES,,,
cols=6,1672,2024,40000 LOCAL TAXES,,,
cols=6,1673,2024,40100 County Property Taxes,,,
cols=6,1674,2024,40110 Current Property Taxes,"87,373","85,582",0
cols=6,1675,2024,40120 Trustee's Collection-Prior Year,"1,780","3,000","2,000"
cols=6,1676,2024,40125 Trustee's Collection-Bankruptcy,18,100,100
cols=6,1677,2024,40130 Circuit/Clerk & Master Coll-Prior Years,930,"1,500",735
cols=6,1678,2024,40140 Interest & Penalty,390,500,500
cols=6,1679,2024,40161 Payments in lieu of Taxes-TVA,97,150,150
cols=6,1680,2024,Total County Property Taxes,"90,588","90,832","3,485"
cols=6,1681,2024,40200 County Local Option Taxes,,,
cols=6,1682,2024,40210 Local Option Sales Taxes,"1,820,400","1,700,000","250,000-"
cols=6,1683,2024,40240 Wheel Tax,"827,497","850,000","850,000"
cols=6,1684,2024,40270 Business Tax,"1,390","1,300","1,300"
cols=6,1685,2024,Total County Local Option Taxes,"2,649,287","2,551,300","1,101,300"
cols=6,1686,2024,Total Local Taxes,"2,739,875","2,642,132","1,104,785"
cols=6,1687,2024,44000 OTHER LOCAL REVENUES,,,
cols=6,1688,2024,44100 Recurring Items,,,
cols=6,1689,2024,44110 Investment Income,"522,345","300,000","650,000"
cols=6,1690,2024,Total Recurring Items,"522,345","300,000","650,000"
cols=6,1691,2024,44500 Nonrecurring Items,,,
cols=6,1692,2024,44990 Other Local Revenue,0,0,0
cols=6,1693,2024,Total Nonrecurring Items,0,0,0
cols=6,1694,2024,Total Other Local Revenues,"522,345","300,000","650,000"
cols=6,1695,2024,46000 STATE OF TENNESSEE,,,
cols=6,1696,2024,46800 Other State Revenues,,,
cols=6,1697,2024,46851 State Revenue Sharing-TVA,"6,312","6,312","6,431"
cols=6,1698,2024,Total State of Tennessee,"6,312","6,312","6,431"
cols=6,1699,2024,Account No. Description,Actual 2022-2023,Original Estimated 2023-2024,Estimated 2024-2025
cols=6,1700,2024,48130 Contributions,0,"27,219",0
cols=6,1701,2024,Total Other Governments and Citizens Groups,0,"27,219",0
cols=6,1702,2024,Total Estimated Revenues,"3,268,532","2,975,663","1,761,216"
cols=6,1703,2024,49000 ESTIMATED OTHER SOURCES,,,
cols=6,1704,2024,49200 Notes Issued,0,0,0
cols=6,1705,2024,49800 Transfers In,"487,998","296,975","608,373"
cols=6,1706,2024,Total Estimated Other Sources,"487,998","296,975","608,373"
cols=6,1707,2024,Total Estimated Revenues and Other Sources,"3,756,530","3,272,638","2,369,589"
cols=6,1708,2024,ESTIMATED EXPENDITURES,,,
cols=6,1709,2024,82100 PRINCIPAL ON DEBT,,,
cols=6,1710,2024,82110 General Government,,,
cols=6,1711,2024,602 Principal on Notes,"128,353","133,707","139,554"
cols=6,1712,2024,612 Principal on Other Loans,"427,000","443,780","459,000"
cols=6,1713,2024,Total General Government,"555,353","577,487","598,554"
cols=6,1714,2024,82120 Highways and Streets,,,
cols=6,1715,2024,602 Principal on Notes,"159,100","164,100","167,200"
cols=6,1716,2024,Total Highways and Streets,"159,100","164,100","167,200"
cols=6,1717,2024,82130 Education,,,
cols=6,1718,2024,612 Principal on Other Loans,"1,697,424","1,449,147","1,411,000"
cols=6,1719,2024,Total Education,"1,697,424","1,449,147","1,411,000"
cols=6,1720,2024,Total Principal Payments,"2,411,877","2,190,734","2,176,754"
cols=6,1721,2024,82200 INTEREST ON DEBT,,,
cols=6,1722,2024,82210 General Government,,,
cols=6,1723,2024,604 Interest on Notes,"55,825","50,473","44,627"
cols=6,1724,2024,613 Interest on Other Loans,"103,838","110,981","113,874"
cols=6,1725,2024,Total General Government,"159,663","161,454","158,501"
cols=6,1726,2024,82220 Highway and Streets,,,
cols=6,1727,2024,604 Interest on Notes,"36,093","32,875","28,891"
cols=6,1728,2024,Total Highways and Streets,"36,093","32,875","28,891"
cols=6,1729,2024,Account No. Description,Actual 2022-2023,Original Estimated 2023-2024,Estimated 2024-2025
cols=6,1730,2024,82230 Education,,,
cols=6,1731,2024,613 Interest on other Loans,"287,622","297,230","376,651"
cols=6,1732,2024,Total Education,"287,622","297,230","376,651"
cols=6,1733,2024,82300 OTHER DEBT SERVICE,,,
cols=6,1734,2024,82310 General Government,,,
cols=6,1735,2024,510 Trustees Commission,"28,328","45,000","45,000"
cols=6,1736,2024,699 Other Debt Service,"23,130","21,608","19,099"
cols=6,1737,2024,Total General Government,"51,458","66,608","64,099"
cols=6,1738,2024,82320 Highway and Streets,,,
cols=6,1739,2024,699 Other Debt Service,0,0,0
cols=6,1740,2024,Total Highways and Streets,0,0,0
cols=6,1741,2024,82330 Education,,,
cols=6,1742,2024,699 Other Debt Service,"54,177","47,578","40,369"
cols=6,1743,2024,Total Education,"54,177","47,578","40,369"
cols=6,1744,2024,Total Interest Payments,"589,013","605,745","668,510"
cols=6,1745,2024,Total Principal and Interest Payments,"3,000,890","2,796,479","2,845,264"
cols=6,1746,2024,99000 OTHER USES,,,
cols=6,1747,2024,99100 Transfers Out,,,
cols=6,1748,2024,590 Transfers to Other Funds,0,0,0
cols=6,1749,2024,Total Estimated Other Uses,0,0,0
cols=6,1750,2024,Total Estimated Expenditures and Other Uses,"3,000,890","2,796,479","2,845,264"
cols=6,1751,2024,Excess of Estimated Revenues and Other Sources Over,,,
cols=6,1752,2024,(Under) Estimated Expenditures and Other Uses,"755,640","476,159","-475,675"
cols=6,1753,2024,"Estimated Beginning Fund Balance, July 1","3,283,713","4,039,353","5,400,000"
cols=6,1754,2024,Fund Balance Audit Adjustment,,,
cols=6,1755,2024,"Estimated Ending fund Balance, June 30","4,039,353","4,515,512","4,924,325"
cols=7,1756,2024,Account No. Description,Actual 2022-2023,Original Estimated 2023-2024,Estimated 2024-2025
cols=7,1757,2024,ESTIMATED REVENUE,,,
cols=7,1758,2024,OPERATING REVENUE,,,
cols=7,1759,2024,43000 CHARGES FOR CURRENT SERVICES,,,
cols=7,1760,2024,43100 General Services Charges,,,
cols=7,1761,2024,43106 Commercial & Industrial Collection Charge,"232,096","140,000","212,000"
cols=7,1762,2024,43107 Residential Waste Collection Charge,"129,385","100,000","135,000"
cols=7,1763,2024,43110 Tipping Fees,"78,485","50,000","50,000"
cols=7,1764,2024,43114 Solid Waste Disposal Fee,"856,684","850,000","850,000"
cols=7,1765,2024,Total Charges for Current Services,"1,296,650","1,140,000","1,247,000"
cols=7,1766,2024,44000 OTHER LOCAL REVENUES,,,
cols=7,1767,2024,44100 Recurring Items,,,
cols=7,1768,2024,44110 Investment Income,"15,406","6,000","30,000"
cols=7,1769,2024,44120 Lease/Rentals,"86,084","65,000","58,000"
cols=7,1770,2024,44145 Sale of Recycled Materials,"108,266","100,000","150,000"
cols=7,1771,2024,44170 Miscellaneous Refunds,0,0,0
cols=7,1772,2024,Total Recurring Items,"209,756","171,000","238,000"
cols=7,1773,2024,44500 Non-Recurring Items,,,
cols=7,1774,2024,44530 Sale of Equipment,0,"15,000","15,000"
cols=7,1775,2024,Total Non-Recurring Items,0,"15,000","15,000"
cols=7,1776,2024,Total Other Local Revenues,"209,756","186,000","253,000"
cols=7,1777,2024,46000 STATE OF TENNESSEE,,,
cols=7,1778,2024,46100 General Government Grants,,,
cols=7,1779,2024,46170 Solid Waste Grants,0,0,0
cols=7,1780,2024,46400 Public Works Grants,,,
cols=7,1781,2024,46430 Litter Program,"32,608","49,300","49,300"
cols=7,1782,2024,Total Public Works Grants,"32,608","49,300","49,300"
cols=7,1783,2024,46800 Other State Revenues,,,
cols=7,1784,2024,46980 Other State Grants,"1,866",0,0
cols=7,1785,2024,46990 Other State Revenues,0,"9,000","9,000"
cols=7,1786,2024,Total Other State Revenues,"1,866","9,000","9,000"
cols=7,1787,2024,Total State of Tennessee,"34,474","58,300","58,300"
cols=7,1788,2024,Account No. Description,Actual 2022-2023,Original Estimated 2023-2024,Estimated 2024-2025
cols=7,1789,2024,47100 Federal Through State,,,
cols=7,1790,2024,47230 Disaster Relief,"33,594.00",0,0
cols=7,1791,2024,47235 Homeland Security Grants,0,0,0
cols=7,1792,2024,Total Federal Through State,"33,594",0,0
cols=7,1793,2024,Total Federal Government,"33,594",0,0
cols=7,1794,2024,48000 OTHER GOVERNMENTS AND CITIZENS GROUPS,,,
cols=7,1795,2024,48100 Other Governments,,,
cols=7,1796,2024,48140 Contracted Services,"214,477","245,000","215,000"
cols=7,1797,2024,Total Other Governments,"214,477","245,000","215,000"
cols=7,1798,2024,49000 Non-Revenue,,,
cols=7,1799,2024,49100 Bonds Issured,0,0,0
cols=7,1800,2024,49700 Insurance Recovery,"15,840",0,0
cols=7,1801,2024,49800 Transfer In,0,0,0
cols=7,1802,2024,Total Estimated Revenues,"1,804,791","1,629,300","1,773,300"
cols=7,1803,2024,ESTIMATED EXPENDITURES,,,
cols=7,1804,2024,55000 PUBLIC HEALTH AND WELFARE,,,
cols=7,1805,2024,55710 Sanitation Management,,,
cols=7,1806,2024,105 Supervisor/Director,"61,687","63,007","66,157"
cols=7,1807,2024,106 Deputy(ies),"36,109","37,933","39,829"
cols=7,1808,2024,121 Data Processing Personnel,"19,903","28,392","29,528"
cols=7,1809,2024,140 Salary Supplements,750,"1,125","1,500"
cols=7,1810,2024,143 Equipment Operators,"75,855","79,608","82,578"
cols=7,1811,2024,144 Equipment Operators-Heavy,"40,647","41,868","80,000"
cols=7,1812,2024,149 Laborers,"95,030","126,000","96,264"
cols=7,1813,2024,162 Clerical Personnel,"33,007","34,360","36,078"
cols=7,1814,2024,169 Part-Time Personnel,"107,852","124,817","131,058"
cols=7,1815,2024,186 Longevity Pay,"11,300","11,700","12,100"
cols=7,1816,2024,187 Overtime Pay,"16,730","20,000","21,000"
cols=7,1817,2024,201 Social Security,"36,697","44,000","46,000"
cols=7,1818,2024,204 State Retirement,"41,007","57,000","58,000"
cols=7,1819,2024,207 Medical Insurance,"94,131","130,000","130,000"
cols=7,1820,2024,302 Advertising,0,"2,500","2,000"
cols=7,1821,2024,307 Communication,"3,910","8,000","5,900"
cols=7,1822,2024,309 Contracts with Government Agencies,"6,239","10,000",0
cols=7,1823,2024,317 Data Processing Services,"3,495","7,200","7,918"
cols=7,1824,2024,318 Debt Collection Services,"13,280","9,000","14,000"
cols=7,1825,2024,331 Legal Services,0,"1,000","1,000"
cols=7,1826,2024,"332 Legal Notices, Recording, and Court Cost",902,"1,500","1,500"
cols=7,1827,2024,335 Maintenance and Repair Services - Buildings,"14,652","15,000","30,000"
cols=7,1828,2024,336 Maintenance & Repair Services - Equipment,"92,822","60,000","75,000"
cols=7,1829,2024,338 Maintenance & Repair Services - Vehicles,"12,177","25,000","25,000"
cols=7,1830,2024,347 Pest Control,"1,620","1,800","1,800"
cols=6,1831,2024,Account No. Description,Actual 2022-2023,Original Estimated 2023-2024,Estimated 2024-2025
cols=6,1832,2024,348 Postal Charges,"4,100","5,700","5,700"
cols=6,1833,2024,"349 Printing, Stationery and Forms",630,"2,000","2,000"
cols=6,1834,2024,351 Rentals,"19,494","20,000","20,000"
cols=6,1835,2024,355 Travel,"1,365","2,500",500
cols=6,1836,2024,359 Disposal Fees,"659,165","600,000","750,000"
cols=6,1837,2024,399 Other Contracted Services,"3,873","5,000","10,000"
cols=6,1838,2024,410 Custodial Supplies,0,"1,800","1,800"
cols=6,1839,2024,412 Diesel Fuel,"70,700","95,000","95,000"
cols=6,1840,2024,415 Electricity,"17,631","19,000","19,000"
cols=6,1841,2024,"420 Fertilizer, Lime Chemicals and Seed",0,"2,000","2,000"
cols=6,1842,2024,425 Gasoline,"4,290","8,000","8,000"
cols=6,1843,2024,433 Lubricants,"2,794","5,000","8,600"
cols=6,1844,2024,435 Office Supplies,"2,605","4,000","4,000"
cols=6,1845,2024,436 Other Road Materials,881,"5,000","5,000"
cols=6,1846,2024,446 Small Tools,"1,546","2,000","2,000"
cols=6,1847,2024,450 Tires and Tubes,"9,461","15,000","15,000"
cols=6,1848,2024,451 Uniforms,"1,427","5,000",0
cols=6,1849,2024,452 Utilities,"12,842","18,000","18,000"
cols=6,1850,2024,462 Wire,0,"7,000","8,230"
cols=6,1851,2024,463 Testing,779,"15,000","15,000"
cols=6,1852,2024,499 Other Supplies and Materials,"2,255","5,000","5,000"
cols=6,1853,2024,510 Trustees Commission,"15,069","18,000","20,000"
cols=6,1854,2024,514 Depreciation,"119,552","45,171","45,171"
cols=6,1855,2024,517 Surcharge,"9,642","9,000","10,000"
cols=6,1856,2024,524 In Service/Staff Development,549,650,650
cols=6,1857,2024,612 Principal on Other Loans,"75,000","77,000","78,000"
cols=6,1858,2024,613 Interest on Other Loans,"6,660","20,193","18,368"
cols=6,1859,2024,718 Motor Vehicles,0,0,0
cols=6,1860,2024,719 Office Equipment,376,"5,000","2,500"
cols=6,1861,2024,733 Solid Waste Equipment,"3,000",0,0
cols=6,1862,2024,791 Other Construction,"4,800","15,000","15,000"
cols=6,1863,2024,Total Sanitation Management,"1,870,288","1,972,824","2,178,729"
cols=6,1864,2024,60000 HIGHWAYS,,,
cols=6,1865,2024,64000 Litter and Trash Collection,,,
cols=6,1866,2024,105 Supervisor/Director,"25,265","25,900","25,900"
cols=6,1867,2024,429 Instructional Supply and Materials,"12,325","12,325","12,325"
cols=6,1868,2024,599 Other Charges,"9,270","11,075","11,075"
cols=6,1869,2024,Total Litter and Trash Collection,"46,860","49,300","49,300"
cols=6,1870,2024,90000 CAPITAL PROJECTS,,,
cols=6,1871,2024,91140 Public Health and Welfare Projects,,,
cols=6,1872,2024,799 Other Capital Outlay-Reserve,"18,488","56,000","16,000"
cols=6,1873,2024,799-GRT Other Capital Outlay-Grant,0,0,0
cols=6,1874,2024,799-GRT1 Other Capital Outlay-Grant 1,0,0,0
cols=6,1875,2024,799-LOAN Other Capital Outlay-Loan,"37,393",0,0
cols=6,1876,2024,Total Public Health and Welfare Projects,"55,881","56,000","16,000"
cols=6,1877,2024,Account No. Description,Actual 2022-2023,Original Estimated 2023-2024,Estimated 2024-2025
cols=6,1878,2024,Total Estimated Expenditures,"1,973,029","2,078,124","2,244,029"
cols=6,1879,2024,Excess of Estimated Revenue Over (under),,,
cols=6,1880,2024,Estimated Expenditures,"-168,238","-448,824","-470,729"
cols=6,1881,2024,Estimated Beginning Fund Balance July 1,"1,153,795","985,557","550,000"
cols=6,1882,2024,Fund Balance Audit Adjustment,,,
cols=6,1883,2024,Estimated Ending Fund Balance June 30,"985,557","536,733","79,271"
cols=6,146,2025,Account No. Description,Actual 2023-2024,Original Estimated 2024-2025,Estimated 2025-2026
cols=6,147,2025,ESTIMATED REVENUES,,,
cols=6,148,2025,40000 LOCAL TAXES,,,
cols=6,149,2025,40100 County Property Taxes,,,
cols=6,150,2025,40110 Current Property Taxes,"9,372,859","10,091,397","11,093,332"
cols=6,151,2025,40120 Trustees Collection Prior Year,"238,686","195,000","200,000"
cols=6,152,2025,40125 Trustees Collection-Bankruptcy,414,400,400
cols=6,153,2025,40130 Clerk & Master Prior Years,"92,630","75,000","100,000"
cols=6,154,2025,40140 Interest and Penalty,"43,205","40,000","40,000"
cols=6,155,2025,40161 Payments in Lieu of Taxes TVA,"9,282","9,200","9,600"
cols=6,156,2025,40162 Payments in Lieu of Taxes-Loc Utilities,"38,867","34,000","43,000"
cols=6,157,2025,40163 Payments in Lieu of Taxes-Other,"4,128","7,000","4,000"
cols=6,158,2025,Total County Property Taxes,"9,800,071","10,451,997","11,490,332"
cols=6,159,2025,40200 County Local Option Taxes,,,
cols=6,160,2025,40210 Local Option,0,"1,600,000","2,100,000"
cols=6,161,2025,40220 Hotel/Motel Tax,"63,602","58,000","70,000"
cols=6,162,2025,40250 Litigation Tax General,"102,715","85,000","75,000"
cols=6,163,2025,40260 Litigation Tax-Special Purpose,"14,265","12,500","10,000"
cols=6,164,2025,"40266 Litigation Tax-Jail,Workhouse,Courthouse","91,709","80,500","75,000"
cols=6,165,2025,40267 Litigation Tax-Victim Offender,"6,051","5,000","4,000"
cols=6,166,2025,40270 Business Tax,"140,093","120,000","140,000"
cols=6,167,2025,40275 Mixed Drink Tax,"2,383","1,300","2,300"
cols=6,168,2025,Total County Local Option Taxes,"420,818","1,962,300","2,476,300"
cols=6,169,2025,40300 Statutory Local Taxes,,,
cols=6,170,2025,40320 Bank Excise Tax,"58,334","50,000","55,000"
cols=6,171,2025,40330 Wholesale Beer Tax,"228,118","230,000","210,000"
cols=6,172,2025,40390 Other Statutory Local Taxes,"4,161","4,200","3,500"
cols=6,173,2025,Total Local Option Taxes,"290,613","284,200","268,500"
cols=6,174,2025,TOTAL LOCAL TAXES,"10,511,502","12,698,497","14,235,132"
cols=6,175,2025,41000 LICENSES AND PERMITS,,,
cols=6,176,2025,41100 Licenses,,,
cols=6,177,2025,41140 Cable TV Franchise,"50,817","50,000","44,000"
cols=6,178,2025,41500 Permits,,,
cols=6,179,2025,41510 Beer Permits,"3,599","3,500","3,200"
cols=6,180,2025,41520 Building Permits,"111,354","115,000","112,000"
cols=6,181,2025,TOTAL LICENSES AND PERMITS,"165,770","168,500","159,200"
cols=6,182,2025,42000 FINES FORFEITURES AND PENALTIES,,,
cols=6,183,2025,42100 Circuit Court,,,
cols=6,184,2025,42110 Fines,"3,730","2,800","5,500"
cols=6,185,2025,Account No. Description,Actual 2023-2024,Original Estimated 2024-2025,Estimated 2025-2026
cols=6,186,2025,42120 Officers Cost,"1,930","1,800","2,200"
cols=6,187,2025,42141 Drug Court Fees,294,400,400
cols=6,188,2025,42150 Jail Fees,722,700,"1,000"
cols=6,189,2025,42180 DUI Treatment Fines,285,500,"1,000"
cols=6,190,2025,42190 Data Entry Fee-Circuit Court,384,400,400
cols=6,191,2025,Total Circuit Court,"7,345","6,600","10,500"
cols=6,192,2025,42200 Criminal Court,,,
cols=6,193,2025,42280 DUI Treatment Fines,251,250,250
cols=6,194,2025,Total Criminal Court,251,250,250
cols=6,195,2025,42300 General Sessions Court,,,
cols=6,196,2025,42310 Fines,"12,654","10,000","12,000"
cols=6,197,2025,42320 Officers Cost,"35,069","30,800","35,000"
cols=6,198,2025,42330 Game and Fish Fines,146,150,295
cols=6,199,2025,42341 Drug Court Fees,"3,350","2,200","5,000"
cols=6,200,2025,42350 Jail Fees,"8,517","7,100","8,500"
cols=6,201,2025,42380 DUI Treatment Fines,"3,773","3,000","4,000"
cols=6,202,2025,42390 Data Entry Fee-General Sessions,"14,484","13,380","11,500"
cols=6,203,2025,Total General Sessions Court,"77,993","66,630","76,295"
cols=6,204,2025,42400 Juvenile Court,,,
cols=6,205,2025,42410 Fines,0,0,200
cols=6,206,2025,42420 Officers Costs,0,0,"1,000"
cols=6,207,2025,42490 Data Entry Fee-Juvenile Court,0,0,"2,000"
cols=6,208,2025,Total Juvenile Court,0,0,"3,200"
cols=6,209,2025,42500 Chancery Court,,,
cols=6,210,2025,42520 Officers Costs,14,500,0
cols=6,211,2025,42530 Data Entry Fee-Chancery Court,"2,362","2,500","2,500"
cols=6,212,2025,Total Chancery Court,"2,376","3,000","2,500"
cols=6,213,2025,42800 Judicial District Drug Program,,,
cols=6,214,2025,42871 Courtroom Security Fee,"9,702","7,200","13,000"
cols=6,215,2025,Total Judicial District Drug Program,"9,702","7,200","13,000"
cols=6,216,2025,"42900 Other Fines, Forfeitures, and Seizures",,,
cols=6,217,2025,42910 Proceeds from Confiscated Property,"3,061","2,700","3,000"
cols=6,218,2025,42910-STOR Proceeds from Confiscated Property-Storage,"8,361","35,000","20,000"
cols=6,219,2025,"Total Other Fines, Forfeitures and Seizures","11,422","37,700","23,000"
cols=6,220,2025,"TOTAL FINES, FORFEITURES AND PENALTIES","109,089","121,380","128,745"
cols=6,221,2025,Account No. Description,Actual 2023-2024,Original Estimated 2024-2025,Estimated 2025-2026
cols=6,222,2025,43000 CHARGES FOR CURRENT SERVICES,,,
cols=6,223,2025,43100 General Services,,,
cols=6,224,2025,43102 Other Employee Benefit Charges/Contrib,"29,906","25,000","25,000"
cols=6,225,2025,43120 Patient Charges,"1,052,104","1,100,000","1,000,000"
cols=6,226,2025,Total Charges for General Services,"1,082,010","1,125,000","1,025,000"
cols=6,227,2025,43300 Fees,,,
cols=6,228,2025,43350 Copy Fees,"3,549","2,500","3,200"
cols=6,229,2025,43350-LIB Copy Fees-Library,"7,998","5,500","7,000"
cols=6,230,2025,43360 Library Fees,"1,886","1,800","1,500"
cols=6,231,2025,43365 Archives and Records Management Fees,"18,403","16,200","14,000"
cols=6,232,2025,43370 Telephone Commissions,"69,593","60,000","60,000"
cols=6,233,2025,43383 Additional Fees-Titling and Registration,"19,020","18,000","18,000"
cols=6,234,2025,43392 Data Processing Fees Register,"12,176","12,000","12,100"
cols=6,235,2025,43393 Probation Fees,"1,881","1,770","2,000"
cols=6,236,2025,43394 Data Processing Fees-Sheriff,"5,047",100,100
cols=6,237,2025,43395 Sexual Offenders Registration Fees-Sheriff,"5,850","5,500","5,500"
cols=6,238,2025,43396 Data Processing Fee-County Clerk,"1,086",700,845
cols=6,239,2025,43399 Vehicle Insurance Coverage and Reinstatement Fee,"4,098","2,200","4,100"
cols=6,240,2025,Total Charges for Fees,"150,587","126,270","128,345"
cols=6,241,2025,TOTAL CHARGES FOR CURRENT SERVICES,"1,232,597","1,251,270","1,153,345"
cols=6,242,2025,44000 OTHER LOCAL REVENUES,,,
cols=6,243,2025,44100 Recurring items,,,
cols=6,244,2025,44110-LIB Investment Income-Library,"3,786","1,000","2,000"
cols=6,245,2025,44120 Lease/Rentals,"18,735","21,000","24,000"
cols=6,246,2025,44131 Commissary Sales,"18,973","15,000","39,000"
cols=6,247,2025,44170 Miscellaneous Refunds,0,"12,000","12,000"
cols=6,248,2025,Total Recurring Items,"41,494","49,000","77,000"
cols=6,249,2025,44500 Nonrecurring Items,,,
cols=6,250,2025,44530 Sale of Equipment,"4,350",0,0
cols=6,251,2025,44540 Sale of Property,"18,470",0,0
cols=6,252,2025,44540-STOR Sale of Property-Storage,0,0,0
cols=6,253,2025,44570 Contributions and Gifts,0,0,0
cols=6,254,2025,44570-LIB Contributions and Gifts-Library,"5,209","1,000","1,000"
cols=6,255,2025,44990-LIB Other Local Revenue-Library,"2,559","1,500","1,500"
cols=6,256,2025,Total Nonrecurring Items,"30,588","2,500","2,500"
cols=6,257,2025,TOTAL OTHER LOCAL REVENUES,"72,082","51,500","79,500"
cols=6,258,2025,45000 FEES RECEIVED FROM COUNTY OFFICALS,,,
cols=6,259,2025,45100 Excess Fees,,,
cols=6,260,2025,45160 Juvenile Court Clerk,"7,889","6,960",0
cols=6,261,2025,45500 Fees in Lieu of Salary,,,
cols=6,262,2025,45510 County Clerk,"265,322","265,000","270,000"
cols=6,263,2025,Account No. Description,Actual 2023-2024,Original Estimated 2024-2025,Estimated 2025-2026
cols=6,264,2025,45520 Circuit Court Clerk,"42,610","40,000","20,000"
cols=6,265,2025,45540 General Sessions Court Clerk,"187,385","180,000","180,000"
cols=6,266,2025,45550 Clerk & Master,"76,448","80,000","80,000"
cols=6,267,2025,45560 Juvenile Court Clerk,0,0,"6,000"
cols=6,268,2025,45580 Register,"151,228","140,000","150,000"
cols=6,269,2025,45590 Sheriff,"15,888","20,000","20,000"
cols=6,270,2025,45610 Trustee,"463,910","450,000","490,000"
cols=6,271,2025,TOTAL FEES RECEIVED FROM COUNTY OFFICIALS,"1,210,680","1,181,960","1,216,000"
cols=6,272,2025,46000 STATE OF TENNESSEE,,,
cols=6,273,2025,46100 General Government Grants,,,
cols=6,274,2025,46110 Juvenile Service Program,"9,000","9,000","9,000"
cols=6,275,2025,Total General Government Grants,"9,000","9,000","9,000"
cols=6,276,2025,46200 Public Safety Grants,,,
cols=6,277,2025,46210 Law Enforcement Training Programs,"23,200","30,400","29,600"
cols=6,278,2025,46210-RETEN Law Enforcement Training Programs-Retention Supplement,0,0,0
cols=6,279,2025,46240 School Resource Officer Grants,"375,000","375,000","375,000"
cols=6,280,2025,46290 Other Public Safety Grants,"173,601",0,0
cols=6,281,2025,46290-MHT Other Public Safety Grants-Mental Health Transport,0,0,0
cols=6,282,2025,46290-TCI Other Public Safety Grants-TN Correction Institute,"14,596",0,0
cols=6,283,2025,46290-TDDTF Other Public Safety Grants-TN Dangerous Drug Task Force,0,"145,200","145,200"
cols=6,284,2025,46290-TLETA Other Public Safety Grants-TN Law Enforcement Training,"27,000","40,000","40,000"
cols=6,285,2025,46290-VCIF Other Public Safety Grants-Violent Crime Intervention,"145,113","15,000",0
cols=6,286,2025,Total Public Safety Grants,"758,510","605,600","589,800"
cols=6,287,2025,46300 Health and Welfare Grants,,,
cols=6,288,2025,46310 Health Department Programs,"297,001","347,775","368,220"
cols=6,289,2025,46330 Emergency Medical Service Training Programs,0,"24,000","24,000"
cols=6,290,2025,46390 Other Health and Welfare Grants,0,0,0
cols=6,291,2025,Total Health and Welfare Grants,"297,001","371,775","392,220"
cols=6,292,2025,46800 Other State Revenues,,,
cols=6,293,2025,46820 Income Tax,358,700,700
cols=6,294,2025,46830 Beer Tax,"18,498","19,000","19,000"
cols=6,295,2025,46835 Vehicle Certificates of Title Fees,"6,860","7,000","7,000"
cols=6,296,2025,46840 Alcoholic Beverage Tax,"94,747","95,000","95,000"
cols=6,297,2025,46845 Opioid Settlement Funds-TN Abatement Council,"149,650","165,160",0
cols=6,298,2025,46851 State Revenue Sharing-TVA,"667,705","667,705","674,235"
cols=6,299,2025,46852 State Revenue Sharing-Telecommunications,"49,476","54,500","45,000"
cols=6,300,2025,46855 State Shared Sports Gaming,"39,716","35,000","40,000"
cols=6,301,2025,46915 Contracted Prisoner Boarding,"264,778","200,000","240,000"
cols=6,302,2025,46960 Registrar's Salary Supplement,"15,164","18,955","15,164"
cols=6,303,2025,46980 Other State Grants,"11,317",0,0
cols=6,304,2025,46980-LAND Other State Grants-Land Use Plan,"7,770","25,000",0
cols=6,305,2025,46980-LIB Other State Grants-Library,"16,424","3,000","3,000"
cols=6,306,2025,46980-TOUR Other State Grants-Tourism,0,0,0
cols=6,307,2025,Account No. Description,Actual 2023-2024,Original Estimated 2024-2025,Estimated 2025-2026
cols=6,308,2025,46990 Other State Revenues,"31,114","8,000","8,000"
cols=6,309,2025,Total Other State Revenues,"1,373,577","1,299,020","1,147,099"
cols=6,310,2025,TOTAL STATE OF TENNESSEE,"2,438,088","2,285,395","2,138,119"
cols=6,311,2025,47000 FEDERAL GOVERNMENT,,,
cols=6,312,2025,47100 Federal Through State,,,
cols=6,313,2025,47235 Homeland Security Grants,"42,730","41,127","28,535"
cols=6,314,2025,47235-THSO Homeland Security Grants-TN Hwy Safety,"19,123","20,000",0
cols=6,315,2025,47250-ELC Law Enforcement Grants-ELC Confinement Facility,"183,504",0,0
cols=6,316,2025,47301 Covid 19 Grant#1-Dept of Health Drug Room(Immunization),"7,794","90,800",0
cols=6,317,2025,47406 American Rescue Plan Act Grant A-Dept of Health,0,0,0
cols=6,318,2025,47407 American Rescue Plan Act Grant B-TDEC BALUD,0,0,"78,000"
cols=6,319,2025,47590 Other Federal Through State,"215,024",0,"4,098"
cols=6,320,2025,Total Federal Through State,"468,175","151,927","110,633"
cols=6,321,2025,47600 DIRECT FEDERAL REVENUE,,,
cols=6,322,2025,47903 American Rescue Plan Act Grant #8 (LATCF),"50,000",0,0
cols=6,323,2025,47990 Other Direct Federal,"6,685",0,0
cols=6,324,2025,Total Direct Federal,"56,685",0,0
cols=6,325,2025,TOTAL FEDERAL GOVERNMENT,"524,860","151,927","110,633"
cols=6,326,2025,48000 OTHER GOVERNMENTS AND CITIZEN GROUPS,,,
cols=6,327,2025,48100 Other Governments,,,
cols=6,328,2025,48130 Contributions,"45,745","45,000","45,000"
cols=6,329,2025,Total Other Governments,"45,745","45,000","45,000"
cols=6,330,2025,48600 Citizens Groups,,,
cols=6,331,2025,48610 Donations,0,0,0
cols=6,332,2025,48610-HOSP Donations-Ascension St. Thomas Hickman,0,0,0
cols=6,333,2025,48610-LIB Donations-Library,390,0,"2,500"
cols=6,334,2025,Total Citizen Groups,390,0,"2,500"
cols=6,335,2025,48900 Other,,,
cols=6,336,2025,48990-TRMT Other-Tennessee Risk Management Grant,"24,475",0,0
cols=6,337,2025,48991 Opioid Settlement Funds-Past Remediation,"62,774","27,585",0
cols=6,338,2025,Total Other,"87,249","27,585",0
cols=6,339,2025,TOTAL OTHER GOVERNMENTS AND CITIZEN GROUPS,"133,384","72,585","47,500"
cols=6,340,2025,TOTAL ESIMATED REVENUES,"16,398,052","17,983,014","19,268,174"
cols=6,341,2025,49000 ESTIMATED OTHER SOURCES (NON-REVENUE) 49700 Insurance Recovery,0,"40,000","40,000"
cols=6,342,2025,Account No. Description,Actual 2023-2024,Original Estimated 2024-2025,Estimated 2025-2026
cols=6,343,2025,49800 Transfers In,"35,000","35,000","35,000"
cols=6,344,2025,TOTAL ESTIMATED OTHER SOURCES (NON-REVENUE),"35,000","75,000","75,000"
cols=6,345,2025,TOTAL ESTIMATED REVENUES AND OTHER SOURCES,"16,433,052","18,058,014","19,343,174"
cols=6,346,2025,ESTIMATED EXPENDITURES,,,
cols=6,347,2025,51000 GENERAL ADMINISTRATION,,,
cols=6,348,2025,51100 County Commission,,,
cols=6,349,2025,191 Board and Committee Members Fees,"33,600","33,600","33,600"
cols=6,350,2025,301 Accounting Services,0,"1,500","1,500"
cols=6,351,2025,305 Audit Services,"10,718","11,500","11,500"
cols=6,352,2025,"332 Legal Notices, Recording and Court Cost","1,452","5,000","5,000"
cols=6,353,2025,355 Travel,"1,278","2,500","2,500"
cols=6,354,2025,719 Office Equipment,88,0,0
cols=6,355,2025,51210 Board of Equalization,,,
cols=6,356,2025,191 Board and Committee Members Fees,"2,665","3,500","3,500"
cols=6,357,2025,51220 Beer Board,,,
cols=6,358,2025,533 Criminal Investigation of Applicants,145,"1,000","1,000"
cols=6,359,2025,Total County Commission,"49,946","58,600","58,600"
cols=6,360,2025,51300 County Mayor,,,
cols=6,361,2025,101 County Official,"104,776","110,015","113,316"
cols=6,362,2025,161 Secretary,"32,774","36,458","37,552"
cols=6,363,2025,"332 Legal Notices, Rec & Court Cost","1,072","1,200","1,200"
cols=6,364,2025,355 Travel,0,"3,000","3,000"
cols=6,365,2025,399 Other Contracted Services,"3,383","5,000","5,000"
cols=6,366,2025,435 Office Supplies,"1,456","1,500","1,500"
cols=6,367,2025,524 In-Service/Staff Development,670,"1,500","1,500"
cols=6,368,2025,719 Office Equipment,0,"1,000","1,000"
cols=6,369,2025,Total County Mayor,"144,131","159,673","164,068"
cols=6,370,2025,51400 County Attorney,,,
cols=6,371,2025,331 Legal Services,"54,020","40,000","45,000"
cols=6,372,2025,599 Other Charges(Deductibles),0,"5,000","5,000"
cols=6,373,2025,Total County Attorney,"54,020","45,000","50,000"
cols=6,374,2025,51500 Election Commission,,,
cols=6,375,2025,101 County Official,"81,644","85,726","88,298"
cols=6,376,2025,106 Deputy,"34,678","36,197","37,283"
cols=6,377,2025,169 Part-Time Personnel,"14,416","19,000","19,000"
cols=6,378,2025,192 Election Commission,"3,660","8,400","8,400"
cols=6,379,2025,193 Election Workers,"18,039","60,000","30,000"
cols=6,380,2025,Account No. Description,Actual 2023-2024,Original Estimated 2024-2025,Estimated 2025-2026
cols=6,381,2025,317 Data Processing Services,"2,729","4,500","4,500"
cols=6,382,2025,"332 Legal Notices, Rec and Court Costs","2,087","4,500","4,500"
cols=6,383,2025,337 Maint and Repair-Office Equip,0,"1,500","1,500"
cols=6,384,2025,349 Printing Stationary and Forms,"3,512","9,000","4,500"
cols=6,385,2025,351 Rentals,750,"3,000","1,500"
cols=6,386,2025,355 Travel,"1,433","4,000","2,000"
cols=6,387,2025,399 Other Contracted Services,"9,096","25,000","25,000"
cols=6,388,2025,435 Office Supplies,"1,480","5,000","5,000"
cols=6,389,2025,719 Office Equipment,0,"5,000","5,000"
cols=6,390,2025,790 Other Equipment,"226,341",0,0
cols=6,391,2025,Total Election Commission,"399,865","270,823","236,481"
cols=6,392,2025,51600 Register of Deeds,,,
cols=6,393,2025,101 County Official,"90,715","95,251","98,109"
cols=6,394,2025,106 Deputy,"34,828","36,222","37,309"
cols=6,395,2025,140 Salary Supplement,"2,752","4,500","4,500"
cols=6,396,2025,162 Clerical Personnel,"29,187","30,355","31,266"
cols=6,397,2025,186 Longevity Pay,"1,600","2,200","2,400"
cols=6,398,2025,317 Data Processing Services,"10,654","16,000","16,000"
cols=6,399,2025,"332 Legal Notices, Recording and Court Costs",0,22,22
cols=6,400,2025,337 Maint and Repair Services,498,"2,500","2,500"
cols=6,401,2025,355 Travel,787,"2,000","2,000"
cols=6,402,2025,399 Other Contracted Services,200,200,300
cols=6,403,2025,435 Office Supplies,"2,312","2,400","2,400"
cols=6,404,2025,524 In-Service/Staff Development,765,"1,200","1,200"
cols=6,405,2025,719 Office Equipment,0,"2,000","2,000"
cols=6,406,2025,Total Register of Deeds,"174,298","194,850","200,006"
cols=6,407,2025,51720 Planning,,,
cols=6,408,2025,105 Supervisor/Director,"65,101","67,705","81,456"
cols=6,409,2025,106 Deputy(s),"37,391","38,887","40,054"
cols=6,410,2025,140 Salary Supplement,0,750,750
cols=6,411,2025,162 Clerical Personnel,"24,160","29,271","30,149"
cols=6,412,2025,186 Longevity Pay,"1,000","1,100","1,200"
cols=6,413,2025,191 Board and Committee Member Fees,"2,775","4,200","6,000"
cols=6,414,2025,312 Contracts with Private Agencies,"13,400","18,000","26,325"
cols=6,415,2025,317 Data Processing Service,"2,489","3,120","3,120"
cols=6,416,2025,331 Legal Services,"11,603","12,000","12,000"
cols=6,417,2025,"332 Legal Notices, Recording & Court Costs",310,"5,000","6,000"
cols=6,418,2025,338 Maint and Repair Services-Vehicle,"3,994","2,500","2,500"
cols=6,419,2025,"349 Printing, Stationary, and Forms","1,215","1,500","1,500"
cols=6,420,2025,355 Travel,"1,145","1,500","1,500"
cols=6,421,2025,399 Other Contracted Services,"10,140","35,000","35,000"
cols=6,422,2025,399-LAND Other Contracted Services-Land Use Plan,"7,770","149,194",0
cols=6,423,2025,425 Gasoline,"2,802","4,500","4,500"
cols=6,424,2025,435 Office Supplies,"1,168","1,200","1,200"
cols=6,425,2025,499 Other Supplies and Materials,60,800,800
cols=6,426,2025,524 In-Service/Staff Development,"1,825","4,500","4,500"
cols=6,427,2025,718 Motor Vehicles,"19,200",0,0
cols=6,428,2025,Account No. Description,Actual 2023-2024,Original Estimated 2024-2025,Estimated 2025-2026
cols=6,429,2025,719 Office Equipment,"1,722","2,800","2,800"
cols=6,430,2025,791 Other Construction,0,0,0
cols=6,431,2025,Total Planning,"209,270","383,527","261,354"
cols=6,432,2025,51800 County Buildings,,,
cols=6,433,2025,105 Facility Supervisor,"52,501","57,751","59,484"
cols=6,434,2025,166 Custodial Personnel,"29,164","30,346","31,256"
cols=6,435,2025,167 Maintenance Personnel,"47,251","49,142","50,616"
cols=6,436,2025,169 Part-Time Personnel,"7,194","14,500","15,000"
cols=6,437,2025,186 Longevity,0,0,500
cols=6,438,2025,335 Maint and Repair-buildings,"209,622","245,000","245,000"
cols=6,439,2025,335-ADA Maint and Repair-buildings(ADA),"3,000","3,000","3,000"
cols=6,440,2025,336 Maint and Repair-equipment,"1,242","10,000","10,000"
cols=6,441,2025,338 Maint and Repair-vehicle,"5,755","5,000","5,000"
cols=6,442,2025,355 Travel,108,750,500
cols=6,443,2025,410 Custodial Supplies,"7,860","18,000","15,000"
cols=6,444,2025,425 Gasoline,"3,381","6,000","6,000"
cols=6,445,2025,435 Office Supplies,455,"1,000","1,000"
cols=6,446,2025,451 Uniforms,"1,485","2,000","2,000"
cols=6,447,2025,599 Other Charges,451,"1,000","1,000"
cols=6,448,2025,599-BMC Other Charges-Buford McCord Sports Complex,0,0,0
cols=6,449,2025,718 Motor Vehicles,"12,000",0,0
cols=6,450,2025,Total County Buildings,"381,469","443,489","445,356"
cols=6,451,2025,51810 Other Facilities,,,
cols=6,452,2025,307 Communication,"139,571","140,000","140,000"
cols=6,453,2025,347 Pest Control,"6,000","8,000","8,500"
cols=6,454,2025,359 Disposal Fee,162,"1,000","1,200"
cols=6,455,2025,415 Electricity,"146,664","180,000","185,000"
cols=6,456,2025,452 Utilities,"97,672","110,000","115,000"
cols=6,457,2025,Total Other Facilities,"390,069","439,000","449,700"
cols=6,458,2025,51900 Other General Administration (Technology),,,
cols=6,459,2025,189 Other Salaries and Wages,"89,925",0,0
cols=6,460,2025,334 Maintenance Agreements,"14,086","12,500","28,000"
cols=6,461,2025,336 Maintenance and Repair-Equipment,0,"1,500","1,000"
cols=6,462,2025,355 Travel,74,0,0
cols=6,463,2025,399 Other Contracted Services,0,"85,000","85,000"
cols=6,464,2025,499 Other Supplies and Materials,51,0,0
cols=6,465,2025,719 Office Equipment,"21,214","16,000",0
cols=6,466,2025,Total Other General Administration,"125,350","115,000","114,000"
cols=6,467,2025,51910 Preservation of Records,,,
cols=6,468,2025,140 Salary Supplement,"1,500","1,500","1,500"
cols=6,469,2025,162 Clerical Personnel,"33,758","35,109","36,163"
cols=6,470,2025,186 Longevity Pay,"2,400","2,500","2,500"
cols=6,471,2025,351 Rentals,"2,000","12,000","12,000"
cols=6,472,2025,Account No. Description,Actual 2023-2024,Original Estimated 2024-2025,Estimated 2025-2026
cols=6,473,2025,355 Travel,0,150,100
cols=6,474,2025,399 Other Contracted Services,"1,648","4,000","4,000"
cols=6,475,2025,435 Office Supplies,0,550,400
cols=6,476,2025,499 Other Supplies and Materials,0,680,400
cols=6,477,2025,524 In-Service/Staff Development,100,100,100
cols=6,478,2025,599 Other Charges,94,100,100
cols=6,479,2025,719 Office Equipment,0,0,"1,500"
cols=6,480,2025,Total Preservation of Records,"41,500","56,689","58,763"
cols=6,481,2025,Total General Administration,"1,969,918","2,166,651","2,038,328"
cols=6,482,2025,52000 FINANCE,,,
cols=6,483,2025,52100 Accounting and Budgeting,,,
cols=6,484,2025,101 Administrative Officer,"90,715","95,251","98,109"
cols=6,485,2025,103 Assistants,"47,251","50,000","51,501"
cols=6,486,2025,119 Accounts/Bookkeepers,"129,466","135,850","139,928"
cols=6,487,2025,140 Salary Supplement,"7,125","7,875","8,625"
cols=6,488,2025,186 Longevity Pay,"3,500","3,800","4,100"
cols=6,489,2025,317 Data Processing Services,"22,629","44,054","43,000"
cols=6,490,2025,332 Legal Notices Rec Court Costs,"6,646","6,500","6,500"
cols=6,491,2025,349 Printing Stationary Forms,"5,277","5,500","4,500"
cols=6,492,2025,355 Travel,98,"2,100","2,100"
cols=6,493,2025,399 Other Contracted Services,"3,187","3,400","3,400"
cols=6,494,2025,435 Office Supplies,"4,486","3,500","3,500"
cols=6,495,2025,508 Surety Bond,0,300,300
cols=6,496,2025,524 In-Service/Staff Development,500,"1,000","1,000"
cols=6,497,2025,719 Office Equipment,313,"2,000","2,000"
cols=6,498,2025,Total Accounting and Budgeting,"321,193","361,130","368,563"
cols=6,499,2025,52300 Property Assessor Office,,,
cols=6,500,2025,101 County Official,"90,715","95,251","98,109"
cols=6,501,2025,140 Salary Supplement,"3,378","4,100","4,100"
cols=6,502,2025,162 Clerical Personnel,"103,050","132,233","136,200"
cols=6,503,2025,169 Part-Time Personnel,0,0,"5,000"
cols=6,504,2025,186 Longevity Pay,"1,100",600,700
cols=6,505,2025,187 Overtime Pay(Re-appraisal),0,0,"3,000"
cols=6,506,2025,187-PY Overtime Pay( PY Re-appraisal),0,0,0
cols=6,507,2025,312 Contracts with Private Agencies,"6,484","10,000","10,000"
cols=6,508,2025,317 Data Processing Services,"36,644","40,425","42,500"
cols=6,509,2025,332 Legal Notices,91,200,200
cols=6,510,2025,337 Maint and Repair-Office Equipment,0,"1,000","1,000"
cols=6,511,2025,338 Maint and Repair-Vehicle,344,"2,000","1,500"
cols=6,512,2025,349 Printing Stationary Forms,"2,075","2,310","9,100"
cols=6,513,2025,355 Travel,"1,532","3,500","3,500"
cols=6,514,2025,399 Other Contracted Services,"8,030","7,000","8,500"
cols=6,515,2025,425 Gasoline,833,"3,000","3,000"
cols=6,516,2025,435 Office Supplies,"2,391","3,500","3,500"
cols=6,517,2025,524 In-Service/Staff Development,"1,230","4,000","4,000"
cols=6,518,2025,599 Other Charges,0,"5,000","11,000"
cols=6,519,2025,Account No. Description,Actual 2023-2024,Original Estimated 2024-2025,Estimated 2025-2026
cols=6,520,2025,719 Office Equipment,"10,746","6,000","6,000"
cols=6,521,2025,Total Property Assessor's Office,"268,643","320,119","350,909"
cols=6,522,2025,52400 County Trustee's Office,,,
cols=6,523,2025,101 County Official,"90,715","95,251","98,109"
cols=6,524,2025,106 Deputy,"37,041","38,523","39,679"
cols=6,525,2025,121 Data Processing Personnel,"29,704","34,216","35,243"
cols=6,526,2025,140 Salary Supplement,"4,252","4,875","5,250"
cols=6,527,2025,162 Clerical Personnel,"32,681","31,200","32,136"
cols=6,528,2025,169 Part-time Personnel,"12,121","15,750","16,223"
cols=6,529,2025,186 Longevity Pay,"2,900","4,300","4,500"
cols=6,530,2025,317 Data Processing Services,"11,019","11,000","11,000"
cols=6,531,2025,"332 Legal Notices, Recording and Court Costs",332,400,500
cols=6,532,2025,349 Printing Stationary Forms,"5,687","6,900","6,900"
cols=6,533,2025,355 Travel,809,"2,200","2,600"
cols=6,534,2025,399 Other Contracted Services,"1,783","3,325","2,500"
cols=6,535,2025,435 Office Supplies,"2,456","3,500","3,500"
cols=6,536,2025,508 Surety Bond,0,0,0
cols=6,537,2025,524 In-Service/Staff Development,"1,175","1,600","1,600"
cols=6,538,2025,719 Office Equipment,"2,808","3,500","3,500"
cols=6,539,2025,Total Trustees Office,"235,483","256,540","263,240"
cols=6,540,2025,52500 County Clerk Office,,,
cols=6,541,2025,101 County Official,"90,715","95,251","98,109"
cols=6,542,2025,106 Deputy,"35,416","36,833","38,565"
cols=6,543,2025,140 Salary Supplement,"6,128","7,500","6,000"
cols=6,544,2025,161 Secretary,"33,758","35,109","36,163"
cols=6,545,2025,162 Clerical Personnel,"96,606","100,512","103,971"
cols=6,546,2025,169 Part-Time Personnel,"10,927","15,000","17,000"
cols=6,547,2025,186 Longevity Pay,"6,000","6,400","5,900"
cols=6,548,2025,317 Data Processing Services,"27,282","28,467","30,000"
cols=6,549,2025,355 Travel,"2,546","4,000","6,000"
cols=6,550,2025,435 Office Supplies,"4,074","4,000","4,000"
cols=6,551,2025,524 In-Service/Staff Development,"1,055","1,500","2,775"
cols=6,552,2025,719 Office Equipment,"1,971","3,500","3,500"
cols=6,553,2025,Total County Clerk,"316,478","338,072","351,983"
cols=6,554,2025,Total Finance,"1,141,797","1,275,861","1,334,695"
cols=6,555,2025,53000 ADMINISTRATION OF JUSTICE,,,
cols=6,556,2025,53100 Circuit Court,,,
cols=6,557,2025,101 County Official,"90,715","95,251","98,109"
cols=6,558,2025,106 Deputies,"170,987","216,199","222,686"
cols=6,559,2025,140 Salary Supplement,0,0,0
cols=6,560,2025,169 Part-time Personnel,"7,372","15,000","17,000"
cols=6,561,2025,186 Longevity Pay,"5,400","5,700","6,700"
cols=6,562,2025,189 Other Salaries and Wages,"16,218",0,0
cols=6,563,2025,194 Jury & Witness Fees,"1,750","5,000","5,000"
cols=6,564,2025,Account No. Description,Actual 2023-2024,Original Estimated 2024-2025,Estimated 2025-2026
cols=6,565,2025,317 Data Processing Services,"26,494","30,000","31,500"
cols=6,566,2025,"332 Legal Notices, Recording & Court Costs",395,650,650
cols=6,567,2025,337 Maint and Repair Services - Equipment,0,"2,500","2,500"
cols=6,568,2025,355 Travel,0,150,150
cols=6,569,2025,399 Other Contracted Services,40,800,800
cols=6,570,2025,435 Office Supplies,"4,898","6,000","6,500"
cols=6,571,2025,508 Premiums on Corporate Surety Bonds,50,200,200
cols=6,572,2025,719 Office Equipment,"24,137","8,000","8,000"
cols=6,573,2025,Total Circuit Court,"348,456","385,450","399,795"
cols=6,574,2025,53300 General Sessions Court,,,
cols=6,575,2025,102 Judge,"130,041","134,083","139,299"
cols=6,576,2025,123 Guidance Personnel,"62,190","64,678","66,618"
cols=6,577,2025,161 Secretary,"20,499","30,748","31,670"
cols=6,578,2025,169 Part-time Personnel,"6,191","9,120","9,374"
cols=6,579,2025,355 Travel,"2,924","3,500","3,500"
cols=6,580,2025,399 Other Contracted Services,"1,750","6,600","6,600"
cols=6,581,2025,432 Library Books,"1,317","2,000","2,000"
cols=6,582,2025,435 Office Supplies,"1,669","1,750","1,750"
cols=6,583,2025,524 In-Service/Staff Development,"1,495","2,000","2,000"
cols=6,584,2025,719 Office Equipment,"2,344","2,500","2,500"
cols=6,585,2025,Total General Sessions Court,"230,420","256,979","265,311"
cols=6,586,2025,53310 General Sessions Judge,,,
cols=6,587,2025,102 Judge,0,"2,300","2,300"
cols=6,588,2025,355 Travel,0,"1,000","1,000"
cols=6,589,2025,524 In-Service/Staff Development,0,700,700
cols=6,590,2025,Total General Sessions Judge,0,"4,000","4,000"
cols=6,591,2025,53400 Chancery Court,,,
cols=6,592,2025,101 County Official,"90,715","95,251","98,109"
cols=6,593,2025,103 Assistant,"31,051","32,294","33,263"
cols=6,594,2025,106 Deputy,"26,754","27,825","29,690"
cols=6,595,2025,140 Salary Supplement,"1,500","1,500","1,500"
cols=6,596,2025,169 Part-time Personnel,0,"14,000","14,420"
cols=6,597,2025,186 Longevity Pay,"2,300","2,400","2,500"
cols=6,598,2025,317 Data Processing Services,"15,660","17,185","18,430"
cols=6,599,2025,"332 Legal Notices, Recording & Court Costs",0,"1,500","1,500"
cols=6,600,2025,355 Travel,325,"2,000","2,000"
cols=6,601,2025,435 Office Supplies,"4,569","6,000","6,000"
cols=6,602,2025,719 Office Equipment,0,"2,000","2,000"
cols=6,603,2025,Total Chancery Court,"172,874","201,955","209,412"
cols=6,604,2025,53700 Judicial Commissioners,,,
cols=6,605,2025,169 Part-time Personnel,"17,008","17,689","18,219"
cols=6,606,2025,186 Longevity,"1,200","1,200","1,400"
cols=6,607,2025,189 Other Salaries & Wages,"36,888","38,993","40,164"
cols=6,608,2025,Account No. Description,Actual 2023-2024,Original Estimated 2024-2025,Estimated 2025-2026
cols=6,609,2025,196 In-Service Training,454,"1,250","1,150"
cols=6,610,2025,355 Travel,"1,262","5,000","5,000"
cols=6,611,2025,435 Office Supplies,529,700,"1,700"
cols=6,612,2025,524 In-Service/Staff Development,0,200,200
cols=6,613,2025,599 Other Charges,340,480,480
cols=6,614,2025,Total Judicial Commissioners,"57,681","65,512","68,313"
cols=6,615,2025,53920 Courtroom Security,,,
cols=6,616,2025,431 Law Enforcement Supplies,0,0,0
cols=6,617,2025,799-SEC Other Capital Outlay-Security Grant,"147,227",0,0
cols=6,618,2025,Total Courtroom Security,"147,227",0,0
cols=6,619,2025,Total Administration of Justice,"956,658","913,896","946,831"
cols=6,620,2025,54000 PUBLIC SAFETY,,,
cols=6,621,2025,54110 Sheriff's Department,,,
cols=6,622,2025,101 County Official,"99,787","104,776","107,920"
cols=6,623,2025,103 Assistant,"43,271","45,002","45,330"
cols=6,624,2025,106 Deputies,"1,171,598","1,418,601","1,520,314"
cols=6,625,2025,106-SEC Deputies (Courtroom Security),"108,411","114,916","118,362"
cols=6,626,2025,119 Accounts/Bookkeepers,"41,178","42,826","38,213"
cols=6,627,2025,140 Salary Supplements,"24,700","31,900","29,600"
cols=6,628,2025,140-RETEN Salary Supplements-Retention Salary Supplements,0,0,0
cols=6,629,2025,148 Dispatchers and Radio Operators,"356,748","380,000","390,000"
cols=6,630,2025,169-SEC Part-time Personnel,"31,225","46,000","46,000"
cols=6,631,2025,170 School Resource Officer,"39,503","51,843","53,398"
cols=6,632,2025,170-SROG School Resource Officer-Grant,"249,625","264,856","271,725"
cols=6,633,2025,186 Longevity Pay,"19,800","19,600","19,000"
cols=6,634,2025,187 Overtime Pay,"112,099","110,000","120,000"
cols=6,635,2025,187-MHT Overtime Pay-Mental Health Transport,0,0,0
cols=6,636,2025,187-TDDTF Overtime Pay-TN Dangerous Drug Task Force,"2,067","145,200","145,200"
cols=6,637,2025,187-THSO Overtime Pay- TN Hwy Safety Grant,"9,175",0,0
cols=6,638,2025,187-VCIF Overtime Pay-Violent Crimes,"14,575","15,000",0
cols=6,639,2025,188 Bonus Payments,"29,000","37,000","39,000"
cols=6,640,2025,189 Other Salaries and Wages,"34,106",0,0
cols=6,641,2025,201-SROG Social Security-School Resource Officer Grant,"19,115","9,995","15,000"
cols=6,642,2025,204-SROG State Retirement-School Resource Officer Grant,"29,584","32,500","30,000"
cols=6,643,2025,206-SROG Life Insurance-School Resource Officer Grant,"1,968",0,0
cols=6,644,2025,207-SROG Medical Insurance-School Resource Officer Grant,"54,574","53,752","44,378"
cols=6,645,2025,210-SROG Unemployment Compensation-School Resource Officer G,105,0,0
cols=6,646,2025,302 Advertising,60,500,"1,000"
cols=6,647,2025,307 Communication,"8,747","15,000","15,000"
cols=6,648,2025,312 Contracts with Private Agencies,0,"2,500","2,500"
cols=6,649,2025,317 Data Processing Services,"20,142","30,000","30,000"
cols=6,650,2025,331 Legal Services,0,200,200
cols=6,651,2025,336 Maint and Repair Services - Equipment,0,"2,000","2,000"
cols=6,652,2025,338 Maint and Repair Services - Vehicles,"86,391","80,000","90,000"
cols=6,653,2025,338-STOR Maint and Repair Services - Vehicles (Storage),0,0,"10,000"
cols=6,654,2025,348 Postal Charges,217,600,600
cols=6,655,2025,Account No. Description,Actual 2023-2024,Original Estimated 2024-2025,Estimated 2025-2026
cols=6,656,2025,355 Travel,"8,913","24,000","24,000"
cols=6,657,2025,355-SRO Travel (SRO),"3,359",0,0
cols=6,658,2025,399 Other Contracted Service,0,0,0
cols=6,659,2025,412 Diesel Fuel,81,"2,000","2,000"
cols=6,660,2025,425 Gasoline,"143,923","165,000","155,000"
cols=6,661,2025,431 Law Enforcement Supplies,"35,080","43,900","45,000"
cols=6,662,2025,431-ELC Law Enforcement Supplies-ELC Confinement Facility Grant,"7,165",0,0
cols=6,663,2025,431-SRO Law Enforcement Supplies-SRO,0,0,0
cols=6,664,2025,431-SROG Law Enforcement Supplies-School Resource Officer Grant,"5,216","8,897","8,897"
cols=6,665,2025,431-THSO Law Enforcement Supplies- TN Hwy Safety,"9,948","20,000",0
cols=6,666,2025,431-TLETA Law Enforcement Supplies-TLETA Grant,0,"20,000","20,000"
cols=6,667,2025,431-TRMT Law Enforcement Supplies-Tennessee Risk Management,0,0,0
cols=6,668,2025,431-TSEE Law Enforcement Supplies-TN Safety Environment,0,0,0
cols=6,669,2025,431-VCIF Law Enforcement Supplies-Violent Crimes Grant,"81,342",0,0
cols=6,670,2025,435 Office Supplies,"7,761","8,000","8,000"
cols=6,671,2025,450 Tires and Tubes,"13,766","20,000","20,000"
cols=6,672,2025,451 Uniforms,"14,720","15,000","15,000"
cols=6,673,2025,451-MHT Uniforms-Mental Health Transport,0,0,"10,000"
cols=6,674,2025,451-TLETA Uniforms-TLETA Grant,"6,957","20,000","20,000"
cols=6,675,2025,513-SROG Workmans' Compensation Insurance,"4,948",0,0
cols=6,676,2025,524 In-Service/Staff Development,"5,659","21,000","21,000"
cols=6,677,2025,524-SRO In-Service/Staff Development-SRO,0,0,0
cols=6,678,2025,524-SROG In-Service/Staff Development-SRO Grant,"4,520","5,000","5,000"
cols=6,679,2025,599 Other Charges,"9,816","11,100","11,000"
cols=6,680,2025,599-STOR Other Charges-STORAGE,0,"10,000","10,000"
cols=6,681,2025,718 Motor Vehicles,"24,000",0,0
cols=6,682,2025,718-ELC Motor Vehicles -ELC,"120,000",0,0
cols=6,683,2025,718-MHT Motor Vehicles -Mental Health Transport,0,0,0
cols=6,684,2025,718-VCIF Motor Vehicles-VCIF Grant,"49,196",0,0
cols=6,685,2025,719 Office Equipment,"2,637","5,000","5,000"
cols=6,686,2025,Total Sheriffs Department,"3,166,778","3,453,464","3,564,637"
cols=6,687,2025,54160 Administration Of Sexual Offender Registry,,,
cols=6,688,2025,431 Law Enforcement Supplies,0,0,"10,000"
cols=6,689,2025,435 Office Supplies,0,"1,000","1,000"
cols=6,690,2025,451 Uniforms,0,0,"1,000"
cols=6,691,2025,599 Other Charges,"1,750","3,000","3,000"
cols=6,692,2025,719 Office Equipment,"2,952","3,500","5,000"
cols=6,693,2025,Total Administration Of Sexual Offender Registry,"4,702","7,500","20,000"
cols=6,694,2025,54210 Jail,,,
cols=6,695,2025,160 Guards,"742,841","842,883","854,481"
cols=6,696,2025,161 Secretary,"24,617","30,826","38,670"
cols=6,697,2025,186 Longevity Pay,"3,800","3,800","7,000"
cols=6,698,2025,187 Overtime Pay,"44,128","83,000","83,000"
cols=6,699,2025,188 Bonus Payment,"14,000","23,000","23,000"
cols=6,700,2025,189 Other Salaries and Wages,"25,048",0,0
cols=6,701,2025,340 Medical and Dental Services,"544,886","300,000","500,000"
cols=6,702,2025,355 Travel,392,"5,000","5,000"
cols=6,703,2025,Account No. Description,Actual 2023-2024,Original Estimated 2024-2025,Estimated 2025-2026
cols=6,704,2025,399 Other Contracted Service,"128,826","145,000","155,000"
cols=6,705,2025,410 Custodial Supplies,"14,312","20,000","40,000"
cols=6,706,2025,410-ELC Custodial Supplies-ELC Grant,"10,184",0,0
cols=6,707,2025,413 Drugs & Medical Supplies,"32,963","40,000","40,000"
cols=6,708,2025,422 Food Supplies,"300,591","285,000","350,000"
cols=6,709,2025,431 Law Enforcement Supplies,0,"5,000","5,000"
cols=6,710,2025,431-TCI Law Enforcement Supplies,0,0,0
cols=6,711,2025,435 Office Supplies,"4,969","5,000","5,000"
cols=6,712,2025,441 Prisoners Clothing,0,"4,000","4,000"
cols=6,713,2025,441-ELC Prisoners Clothing-ELC Grant,"8,173",0,0
cols=6,714,2025,451 Uniforms,"7,496","8,000","8,000"
cols=6,715,2025,499 Other Supplies and Materials,"11,872","15,000","15,000"
cols=6,716,2025,499-ELC Other Supplies and Materials-ELC Grant,"13,063",0,0
cols=6,717,2025,524 In-Service/Staff Development,"1,600","5,000","5,000"
cols=6,718,2025,599-ELC Other Charges-ELC Grant,"24,919",0,0
cols=6,719,2025,709 Data Processing Equipment,"26,747","29,000","29,000"
cols=6,720,2025,719 Office Equipment,0,"5,000","5,000"
cols=6,721,2025,719-TCI Office Equipment-TN Correction Institute,0,0,0
cols=6,722,2025,790-TCI Other Equipment-TN Correction Institute,"14,596",0,0
cols=6,723,2025,Total Jail,"2,000,023","1,854,509","2,172,151"
cols=6,724,2025,54310 Fire Prevention and Control,,,
cols=6,725,2025,309 Contracts with Govt Agen,"2,000","2,000","2,000"
cols=6,726,2025,429 Instructional Supplies and Materials,"1,484","1,500","2,000"
cols=6,727,2025,524 In-Service/Staff Development,"7,878","14,000","20,000"
cols=6,728,2025,790 Other Equipment,0,"3,000","5,000"
cols=6,729,2025,Total Fire Prevention and Control,"11,362","20,500","29,000"
cols=6,730,2025,54320 Rural Fire Protection,,,
cols=6,731,2025,316 Contributions,"150,000","150,000","156,000"
cols=6,732,2025,790 Other Equipment,"8,435",0,0
cols=6,733,2025,Total Rural Fire Prevention,"158,435","150,000","156,000"
cols=6,734,2025,54410 Civil Defense,,,
cols=6,735,2025,105 Supervisor/Director,"69,608","72,393","74,565"
cols=6,736,2025,169 Part-time Personnel,"4,920","5,000","5,000"
cols=6,737,2025,186 Longevity Pay,0,500,0
cols=6,738,2025,187 Overtime Pay,"4,595","5,000","7,000"
cols=6,739,2025,189 Other Salaries and Wages,"47,138","49,142","50,617"
cols=6,740,2025,320 Dues and Memberships,230,"1,000","1,000"
cols=6,741,2025,330 Operating Lease Payment,"3,400","3,600","3,600"
cols=6,742,2025,336 Maint and Repair Services - Equipment,"2,285","8,000","10,000"
cols=6,743,2025,338 Maint and Repair Services - Vehicles,"13,109","14,000","15,000"
cols=6,744,2025,355 Travel,0,"1,000","1,000"
cols=6,745,2025,399 Other Contracted Services,"2,965","4,500","4,500"
cols=6,746,2025,412 Diesel,"1,457","4,000","4,000"
cols=6,747,2025,425 Gasoline,"5,758","10,000","10,000"
cols=6,748,2025,435 Office Supplies,849,"2,000","2,000"
cols=6,749,2025,Account No. Description,Actual 2023-2024,Original Estimated 2024-2025,Estimated 2025-2026
cols=6,750,2025,442 Propane Gas,"1,251","3,000","3,000"
cols=6,751,2025,451 Uniforms,897,"2,000","2,200"
cols=6,752,2025,499 Other Supplies and Materials,"11,623","12,593","5,465"
cols=6,753,2025,508 Premiums on Corporate Surety Bonds,0,50,50
cols=6,754,2025,524 In-Service/Staff Development,350,"2,000","2,000"
cols=6,755,2025,599 Other Charges,359,"1,000","2,000"
cols=6,756,2025,708 Communication Equipment,"17,669","20,000","20,000"
cols=6,757,2025,718 Motor Vehicles,0,0,0
cols=6,758,2025,790 Other Equipment,"37,396","15,000","15,000"
cols=6,759,2025,Total Civil Defense,"225,859","235,778","237,997"
cols=6,760,2025,54610 County Coroner,,,
cols=6,761,2025,131 Medical Personnel,"5,400","7,000","8,500"
cols=6,762,2025,341 Pauper Burials,600,"3,000","3,000.00"
cols=6,763,2025,399 Other Contracted Services,"37,225","50,000","50,000"
cols=6,764,2025,Total County Coroner,"43,225","60,000","61,500"
cols=6,765,2025,Total Public Safety,"5,610,384","5,781,751 0","6,241,285"
cols=6,766,2025,55000 PUBLIC HEALTH AND WELFARE,,,
cols=6,767,2025,55110 Local Health Center,,,
cols=6,768,2025,316 Contributions,"38,111","38,111","38,131"
cols=6,769,2025,335 Maintenance and Repair Service-Building,275,"1,000","1,000"
cols=6,770,2025,399 Other Contracted Services,"2,359","6,100","6,100"
cols=6,771,2025,435 Office Supplies,582,"1,520","1,520"
cols=6,772,2025,499 Other Supplies & Materials,0,"2,250","2,250"
cols=6,773,2025,599 Other Charges,896,700,700
cols=6,774,2025,599-PPI Other Charges,920,920,900
cols=6,775,2025,Total Local Health Center,"43,143","50,601","50,601"
cols=6,776,2025,55130 Ambulance/Emergency Medical Services,,,
cols=6,777,2025,105 Supervisor/Director,"69,608","75,000","77,250"
cols=6,778,2025,131 Medical Personnel,"1,233,305","1,446,292","1,529,546"
cols=6,779,2025,140 Salary Supplements,0,"24,000","24,000"
cols=6,780,2025,169 Part-time Personnel,"104,857","150,000","150,000"
cols=6,781,2025,186 Longevity,"19,300","20,900","20,000"
cols=6,782,2025,187 Overtime Pay,"500,671","574,237","600,000"
cols=6,783,2025,199 Other Per Diem & Fees,532,"3,000","3,500"
cols=6,784,2025,320 Dues and Memberships,400,"1,200","1,400"
cols=6,785,2025,335 Maint & Repair Services - Building,983,"2,000","2,000"
cols=6,786,2025,336 Maint & Repair Services - Equipment,899,"10,000","10,000"
cols=6,787,2025,338 Maint & Repair Services - Vehicles,"46,223","60,000","60,000"
cols=6,788,2025,355 Travel,"3,899","3,500","3,500"
cols=6,789,2025,399 Other Contracted Services,"186,827","235,000","245,000"
cols=6,790,2025,410 Custodial Supplies,"4,584","8,000","8,000"
cols=6,791,2025,412 Diesel Fuel,"7,595","22,000","2,000"
cols=6,792,2025,413 Drugs and Medical Supplies,"49,472","66,000","66,000"
cols=6,793,2025,Account No. Description,Actual 2023-2024,Original Estimated 2024-2025,Estimated 2025-2026
cols=6,794,2025,413-PHAR Drugs and Medical Supplies(Pharmaceuticals),"19,938","35,600","35,600"
cols=6,795,2025,425 Gasoline,"41,361","80,000","85,000"
cols=6,796,2025,435 Office Supplies,"1,992","3,000","3,000"
cols=6,797,2025,450 Tires and Tubes,"7,614","15,000","20,000"
cols=6,798,2025,451 Uniforms,"10,585","18,000","18,000"
cols=6,799,2025,499 Other Supplies and Materials,"9,400","13,000","13,000"
cols=6,800,2025,524 In-Service/Staff Development,"17,182","25,000","25,000"
cols=6,801,2025,718 Motor Vehicle,"203,200","180,000","180,000"
cols=6,802,2025,719 Office Equipment,"1,322","3,000","3,000"
cols=6,803,2025,790 Other Equipment,"26,769","15,000","30,000"
cols=6,804,2025,790-TRMT Other Equipment-Tennessee Risk Management Grant,"14,475",0,0
cols=6,805,2025,Total Ambulance/Emergency Medical Services,"2,582,993","3,088,729","3,214,796"
cols=6,806,2025,55170 Alcohol and Drug Programs,,,
cols=6,807,2025,111 Probation Officer,"12,488","13,323","13,723"
cols=6,808,2025,201 Social Security,0,780,780
cols=6,809,2025,355 Travel,0,655,655
cols=6,810,2025,435 Office Supplies,878,"1,000","1,000"
cols=6,811,2025,599 Other Charges,0,"7,000","7,000"
cols=6,812,2025,Total Alcohol and Drug Programs,"13,366","22,758","23,158"
cols=6,813,2025,55190 Other Local Health Services,,,
cols=6,814,2025,131 Medical Personnel,"134,013","153,340","164,832"
cols=6,815,2025,163 Educational Assistants,"74,096","73,160","75,768"
cols=6,816,2025,"349 Printing, Stationery, and Forms",0,100,100
cols=6,817,2025,355 Travel,"14,190","15,000","15,000"
cols=6,818,2025,399 Other Contracted Services,0,500,500
cols=6,819,2025,499 Other Supplies and Materials,83,"2,500","2,500"
cols=6,820,2025,506 Liability Insurance,186,250,250
cols=6,821,2025,599 Other Charges,0,"1,000","1,000"
cols=6,822,2025,Total Other Local Health Services,"222,568","245,850","259,950"
cols=6,823,2025,55900 Other Public Health Services,,,
cols=6,824,2025,316 Contributions-Opioid,0,0,0
cols=6,825,2025,355 Travel-Opioid,0,0,"3,000"
cols=6,826,2025,524 Inservice-Opioid,0,0,"1,000"
cols=6,827,2025,599 Other Chargers-Opioid,0,0,"1,000"
cols=6,828,2025,599-TOBG Other Charges(Tobacco Grant),706,0,0
cols=6,829,2025,Total Other Public Health Services,706,0,"5,000"
cols=6,830,2025,Total Public Health & Welfare,"2,862,776","3,407,938","3,553,505"
cols=6,831,2025,56500 Libraries,,,
cols=6,832,2025,103 Assistants,"117,348","122,238","125,905"
cols=6,833,2025,129 Librarians,"42,991","44,711","46,052"
cols=6,834,2025,186 Longevity,"3,200","3,500","3,800"
cols=6,835,2025,Account No. Description,Actual 2023-2024,Original Estimated 2024-2025,Estimated 2025-2026
cols=6,836,2025,189 Other Salaries and Wages,"18,416","22,790","23,473"
cols=6,837,2025,317 Data Processing Services,"5,235","3,600","3,600"
cols=6,838,2025,320 Dues & Memberships,160,750,500
cols=6,839,2025,335 Maint & Repair Services Buildings,"2,837","3,000","3,000"
cols=6,840,2025,348 Postal Charges,"1,162","1,200","1,200"
cols=6,841,2025,355 Travel,853,"2,000","1,500"
cols=6,842,2025,399 Other Contracted Services,"19,067","18,000","18,000"
cols=6,843,2025,432 Library Books & Media,"6,887","7,000","7,500"
cols=6,844,2025,435 Office Supplies,"5,874","6,500","7,000"
cols=6,845,2025,452 Utilities,"5,301","5,500","5,750"
cols=6,846,2025,499 Other Supplies & Materials,"1,783","2,000","2,000"
cols=6,847,2025,524 In-Service/Staff Development,100,"1,500","1,000"
cols=6,848,2025,599 Other Charges,"16,865","3,000","5,500"
cols=6,849,2025,790 Other Equipment,"3,987","9,000","10,000"
cols=6,850,2025,Total Estimated Expenditures,"252,066","256,289","265,780"
cols=6,851,2025,56700 Parks and Fair Boards,,,
cols=6,852,2025,316 Contributions,"3,000","3,000","3,000"
cols=6,853,2025,Total Parks and Fair Boards,"3,000","3,000","3,000"
cols=6,854,2025,"Total Social, Cultural and Recreational","255,066","259,289","268,780"
cols=6,855,2025,57000 AGRICULTURE AND NATURAL RESOURCES,,,
cols=6,856,2025,57100 Agriculture Extension Service,,,
cols=6,857,2025,316 Contributions,"53,075","70,992","62,581"
cols=6,858,2025,320 Dues and Memberships,255,350,350
cols=6,859,2025,328 Janitorial Services,0,"1,560","1,560"
cols=6,860,2025,355 Travel,893,900,900
cols=6,861,2025,410 Custodial Supplies,404,125,125
cols=6,862,2025,435 Office Supplies,0,"1,000","1,000"
cols=6,863,2025,719 Office Equipment,881,"1,000","1,000"
cols=6,864,2025,Total Agriculture Extension Services,"55,508","75,927","67,516"
cols=6,865,2025,57500 Soil Conservation,,,
cols=6,866,2025,161 Secretary,"24,461","31,804","32,758"
cols=6,867,2025,186 Longevity,800,900,"1,000"
cols=6,868,2025,399 Other Contracted Services,"5,000","5,000","5,000"
cols=6,869,2025,599 Other Charges,"2,550","3,000","3,000"
cols=6,870,2025,Total Soil Conservation,"32,811","40,704","41,758"
cols=6,871,2025,Total Agriculture and Natural Resources,"88,319","116,631","109,274"
cols=6,872,2025,58000 OTHER GENERAL GOVERNMENT,,,
cols=6,873,2025,58110 Tourism,,,
cols=6,874,2025,316 Contributions,0,"1,200","38,162"
cols=6,875,2025,Total Tourism,0,"1,200","38,162"
cols=6,876,2025,Account No. Description,Actual 2023-2024,Original Estimated 2024-2025,Estimated 2025-2026
cols=6,877,2025,58120 Industrial Development (Vision 21),,,
cols=6,878,2025,105 Supervisor/Director,"66,150",0,0
cols=6,879,2025,316 Contributions,"9,054","35,000",0
cols=6,880,2025,Total Industrial Development,"75,204","35,000",0
cols=6,881,2025,58190 Other Economic and Community Development,,,
cols=6,882,2025,105 Supervisor/Director,0,0,"73,581"
cols=6,883,2025,169 Part-time Personnel,0,0,0
cols=6,884,2025,302 Advertising,0,0,"3,000"
cols=6,885,2025,320 Dues and Memberships,0,0,600
cols=6,886,2025,355 Travel,0,0,"6,000"
cols=6,887,2025,399 Other Contracted Services,0,0,0
cols=6,888,2025,435 Office Supplies,0,0,500
cols=6,889,2025,524 Inservice,0,0,"2,000"
cols=6,890,2025,599 Other Charges,0,0,"1,000"
cols=6,891,2025,718 Motor Vehicle,0,0,0
cols=6,892,2025,719 Office Equipment,0,0,0
cols=6,893,2025,Total Other Economic and Community Development,0,0,"86,681"
cols=6,894,2025,58300 Veterans Services,,,
cols=6,895,2025,105 Supervisor/Director,"34,073","35,436","36,499"
cols=6,896,2025,186 Longevity,0,0,600
cols=6,897,2025,338 Maint & Repair Services - Vehicles,987,750,750
cols=6,898,2025,351 Rentals,"3,600","3,600","4,200"
cols=6,899,2025,355 Travel,79,600,"1,200"
cols=6,900,2025,399 Other Contracted Service,449,450,0
cols=6,901,2025,425 Gasoline,644,"1,000","1,000"
cols=6,902,2025,435 Office Supplies,154,500,500
cols=6,903,2025,599 Other Charges,478,"1,000","1,000"
cols=6,904,2025,719 Office Equipment,94,"1,500","1,000"
cols=6,905,2025,Total Veterans Services,"40,558","44,836","46,749"
cols=6,906,2025,58400 Other Charges,,,
cols=6,907,2025,506 Liability Insurance,"327,434","424,000","450,000"
cols=6,908,2025,510 Trustees Commission,"235,820","232,000","300,000"
cols=6,909,2025,513 Workers Comp,"152,278","196,000","210,000"
cols=6,910,2025,Total Other Charges,"715,532","852,000","960,000"
cols=6,911,2025,58600 Employee Benefits,,,
cols=6,912,2025,201 Social Security,"560,144","630,000","720,000"
cols=6,913,2025,204 State Retirement,"833,196","883,000","1,060,000"
cols=6,914,2025,206 Life Insurance,"25,294","68,000","75,000"
cols=6,915,2025,207 Medical Insurance,"2,170,571","2,235,060","2,660,000"
cols=7,916,2025,Account No. Description,Actual 2023-2024,Original Estimated 2024-2025,Estimated 2025-2026
cols=7,917,2025,210 Unemployment Comp,"4,522","22,000","22,000"
cols=7,918,2025,399 Other Contracted Services,"6,200",0,"7,000"
cols=7,919,2025,Total Employees Benefits,"3,599,927","3,838,060","4,544,000"
cols=7,920,2025,58801 707 Covid 19 Grant # 1-Dept of Health Drug Room (Immunization) Building Improvements,"7,794","90,800",0
cols=7,921,2025,Total Covid 19 Grant#1- Dept. of Health Drug Room,"7,794","90,800",0
cols=7,922,2025,58838 732 American Rescue Plan Act Grant #8-LATCF Building Purchases,0,0,0
cols=7,923,2025,Total American Rescue Plan Act Grant #8-LATCF,0,0,0
cols=7,924,2025,58841 707 American Rescue Plan Act Grant A-Dept of Health Building Improvements,0,0,0
cols=7,925,2025,Total American Rescue Plan Act Grant A-Dept of Health,0,0,0
cols=7,926,2025,58842 399 American Rescue Plan Act Grant B- TDEC BALU Other Contracted Service,0,0,"78,000"
cols=7,927,2025,Total American Rescue Plan Act Grant B-TDEC BALU,0,0,"78,000"
cols=7,928,2025,58900 Miscellaneous,,,
cols=7,929,2025,309 Contracts with Government Agencies,"12,993","13,993","21,993"
cols=7,930,2025,316 Contributions,"65,000","55,000","47,900"
cols=7,931,2025,320 Dues and Memberships,"16,982","17,000","18,000"
cols=7,932,2025,348 Postal Charges,"46,975","50,000","52,000"
cols=7,933,2025,351 Rentals,0,"2,500","2,500"
cols=7,934,2025,399 Other Contracted Services,"1,620","7,300","7,300"
cols=7,935,2025,599 Other Charges,"5,975","2,500","2,500"
cols=7,936,2025,Total Miscellaneous,"149,545","148,293","152,193"
cols=7,937,2025,Total Other General Government,"4,588,560","5,010,189 0","5,905,785"
cols=7,938,2025,Total Estimated Expenditures,"17,473,478","18,932,206","20,398,483"
cols=7,939,2025,99000 OTHER USES,,,
cols=7,940,2025,91190 Other General Government Projects,,,
cols=7,941,2025,732 Building Purchases,"527,556",0,0
cols=7,942,2025,Total Estimated General Administration Projects,"527,556",0,0
cols=7,943,2025,99000 ESTIMATED OTHER USES,,,
cols=7,944,2025,99100 Transfers Out,,,
cols=7,945,2025,590 Transfers to Other Funds,"189,716","135,000","115,000"
cols=6,946,2025,Account No. Description,Actual 2023-2024,Original Estimated 2024-2025,Estimated 2025-2026
cols=6,947,2025,Total Estimated Other Uses,"189,716","135,000","115,000"
cols=6,948,2025,Total Estimated Expenditures and other uses,"18,190,750","19,067,206","20,513,483"
cols=6,949,2025,Excess of Estimated Revenue and Other Sources over (under) Estimated Expenditures and Other Uses,"-1,757,698","-1,009,192","-1,170,309"
cols=6,950,2025,Estimated Begin Fund Balance July 1,"6,483,271","4,725,573","4,100,000"
cols=6,951,2025,Estimated Ending Fund Balance June 30,"4,725,573","3,716,381","2,929,691"
cols=6,952,2025,"Statement of Proposed Operations for the Fiscal Year Ending June 30, 2026",,Original,
cols=6,953,2025,Account No Description,Actual 2023-2024,Estimated 2024-2025,Estimated 2025-2026
cols=6,954,2025,ESTIMATED REVENUES,,,
cols=6,955,2025,"42000 FINES, FORFIETURES AND PENALTIES",,,
cols=6,956,2025,42100 Circuit Court,,,
cols=6,957,2025,42140 Drug Control Fines,"1,036","2,500","2,000"
cols=6,958,2025,42300 General Sessions Court,,,
cols=6,959,2025,42340 Drug Control Fines,"12,154","5,500","18,000"
cols=6,960,2025,"Total Fines, Forfeitures and Penalties","13,190","8,000","20,000"
cols=6,961,2025,"42900 OTHER FINES, FORFEITURES AND PENALTIES",,,
cols=6,962,2025,42910 Proceeds from Confiscated Property,"39,107","45,000","45,000"
cols=6,963,2025,"Total Other Fines, Forfeitures, and Penalties","39,107","45,000","45,000"
cols=6,964,2025,44000 OTHER LOCAL REVENUES,,,
cols=6,965,2025,44500 Nonrecurring Items,,,
cols=6,966,2025,44530 Sale of Equipment,0,0,0
cols=6,967,2025,44540 Sale of Propery,"41,766",0,0
cols=6,968,2025,Total Other Local Revenues,"41,766",0,0
cols=6,969,2025,Total Estimated Revenue,"94,063","53,000","65,000"
cols=6,970,2025,49000 ESTIMATED OTHER SOURCES(NON-REVENUE),,,
cols=6,971,2025,49700 Insurance Recovery,0,0,0
cols=6,972,2025,Total Estimated Other Source(Non-Revenue),0,0,0
cols=6,973,2025,Total Estimated Revenues and Other Source,"94,063","53,000","65,000"
cols=6,974,2025,ESTIMATED EXPENDITURES,,,
cols=6,975,2025,54110 SHERIFF'S DEPARTMENT,,,
cols=6,976,2025,599 Other Charges,"5,533","15,000","15,000"
cols=6,977,2025,716 Law Enforcement Equipment,0,0,0
cols=6,978,2025,718 Motor Vehicles,"91,693","100,000","100,000"
cols=6,979,2025,Total Estimated Expenditures,"97,226","115,000","115,000"
cols=6,980,2025,Excess of Estimated Revenue Over,,,
cols=6,981,2025,(Under) Estimated Expenditures,"-3,163","-62,000","-50,000"
cols=6,982,2025,Estimated Beginning Fund Balance July 1,"109,245","106,082","125,000"
cols=6,983,2025,Estimated Ending Fund Balance June 30,"106,082","44,082","75,000"
cols=6,984,2025,"Adequate Statement of Proposed Operations For the Fiscal Year Ending June 30, 2026",,Original,
cols=6,985,2025,Account No. Description,Actual 2023-2024,Estimated 2024-2025,Estimated 2025-2026
cols=6,986,2025,ESTIMATED REVENUES,,,
cols=6,987,2025,40200 COUNTY LOCAL OPTION TAXES,,,
cols=6,988,2025,40285 Adequate Facilities/Development Tax,"301,023","260,000","310,000"
cols=6,989,2025,Total Local Option Taxes,"301,023","260,000","310,000"
cols=6,990,2025,Total Revenues,"301,023","260,000","310,000"
cols=6,991,2025,ESTIMATED EXPENDITURES,,,
cols=6,992,2025,50000 GENERAL COUNTY OPERATIONS,,,
cols=6,993,2025,51730 Building,,,
cols=6,994,2025,509 Refunds,0,0,0
cols=6,995,2025,510 Trustee's Commission,"3,054","3,000","3,500"
cols=6,996,2025,Total Building,"3,054","3,000","3,500"
cols=6,997,2025,90000 CAPITAL PROJECTS,,,
cols=6,998,2025,91300 Educational Capital Project,,,
cols=6,999,2025,799 Other Capital Outlay,0,0,0
cols=6,1000,2025,Total Public Safety Projects,0,0,0
cols=6,1001,2025,99100 TRANSFERS OUT,,,
cols=6,1002,2025,590 Transfers to Other Funds,0,"400,000","400,000"
cols=6,1003,2025,Total Transfers Out,0,"400,000","400,000"
cols=6,1004,2025,Total Estimated Expenditures,"3,054","403,000","403,500"
cols=6,1005,2025,Excess of Estimated Revenue and Other Sources over/under Estimated Expenditures,"297,969","-143,000","-93,500"
cols=6,1006,2025,Estimated Beginning Fund Balance July 1,"795,720","1,093,689","950,689"
cols=6,1007,2025,Estimated Ending Fund Balance June 30,"1,093,689","950,689","857,189"
cols=6,1008,2025,"for the Fiscal Year Ending June 30, 2026",,Original,
cols=6,1009,2025,Account No Description,Actual 2023-2024,Estimated 2024-2025,Estimated 2025-2026
cols=6,1010,2025,ESTIMATED REVENUES,,,
cols=6,1011,2025,44000 OTHER LOCAL REVENUES,,,
cols=6,1012,2025,44100 Recurring Items,,,
cols=6,1013,2025,44110 Investment Income,0,0,0
cols=6,1014,2025,Total Recurring Items,0,0,0
cols=6,1015,2025,47000 FEDERAL GOVERNMENT,,,
cols=6,1016,2025,47100 Federal Through State,,,
cols=6,1017,2025,47406 American Rescue Plan Act Grant#A(Health Dept),0,"363,296",0
cols=6,1018,2025,47407 American Rescue Plan Act Grant#B(TDEC BALU),0,"212,625",0
cols=6,1019,2025,Total Federal Through State Revenue,0,"575,921",0
cols=6,1020,2025,47000 FEDERAL GOVERNMENT,,,
cols=6,1021,2025,47600 Direct Federal Revenue,,,
cols=6,1022,2025,47902 American Rescue Plan Act Grant#7(SLFRF),0,0,0
cols=6,1023,2025,Total Direct Federal Revenue,0,0,0
cols=6,1024,2025,Total Estimated Revenue,0,"575,921",0
cols=6,1025,2025,ESTIMATED EXPENDITURES,,,
cols=6,1026,2025,58837 AMERICAN RESCUE PLAN ACT GRANT#7(SLFRF),,,
cols=6,1027,2025,316 Contributions,0,"550,000","550,000"
cols=6,1028,2025,339-TOC Matching Share,"99,090","628,500","507,000"
cols=6,1029,2025,339-BALU Matching Share,"2,650","70,875","26,000"
cols=6,1030,2025,707-HLTH Building Improvement,"29,780","121,065",0
cols=6,1031,2025,713 Highway Construction,"969,501",0,0
cols=6,1032,2025,718-EMS Motor Vehicles,"353,800",0,0
cols=6,1033,2025,791-EMS Other Construction,"61,697","1,100,000",0
cols=6,1034,2025,Total Estimated American Rescue Plan Grant #7,"1,516,518","2,470,440","1,083,000"
cols=6,1035,2025,58841 AMERICAN RESCUE PLAN ACT GRANT#A(Health Dept.),,,
cols=6,1036,2025,707 Building Improvements,0,"363,296",0
cols=6,1037,2025,Total Estimated American Rescue Plan Grant #A,0,"363,296",0
cols=6,1038,2025,58842 AMERICAN RESCUE PLAN ACT GRANT#B(TDEC BALU),,,
cols=6,1039,2025,399 Other Contracted Services,0,"212,625",0
cols=6,1040,2025,Total Estimated American Rescue Plan Grant #A,0,"212,625",0
cols=6,1041,2025,Total Estimated Expenditure,"1,516,518","3,046,361","1,083,000"
cols=6,1042,2025,(Under) Estimated Expenditures,"-1,516,518","-2,470,440","-1,083,000"
cols=6,1043,2025,Estimated Beginning Fund Balance July 1,"4,110,525","2,594,007","1,258,303"
cols=6,1044,2025,Estimated Ending Fund Balance June 30,"2,594,007","123,567","175,303"
cols=7,1045,2025,Account No. Description,Actual 2023-2024,Original Estimate 2024-2025,Estimate 2025-2026
cols=7,1046,2025,ESTIMATED REVENUES,,,
cols=7,1047,2025,40000 LOCAL TAXES,,,
cols=7,1048,2025,40100 County Property Taxes,,,
cols=7,1049,2025,40110 Current Property Taxes,"316,221","313,722","320,000"
cols=7,1050,2025,40120 Trustee's Collection Prior Year,"8,146","12,930","12,930"
cols=7,1051,2025,40125 Trustee's Collection Bankruptcy,14,0,0
cols=7,1052,2025,40130 Circuit/Clerk & Master Coll Prior Years,"3,156","7,000","7,000"
cols=7,1053,2025,40140 Interest and Penalty,"1,469","2,260","2,260"
cols=7,1054,2025,40161 Payments in Lieu of Taxes TVA,313,350,350
cols=7,1055,2025,40200 County Local Option Taxes,,,
cols=7,1056,2025,40270 Business Tax,"4,727","4,800","4,800"
cols=7,1057,2025,40280 Mineral Severance Tax,"62,203","85,000","85,000"
cols=7,1058,2025,Total Local Taxes,"396,249","426,062","432,340"
cols=7,1059,2025,43100 General Service Charge,,,
cols=7,1060,2025,43102 Other Employee Benefit Charges/Contributions,"10,822",0,0
cols=7,1061,2025,Total General Services Charge,"10,822",0,0
cols=7,1062,2025,43000 CHARGES FOR CURRENT SERVICES,,,
cols=7,1063,2025,43380 Vending Machines Collections,"2,084","2,600","2,600"
cols=7,1064,2025,Total Charges for Current Services,"2,084","2,600","2,600"
cols=7,1065,2025,44000 OTHER LOCAL REVENUES,,,
cols=7,1066,2025,44100 Recurring Items,,,
cols=7,1067,2025,44145 Sale of Recycled Materials,"1,709","5,500","5,500"
cols=7,1068,2025,44170 Miscellaneous Refunds,"2,133",0,0
cols=7,1069,2025,44500 Nonrecurring Items,,,
cols=7,1070,2025,44530 Sale of Equipment,"87,345","100,000","100,000"
cols=7,1071,2025,Total Other Local Revenues,"91,187","105,500","105,500"
cols=7,1072,2025,46000 STATE OF TENNESSEE,,,
cols=7,1073,2025,46400 Public Works Grants,,,
cols=7,1074,2025,46410 Bridge Program,0,"2,000,000","2,000,000"
cols=7,1075,2025,46420 State Aid Program,"1,181,659","1,700,000","270,000"
cols=7,1076,2025,46851 State Revenue Sharing TVA,"22,528","22,000","22,000"
cols=7,1077,2025,46920 Gasoline and Motor Fuel Tax,"2,748,251","2,836,818","2,921,925"
cols=7,1078,2025,46925 Hybrid/Electric Vehicle Registration Fee,"11,122",0,"30,000"
cols=7,1079,2025,46930 Petroleum Special Tax,"16,515","19,140","19,140"
cols=7,1080,2025,46980 Other State Grants,0,0,0
cols=7,1081,2025,Account No. Description,Actual 2023-2024,Original Estimate 2024-2025,Estimate 2025-2026
cols=7,1082,2025,Total State of Tennessee,"3,980,075","6,577,958","5,263,065"
cols=7,1083,2025,47000 FEDERAL GOVERNMENT,,,
cols=7,1084,2025,47100 Federal Through State,,,
cols=7,1085,2025,47230 Disaster Relief,0,"400,000","400,000"
cols=7,1086,2025,47590 Other Federal through State,0,0,0
cols=7,1087,2025,47600 Direct Federal Revenue,,,
cols=7,1088,2025,47990 Other Direct Federal Revenue,"84,023","500,000","500,000"
cols=7,1089,2025,Total Federal Government,"84,023","900,000","900,000"
cols=7,1090,2025,48000 OTHER GOVERNMENTS AND CITIZENS GROUP,,,
cols=7,1091,2025,48100 Other Governments,,,
cols=7,1092,2025,48120 Paving and Maintenance,"36,610",0,0
cols=7,1093,2025,48600 Citizens Groups,,,
cols=7,1094,2025,48610 Donations,0,0,0
cols=7,1095,2025,Total Other Governments,"36,610",0,0
cols=7,1096,2025,Total Estimated Revenue,"4,601,050","8,012,120","6,703,505"
cols=7,1097,2025,49000 OTHER SOURCES (NON-REVENUE),,,
cols=7,1098,2025,49700 Insurance Recovery,0,0,0
cols=7,1099,2025,49800 Transfers In,"89,716","35,000","40,000"
cols=7,1100,2025,Total Other Sources (Non-Revenue),"89,716","35,000","40,000"
cols=7,1101,2025,Total Estimated Revenues and Other Sources,"4,690,766","8,047,120","6,743,505"
cols=7,1102,2025,ESTIMATED EXPENDITURES,,,
cols=7,1103,2025,61000 ADMINISTRATION,,,
cols=7,1104,2025,101 County Official/Administrative Officer,"99,787","104,776","107,920"
cols=7,1105,2025,103 Assistant(s),"88,660","102,128","53,000"
cols=7,1106,2025,106 Deputy,"39,340","49,760","53,000"
cols=7,1107,2025,140 Salary Supplement,"4,628","6,000","4,500"
cols=7,1108,2025,161 Secretary,0,0,0
cols=7,1109,2025,162 Clerical Personnel,0,0,0
cols=7,1110,2025,169 Part-time Personnel,"18,065","22,300","42,120"
cols=7,1111,2025,186 Longevity Pay,"3,700","3,800",900
cols=7,1112,2025,187 Overtime Pay,"13,856","15,000","20,000"
cols=7,1113,2025,191 Board and Committee Members Fees,"16,800","16,800","16,800"
cols=7,1114,2025,316 Contributions,500,500,500
cols=7,1115,2025,317 Data Processing Services,0,"5,500","3,500"
cols=7,1116,2025,320 Dues and Memberships,"3,875","3,875","3,875"
cols=7,1117,2025,"332 Legal Notices, Recording and Court Costs",797,"1,500","1,500"
cols=7,1118,2025,348 Postal Charges,0,300,300
cols=7,1119,2025,355 Travel,"6,344","9,000","9,000"
cols=7,1120,2025,399 Other Contracted Services,"10,092","10,000","10,500"
cols=6,1121,2025,Account No. Description,Actual 2023-2024,Original Estimate 2024-2025,Estimate 2025-2026
cols=6,1122,2025,435 Office Supplies,355,"1,050","1,050"
cols=6,1123,2025,508 Premiums on Corporate Surety Bonds,0,"2,000","2,000"
cols=6,1124,2025,524 In-Service/Staff Developement,"3,275","4,000","4,000"
cols=6,1125,2025,719 Office Equipment,0,"5,000","5,000"
cols=6,1126,2025,Total Administration,"310,074","363,289","339,465"
cols=6,1127,2025,62000 HIGHWAY AND BRIDGE MAINTENANCE,,,
cols=6,1128,2025,140 Salary Supplements,"1,500","1,500","1,500"
cols=6,1129,2025,141 Foremen,"304,024","332,925","349,565"
cols=6,1130,2025,143 Equipment Operators,"374,572","479,067","499,147"
cols=6,1131,2025,149 Laborers,"299,120","418,491","432,545"
cols=6,1132,2025,186 Longevity,"33,600","31,700","31,250"
cols=6,1133,2025,187 Overtime Pay,"28,006","55,000","52,920"
cols=6,1134,2025,323 Explosive and Drilling Services,0,"2,000","2,000"
cols=6,1135,2025,403 Asphalt-Cold Mix,"36,783","80,000","65,000"
cols=6,1136,2025,405 Asphalt-Liquid,"463,167","850,000","625,000"
cols=6,1137,2025,409 Crushed Stone,"246,690","600,000","450,000"
cols=6,1138,2025,426 General Construction Materials,403,"25,000","25,000"
cols=6,1139,2025,436 Other Road Supplies,"29,200","55,000","55,000"
cols=6,1140,2025,438 Pipe,"22,358","55,000","55,000"
cols=6,1141,2025,443 Road Signs,"12,257","15,000","15,000"
cols=6,1142,2025,444 Salt,0,"6,500","6,500"
cols=6,1143,2025,446 Small Tools,"2,643","4,000","4,000"
cols=6,1144,2025,455 Wood Products,29,"5,000","5,000"
cols=6,1145,2025,468 Chemical,"5,040","7,500","5,100"
cols=6,1146,2025,Total Highway and Bridge Maintenance,"1,859,392","3,023,683","2,679,527"
cols=6,1147,2025,63100 OPERATION AND MAINTENANCE OF EQUIPMENT,,,
cols=6,1148,2025,141 Foremen,"46,752","51,190","54,310"
cols=6,1149,2025,142 Mechanic(s),"35,752","42,120","47,320"
cols=6,1150,2025,186 Longevity,"3,000","3,000","3,600"
cols=6,1151,2025,187 Overtime Pay,"1,640","5,000","5,000"
cols=6,1152,2025,329 Laundry Services,"10,882","12,000","12,000"
cols=6,1153,2025,412 Diesel Fuel,"152,351","250,000","200,000"
cols=6,1154,2025,418 Equipment and Machinery Parts,"94,710","125,000","120,000"
cols=6,1155,2025,424 Garage Supplies,"25,414","70,000","50,000"
cols=6,1156,2025,425 Gasoline,"31,529","45,000","35,000"
cols=6,1157,2025,433 Lubricants,"7,192","25,000","20,000"
cols=6,1158,2025,450 Tires and Tubes,"26,239","60,000","50,000"
cols=6,1159,2025,599 Other Charges,178,"1,500","1,500"
cols=6,1160,2025,Total Operation and Maintenance of Equip,"435,639","689,810","598,730"
cols=6,1161,2025,65000 OTHER CHARGES,,,
cols=6,1162,2025,307 Communication,"4,415","7,500","7,500"
cols=6,1163,2025,331 Legal Services,0,"3,500","3,500"
cols=6,1164,2025,415 Electricity,"4,179","7,500","5,500"
cols=6,1165,2025,454 Water and Sewer,"3,401","6,000","5,000"
cols=7,1166,2025,Account No. Description,Actual 2023-2024,Original Estimate 2024-2025,Estimate 2025-2026
cols=7,1167,2025,506 Liability Insurance,"73,895","84,000","87,000"
cols=7,1168,2025,510 Trustees Commission,"35,195","40,000","40,000"
cols=7,1169,2025,Total Other Charges,"121,085","148,500","148,500"
cols=7,1170,2025,66000 EMPLOYEE BENEFITS,,,
cols=7,1171,2025,201 Social Security,"100,772","120,000","129,180"
cols=7,1172,2025,204 State Retirement,"149,765","150,000","167,775"
cols=7,1173,2025,205 Employee and Dependent Insurance,"544,488","900,000","900,000"
cols=7,1174,2025,210 Unemployment Compensation,"7,312","15,000","15,000"
cols=7,1175,2025,513 Worker's Compensation Insurance,"102,069","125,000","130,000"
cols=7,1176,2025,599 Other Charges,"2,382","5,000","5,000"
cols=7,1177,2025,Total Employees Benefits,"906,788","1,315,000","1,346,955"
cols=7,1178,2025,68000 CAPITAL OUTLAY,,,
cols=7,1179,2025,705 Bridge Construction,"57,110","1,600,000","600,000"
cols=7,1180,2025,708 Communication Equipment,0,"3,000","3,000"
cols=7,1181,2025,713 Highway Construction,"1,505,414","1,750,000","750,000"
cols=7,1182,2025,714 Highway Equipment,"86,952","100,000","100,000"
cols=7,1183,2025,718 Motor Vehicles,"97,911","35,000","32,500"
cols=7,1184,2025,791 Other Construction,22,"15,000","15,000"
cols=7,1185,2025,Total Capital Outlay,"1,747,409","3,503,000","1,500,500"
cols=7,1186,2025,Total Estimated Expenditures,"5,380,387","9,043,282","6,613,677"
cols=7,1187,2025,99000 OTHER USES,,,
cols=7,1188,2025,99100 Transfers Out,,,
cols=7,1189,2025,590 Transfers to Other Funds,"143,538","143,373","143,157"
cols=7,1190,2025,Total Other Uses,"143,538","143,373","143,157"
cols=7,1191,2025,Total Estimated Expenditures and Other Uses,"5,523,925","9,186,655","6,756,834"
cols=7,1192,2025,Excess of Estimated Revenue Over (Under),,,
cols=7,1193,2025,Estimated Expenditures and Other Uses,"-833,159","-1,139,535","-13,329"
cols=7,1194,2025,Estimated Beginning Fund Balance July 1,"2,489,245","1,656,086","900,000"
cols=7,1195,2025,Fund Balance Audit Adjustment Estimated Ending Fund Balance June 30,"1,656,086","516,551","886,671"
cols=7,1196,2025,Account No. Description,Actual 2023-2024,Original Estimate 2024-2025,Estimate 2025-2026
cols=7,1197,2025,ESTIMATED REVENUES,,,
cols=7,1198,2025,40000 Local Taxes,,,
cols=7,1199,2025,40100 County Property Taxes,,,
cols=7,1200,2025,40110 Current Property Taxes,"3,137,972","3,032,648","2,773,333"
cols=7,1201,2025,40120 Trustee's Collection - Prior Year,"83,599","65,000","75,000"
cols=7,1202,2025,40125 Trustee's Collection - Bankruptcy,140,500,500
cols=7,1203,2025,40130 Circuit/Clerk & Master Collections - Prior Years,"32,234","47,000","40,000"
cols=7,1204,2025,40140 Interest and Penalty,"14,938","15,000","15,000"
cols=7,1205,2025,40161 Payments in Lieu of Taxes - TVA,"3,120","4,000","3,500"
cols=7,1206,2025,40162 Payments in Lieu of Taxes - Local Utilities,"6,000","6,000","6,000"
cols=7,1207,2025,40200 County Local Option Taxes,,,
cols=7,1208,2025,40210 Local Option Sales Tax,"3,041,871","2,535,177","2,975,000"
cols=7,1209,2025,40270 Business Tax,"46,902","35,000","45,000"
cols=7,1210,2025,40300 Statutory Local Taxes,,,
cols=7,1211,2025,40320 Bank Excise Tax,0,0,0
cols=7,1212,2025,40350 Interstate Telecommunication Tax,0,0,0
cols=7,1213,2025,Total Local Taxes,"6,366,776","5,740,325","5,933,333"
cols=7,1214,2025,41000 Licenses and Permits,,,
cols=7,1215,2025,41100 Licenses,,,
cols=7,1216,2025,41110 Marriage Licenses,"1,492","1,300","1,300"
cols=7,1217,2025,Total Licenses and Permits,"1,492","1,300","1,300"
cols=7,1218,2025,43000 Charges for Current Services,,,
cols=7,1219,2025,43500 Education Charges,,,
cols=7,1220,2025,43517 Tuition - Other,"2,400",0,0
cols=7,1221,2025,43570 Receipts from Individual Schools,"14,948","30,000","30,000"
cols=7,1222,2025,43582 Community Service Fees Adults,113,200,200
cols=7,1223,2025,Total Charges for Current Services,"17,461","30,200","30,200"
cols=7,1224,2025,44000 Other Local Revenues,,,
cols=7,1225,2025,44100 Recurring Items,,,
cols=7,1226,2025,44110 Investment Income,"363,499",0,0
cols=7,1227,2025,44120 Lease/Rentals,"3,455","10,000","7,500"
cols=7,1228,2025,44170 Miscellaneous Refunds,"39,433","30,000","30,000"
cols=7,1229,2025,44500 Nonrecurring Items,,,
cols=7,1230,2025,44530 Sale of Equipment,"8,748","15,000","15,000"
cols=7,1231,2025,44560 Damages Recovered from Individuals,"7,197","3,000","3,000"
cols=7,1232,2025,44570 Contributions and Gifts,"20,691","15,000","20,000"
cols=7,1233,2025,44990 Other Local Revenues,0,0,"30,000"
cols=7,1234,2025,Account No. Description,Actual 2023-2024,Original Estimate 2024-2025,Estimate 2025-2026
cols=7,1235,2025,Total Other Local Revenues,"443,023","73,000","105,500"
cols=7,1236,2025,Total Local Revenue,"6,828,752","5,844,825","6,070,333"
cols=7,1237,2025,46000 State of Tennessee,,,
cols=7,1238,2025,46175 On-Behalf Contributions for OPEB,"58,470","35,000","40,000"
cols=7,1239,2025,46500 State Education Funds,,,
cols=7,1240,2025,46510 Tennessee Investment in Student Achievemen,"24,550,179","24,228,618","25,081,234"
cols=7,1241,2025,46513 TISA-On-behalf Payments,"48,806",0,0
cols=7,1242,2025,46515 Early Childhood Education,"445,023","490,275","445,000"
cols=7,1243,2025,46520 School Food Service,0,"22,000","22,000"
cols=7,1244,2025,46550 Driver Education,"3,860","5,000","10,000"
cols=7,1245,2025,46590 Other State Education Funds,"285,794","240,000","240,000"
cols=7,1246,2025,46591 Coordinated School Health,0,0,0
cols=7,1247,2025,46594 Family Resource Centers,0,0,0
cols=7,1248,2025,46610 Career Ladder Program,"39,539","45,000","37,500"
cols=7,1249,2025,46790 Other Vocational,"955,369",0,"759,000"
cols=7,1250,2025,46800 Other State Revenues,,,
cols=7,1251,2025,46851 State Revenue Sharing - TVA,"223,542","230,000","220,000"
cols=7,1252,2025,46980 Other State Grants,"57,162","124,847",0
cols=7,1253,2025,46981 Safe Schools,"41,190",0,0
cols=7,1254,2025,46990 Other State Revenues,"1,132","258,804","100,000"
cols=7,1255,2025,Total State of Tennessee,"26,710,066","25,679,544","26,954,734"
cols=7,1256,2025,47000 Federal Government,,,
cols=7,1257,2025,47100 Federal Through State,,,
cols=7,1258,2025,47401 American Rescue Plan Act Grant #1,"340,502",0,0
cols=7,1259,2025,47590 Other Federal Through State,"51,433",0,0
cols=7,1260,2025,47600 Direct Federal Revenue,,,
cols=7,1261,2025,47640 ROTC Reimbursement,"62,624","70,000","65,000"
cols=7,1262,2025,47990 Other Direct Federal Revenue,0,0,0
cols=7,1263,2025,Total Federal Government,"454,559","70,000","65,000"
cols=7,1264,2025,48000 Other Governments and Citizens Groups,,,
cols=7,1265,2025,48130 Contributions,"479,214",0,0
cols=7,1266,2025,48990 Other,"236,681","161,000",0
cols=7,1267,2025,Total Other Governments and Citizens Groups,"715,895","161,000",0
cols=7,1268,2025,Total Estimated Revenues,"34,709,272","31,755,369","33,090,067"
cols=7,1269,2025,49000 OTHER SOURCES (NON-REVENUE),,,
cols=7,1270,2025,49700 Insurance Recovery,"6,855","10,000",0
cols=7,1271,2025,49800 Transfers In,"18,571","25,000","10,000"
cols=7,1272,2025,Total Other Sources,"25,426","35,000","10,000"
cols=6,1273,2025,Account No. Description,Actual 2023-2024,Original Estimate 2024-2025,Estimate 2025-2026
cols=6,1274,2025,Total Estimated Revenues & Other Sources,"34,734,698","31,790,369","33,100,067"
cols=6,1275,2025,ESTIMATED EXPENDITURES,,,
cols=6,1276,2025,71000 Instruction,,,
cols=6,1277,2025,71100 Regular Instruction Program,,,
cols=6,1278,2025,116 Teachers,"9,778,835","10,273,253","10,722,365"
cols=6,1279,2025,117 Career Ladder Program,"36,000","45,000","35,000"
cols=6,1280,2025,128 Homebound Teachers,"1,182","12,000","6,000"
cols=6,1281,2025,140 Salary Supplements,"413,987","460,000","440,000"
cols=6,1282,2025,163 Educational Assistants,"410,207","460,000","497,075"
cols=6,1283,2025,189 Other Salaries and Wages,"378,474","420,000","410,000"
cols=6,1284,2025,198 Non-Certified Substitute Teachers,"174,518","175,000","210,000"
cols=6,1285,2025,201 Social Security,"815,544","906,162","922,514"
cols=6,1286,2025,204 State Retirement,"768,432","1,016,744","918,910"
cols=6,1287,2025,207 Medical Insurance,"1,524,716","2,000,000","2,090,000"
cols=6,1288,2025,212 Employer Medicare,"2,697",0,0
cols=6,1289,2025,215 On-behalf Payments to OPEB,"23,647",0,0
cols=6,1290,2025,336 Maint and Repair Service - Equipment,"14,619","12,000","10,000"
cols=6,1291,2025,399 Other Contracted Services,0,"55,000","107,000"
cols=6,1292,2025,429 Instructional Supplies and Materials,"128,984","125,000","115,000"
cols=6,1293,2025,449 Textbooks,"229,407","175,000","150,000"
cols=6,1294,2025,471 Software,0,0,0
cols=6,1295,2025,499 Other Supplies and Materials,"6,638","8,000","8,000"
cols=6,1296,2025,595 TISA-On-behalf Payments,"39,133",,0
cols=6,1297,2025,599 Other Charges,"1,355",0,0
cols=6,1298,2025,722 Regular Instructional Equipment,266,"50,000","150,000"
cols=6,1299,2025,730 Vocational Instruction Equipment,0,0,0
cols=6,1300,2025,Total Instructional Program,"14,748,641","16,193,159","16,791,864"
cols=6,1301,2025,71150 Alternative Instruction Program,,,
cols=6,1302,2025,116 Teachers,"121,900","195,000","213,289"
cols=6,1303,2025,163 Educational Assistants,"22,975","25,000","26,000"
cols=6,1304,2025,201 Social Security,"10,548","16,830","18,306"
cols=6,1305,2025,204 State Retirement,"12,363","19,656","17,438"
cols=6,1306,2025,207 Medical Insurance,"25,375","36,179","37,988"
cols=6,1307,2025,355 Travel,"1,776","1,500","2,000"
cols=6,1308,2025,429 Instructional Supplies and Materials,"1,498","1,500","1,000"
cols=6,1309,2025,499 Other Supplies and Materials,"1,500","1,500","1,000"
cols=6,1310,2025,Total Alternative Schools,"197,935","297,165","317,021"
cols=6,1311,2025,71200 Special Education Program,,,
cols=6,1312,2025,116 Teachers,"1,843,481","1,980,000","2,021,836"
cols=6,1313,2025,124 Psychological Personnel,"75,773",0,0
cols=6,1314,2025,128 Homebound Teachers,"2,538","15,000","7,500"
cols=6,1315,2025,163 Educational Assistants,"416,047","510,000","528,820"
cols=6,1316,2025,171 Speech Pathologist,"194,662","300,000","255,769"
cols=6,1317,2025,Account No. Description,Actual 2023-2024,Original Estimate 2024-2025,Estimate 2025-2026
cols=6,1318,2025,201 Social Security,"185,821","214,583","210,266"
cols=6,1319,2025,204 State Retirement,"215,081","256,948","217,170"
cols=6,1320,2025,207 Medical Insurance,"371,575","399,706","414,442"
cols=6,1321,2025,212 Employer Medicare,0,0,0
cols=6,1322,2025,312 Contracts with Private Agencies,0,0,"105,000"
cols=6,1323,2025,399 Other Contracted Services,"249,964","180,000","75,000"
cols=6,1324,2025,429 Instructional Supplies and Materials,"5,858","7,000","7,000"
cols=6,1325,2025,499 Other Supplies and Materials,305,"5,000","5,000"
cols=6,1326,2025,595 TISA-On-behalf Payments,"9,673",0,0
cols=6,1327,2025,725 Special Education Equipment,"13,404","5,404","5,000"
cols=6,1328,2025,Total Special Educational Program,"3,584,182","3,873,641","3,852,803"
cols=6,1329,2025,71300 Career and Technical Education Program,,,
cols=6,1330,2025,116 Teachers,"816,497","900,000","932,216"
cols=6,1331,2025,140 Supplements,"8,712","6,000","6,000"
cols=6,1332,2025,189 Other Salaries and Wages,"6,500","14,000","5,000"
cols=6,1333,2025,198 Non-Certified Substitute Teachers,"9,850","18,000","21,600"
cols=6,1334,2025,201 Social Security,"62,711","71,757","73,809"
cols=6,1335,2025,204 State Retirement,"61,407","79,598","73,785"
cols=6,1336,2025,207 Medical Insurance,"105,106","121,487","127,562"
cols=6,1337,2025,307 Communications,"10,771",0,0
cols=6,1338,2025,336 Maintenance and Repair Services-Equipment,0,0,0
cols=6,1339,2025,355 Travel,633,"2,000","9,000"
cols=6,1340,2025,399 Other Contracted Services,"10,000",0,0
cols=6,1341,2025,429 Instructional Supplies and Materials,"6,197","11,000","10,000"
cols=6,1342,2025,449 Text Books,"3,987","7,000","7,000"
cols=6,1343,2025,471 Software,"238,710","139,850",0
cols=6,1344,2025,499 Other Supplies and Materials,"36,872","25,000","20,000"
cols=6,1345,2025,599 Other Charges,"12,921","3,500","3,500"
cols=6,1346,2025,730 Vocational Instruction Equipment,"812,738","430,970","15,000"
cols=6,1347,2025,790 Other Equipment,"2,341","10,000","10,000"
cols=6,1348,2025,Total Vocational Education Program,"2,205,953","1,840,162","1,314,472"
cols=6,1349,2025,Total Instruction,"20,736,711","22,204,127","22,276,160"
cols=6,1350,2025,72000 Support Services,,,
cols=6,1351,2025,72110 Attendance,,,
cols=6,1352,2025,105 Supervisor/Director,"67,869","92,000","96,000"
cols=6,1353,2025,189 Other Salaries & Wages,"41,893","56,000","57,932"
cols=6,1354,2025,201 Social Security,"7,995","11,322","11,776"
cols=6,1355,2025,204 State Retirement,"8,312","12,482","15,639"
cols=6,1356,2025,207 Medical Insurance,"12,278","18,451","19,374"
cols=6,1357,2025,355 Travel,636,"3,000","1,500"
cols=6,1358,2025,399 Other Contracted Services,"12,353","20,000","20,000"
cols=6,1359,2025,499 Other Supplies and Materials,0,"2,000","1,500"
cols=6,1360,2025,524 In Service/Staff Development,290,"1,000","1,500"
cols=6,1361,2025,719 Office Equipment,0,"5,000",0
cols=7,1362,2025,Account No. Description,Actual 2023-2024,Original Estimate 2024-2025,Estimate 2025-2026
cols=7,1363,2025,Total Attendance,"151,626","221,255","225,221"
cols=7,1364,2025,72120 Health Services,,,
cols=7,1365,2025,105 Supervisor/Director,"71,253","75,000","78,000"
cols=7,1366,2025,130 Social Workers,0,"96,000","102,800"
cols=7,1367,2025,131 Medical Personnel,"357,331","380,000","397,459"
cols=7,1368,2025,189 Other Salaries & Wages,"54,240","57,000","59,100"
cols=7,1369,2025,201 Social security,"36,139","46,512","48,758"
cols=7,1370,2025,204 State Retirement,"42,176","54,720","58,551"
cols=7,1371,2025,207 Medical Insurance,"53,588","57,339","60,206"
cols=7,1372,2025,355 Travel,"2,624","4,000","2,000"
cols=7,1373,2025,399 Other Contracted Services,"6,960","56,821","35,000"
cols=7,1374,2025,413 Drugs and Medical Supplies,"5,494","5,500","5,500"
cols=7,1375,2025,499 Other Supplies and Materials,"3,219","3,500","3,000"
cols=7,1376,2025,524 Inservice,"2,372","4,000","3,000"
cols=7,1377,2025,599 Other Charges,"4,350","5,000","4,000"
cols=7,1378,2025,735 Health Equipment,"5,354","5,500","4,000"
cols=7,1379,2025,Total Health Service,"645,100","850,892","861,374"
cols=7,1380,2025,72130 Other Student Support,,,
cols=7,1381,2025,123 Guidance Personnel,"572,913","685,000","719,709"
cols=7,1382,2025,189 Other Salaries and Wages,"180,897","190,000","193,500"
cols=7,1383,2025,201 Social Security,"55,911","66,938","67,861"
cols=7,1384,2025,204 State Retirement,"54,745","74,885","71,231"
cols=7,1385,2025,207 Medical Insurance,"78,790","84,305","88,521"
cols=7,1386,2025,322 Evaluating and Testing,"40,000","20,000","16,000"
cols=7,1387,2025,344 Payments to Schools - Other,"80,000","80,000","64,000"
cols=7,1388,2025,355 Travel,"7,832","8,000","8,000"
cols=7,1389,2025,399 Other Contracted Services,"14,810","25,000","10,000"
cols=7,1390,2025,499 Other Supplies and Materials,"1,220","4,000","4,000"
cols=7,1391,2025,524 Inservice,"2,000","3,000","2,000"
cols=7,1392,2025,599 Other Charges,"2,299","7,000","5,000"
cols=7,1393,2025,701 Administration Equipment,0,0,0
cols=7,1394,2025,Total Other Student Support,"1,091,417","1,248,128","1,249,822"
cols=7,1395,2025,72210 Regular Instruction Program,,,
cols=7,1396,2025,105 Supervisor/Director,"46,485","119,000","125,000"
cols=7,1397,2025,129 Librarians,"453,984","485,000","500,235"
cols=7,1398,2025,161 Secretary(s),"218,168","235,000","227,599"
cols=7,1399,2025,162 Clerical Personnel,"254,651","272,000","318,482"
cols=7,1400,2025,189 Other Salaries and Wages,"48,492","20,000","91,921"
cols=7,1401,2025,201 Social Security,"74,424","86,522","93,638"
cols=7,1402,2025,204 State Retirement,"95,605","113,047","109,735"
cols=7,1403,2025,207 Medical Insurance,"177,615","190,048","207,846"
cols=7,1404,2025,212 Employer Medicare,501,0,0
cols=7,1405,2025,336 Maint and Repair Services - Equipment,"3,065","4,000","4,000"
cols=7,1406,2025,355 Travel,681,"2,500","2,500"
cols=6,1407,2025,Account No. Description,Actual 2023-2024,Original Estimate 2024-2025,Estimate 2025-2026
cols=6,1408,2025,399 Other Contracted Services,"15,507","16,000","16,000"
cols=6,1409,2025,432 Library Books and Media,"7,999","8,000","8,000"
cols=6,1410,2025,499 Other Supplies and Materials,"6,000","5,000","3,000"
cols=6,1411,2025,524 In-Service/Staff Development,0,"2,000","2,000"
cols=6,1412,2025,599 Other Charges,0,0,0
cols=6,1413,2025,701 Administration Equipment,"22,571",0,0
cols=6,1414,2025,722 Regular Instruction Equipment,"7,068",0,0
cols=6,1415,2025,790 Other Equipment,"81,031",0,0
cols=6,1416,2025,Total Regular Instruction Program,"1,513,847","1,558,117","1,709,956"
cols=6,1417,2025,72220 Special Education Program,,,
cols=6,1418,2025,105 Supervisor/Director,"84,088","96,742","93,500"
cols=6,1419,2025,124 Psychological Personnel,0,"80,000","83,000"
cols=6,1420,2025,131 Medical Personnel,0,"65,335","69,000"
cols=6,1421,2025,189 Other Salaries and Wages,"1,650","5,000","5,000"
cols=6,1422,2025,196 In-Service Training,579,"2,000","2,000"
cols=6,1423,2025,201 Social Security,"6,418","19,054","19,317"
cols=6,1424,2025,204 State Retirement,"5,726","19,683","19,679"
cols=6,1425,2025,207 Medical Insurance,"8,100","8,667","9,101"
cols=6,1426,2025,312 Contracts with Private Agencies,0,0,"7,000"
cols=6,1427,2025,336 Maint and Repair Services - Equipment,"4,949","5,000","5,000"
cols=6,1428,2025,355 Travel,"4,950","7,500","7,500"
cols=6,1429,2025,399 Other Contracted Services,0,0,"60,000"
cols=6,1430,2025,524 In-Service Training,"1,949","4,000","4,000"
cols=6,1431,2025,Total Special Education Program,"118,409","312,981","384,097"
cols=6,1432,2025,72230 Career and Technical Education Program,,,
cols=6,1433,2025,105 Supervisor/Director,"179,261","89,613","95,500"
cols=6,1434,2025,189 Other Salaries and Wages,"39,123","81,937","42,000"
cols=6,1435,2025,201 Social Security,"10,716","13,075","10,519"
cols=6,1436,2025,204 State Retirement,"10,010","13,633","10,584"
cols=6,1437,2025,207 Medical Insurance,"9,863","24,867","2,696"
cols=6,1438,2025,336 Maint and Repair Services - Equipment,479,"3,000","3,000"
cols=6,1439,2025,355 Travel,532,"2,000","2,000"
cols=6,1440,2025,399 Other Contracted Services,"4,956","3,000","3,000"
cols=6,1441,2025,499 Other Supplies and Materials,"44,389",0,0
cols=6,1442,2025,524 In-Service Training,"34,400",0,0
cols=6,1443,2025,790 Other Equipment,"34,063",0,0
cols=6,1444,2025,Total Vocational Education Program,"367,792","231,125","169,299"
cols=6,1445,2025,72250 Technology,,,
cols=6,1446,2025,105 Supervisor,"71,253","74,816","78,000"
cols=6,1447,2025,189 Other Salaries and Wages,"5,480","70,659","74,899"
cols=6,1448,2025,201 Social Security,"5,751","11,129","11,697"
cols=6,1449,2025,204 State Retirement,"9,085","14,511","15,527"
cols=6,1450,2025,207 Medical Insurance,"8,100","8,667","9,101"
cols=6,1451,2025,336 Maint and Repair Services - Equipment,0,"10,000","6,000"
cols=6,1452,2025,Account No. Description,Actual 2023-2024,Original Estimate 2024-2025,Estimate 2025-2026
cols=6,1453,2025,350 Internet Connectivity,"92,786","105,000","105,000"
cols=6,1454,2025,355 Travel,92,"2,000","2,000"
cols=6,1455,2025,399 Other Contracted Services,"110,668","90,000","195,000"
cols=6,1456,2025,499 Other Supplies and Materials,495,"2,000","2,000"
cols=6,1457,2025,722 Regular Instruction Equipment,"92,844","75,000","60,000"
cols=6,1458,2025,Total Technology,"396,554","463,782","559,224"
cols=6,1459,2025,72290 Other Programs,,,
cols=6,1460,2025,215 On-Behalf Payments for OPEB,"58,470","35,000","35,000"
cols=6,1461,2025,Total Other Programs,"58,470","35,000","35,000"
cols=6,1462,2025,72310 Board of Education,,,
cols=6,1463,2025,191 Board and Committee Members Fees,"16,800","16,800","16,800"
cols=6,1464,2025,196 In-Service Training,"1,415","12,000","7,000"
cols=6,1465,2025,201 Social Security,"1,136","2,203","2,142"
cols=6,1466,2025,204 Medical Insurance,0,"15,800","15,800"
cols=6,1467,2025,305 Audit Services,"29,000","35,000","35,000"
cols=6,1468,2025,320 Dues and Memberships,"21,468","32,000","26,000"
cols=6,1469,2025,331 Legal Services,"7,288","40,000","25,000"
cols=6,1470,2025,355 Travel,"1,862","5,000","4,000"
cols=6,1471,2025,399 Other Contracted Services,"14,717","17,000","8,000"
cols=6,1472,2025,506 Liability Insurance,"119,404","150,000","160,000"
cols=6,1473,2025,510 Trustees Commission,"133,471","140,000","150,000"
cols=6,1474,2025,513 Workers Compensation Insurance,"182,568","240,000","240,000"
cols=6,1475,2025,534 Refund to Applicant for Criminal Investigation,0,"1,000","1,000"
cols=6,1476,2025,599 Other Charges,"4,421","10,000","7,000"
cols=6,1477,2025,Total Board of Education,"533,550","716,803","697,742"
cols=6,1478,2025,72320 Director of Schools,,,
cols=6,1479,2025,101 County Official/Administrative Officer,"120,000","125,000","130,000"
cols=6,1480,2025,161 Secretary(s),"107,404","116,000","122,644"
cols=6,1481,2025,201 Social Security,"17,346","18,437","19,328"
cols=6,1482,2025,204 State Retirement,"23,517","24,984","26,516"
cols=6,1483,2025,207 Medical Insurance,"14,000","14,980","15,729"
cols=6,1484,2025,307 Communication,"2,785","3,000","1,000"
cols=6,1485,2025,336 Maint and Repair Services - Equipment,"6,494","15,000","14,000"
cols=6,1486,2025,348 Postal Charges,979,"1,000","1,000"
cols=6,1487,2025,355 Travel,"1,954","1,400","1,400"
cols=6,1488,2025,399 Other Contracted Service,"5,000","5,000","3,000"
cols=6,1489,2025,435 Office Supplies,"2,463","2,500","1,500"
cols=6,1490,2025,499 Other Supplies and Materials,"2,282","3,500","2,500"
cols=6,1491,2025,599 Other Charges,"15,864",0,0
cols=6,1492,2025,Total Office of the Superintendent,"320,088","330,801","338,617"
cols=6,1493,2025,72410 Office of the Principal,,,
cols=6,1494,2025,104 Principals,"698,155","780,000","808,000"
cols=6,1495,2025,Account No. Description,Actual 2023-2024,Original Estimate 2024-2025,Estimate 2025-2026
cols=6,1496,2025,139 Assistant Principals,"458,344","650,000","658,000"
cols=6,1497,2025,189 Other Salaries and Wages,"96,184","101,507","104,000"
cols=6,1498,2025,201 Social Security,"94,202","117,160","116,105"
cols=6,1499,2025,204 State Retirement,"101,595","137,836","121,912"
cols=6,1500,2025,207 Medical Insurance,"127,514","169,715","178,201"
cols=6,1501,2025,348 Postal Charges,132,"1,000","1,000"
cols=6,1502,2025,355 Travel,555,"3,000","3,000"
cols=6,1503,2025,399 Other Contracted Services,"154,314","130,000","126,000"
cols=6,1504,2025,Total Office of the Principal,"1,730,995","2,090,218","2,116,218"
cols=6,1505,2025,72510 Fiscal Services,,,
cols=6,1506,2025,399 Other Contracted Services,"45,000","50,000","50,000"
cols=6,1507,2025,Total Fiscal Services,"45,000","50,000","50,000"
cols=6,1508,2025,72610 Operation of Plant,,,
cols=6,1509,2025,307 Communication,"41,689","50,000","40,000"
cols=6,1510,2025,399 Other Contracted Services,"742,083","829,250","837,298"
cols=6,1511,2025,410 Custodial Supplies,"37,874","38,500","38,500"
cols=6,1512,2025,415 Electricity,"867,448","1,000,000","990,000"
cols=6,1513,2025,434 Natural Gas,"75,827","160,000","150,000"
cols=6,1514,2025,454 Water and Sewer,"261,764","325,000","345,000"
cols=6,1515,2025,499 Other Supplies and Materials,"1,363","3,500","3,500"
cols=6,1516,2025,501 Boiler Insurance,"9,074","10,500","10,500"
cols=6,1517,2025,502 Building and Contents Insurance,"200,000","250,000","275,000"
cols=6,1518,2025,790 Other Equipment,"11,703","15,000","15,000"
cols=6,1519,2025,Total Operation of Plant,"2,248,825","2,681,750","2,704,798"
cols=6,1520,2025,72620 Maintenance of Plant,,,
cols=6,1521,2025,105 Supervisor/Director,"59,378","74,816","78,000"
cols=6,1522,2025,161 Secretary(s),"13,489","23,000","23,549"
cols=6,1523,2025,189 Other Salaries and Wages,"206,454","230,000","242,650"
cols=6,1524,2025,201 Social Security,"22,191","25,078","26,332"
cols=6,1525,2025,204 State Retirement,"34,392","41,783","41,580"
cols=6,1526,2025,207 Medical Insurance,"46,858","51,325","53,892"
cols=6,1527,2025,335 Maint & Repair Services - Building,"219,881","375,000","250,000"
cols=6,1528,2025,336 Maint & Repair Services - Equipment,"176,229","275,000","275,000"
cols=6,1529,2025,355 Travel,99,"3,000","1,500"
cols=6,1530,2025,399 Other Contracted Services,"146,567","250,000","245,000"
cols=6,1531,2025,418 Equipment and Machinery Parts,0,"10,000","8,000"
cols=6,1532,2025,499 Other Supplies and Materials,0,"1,000","1,000"
cols=6,1533,2025,790 Other Equipment,0,0,"50,000"
cols=6,1534,2025,Total Maintenance of Plant,"925,538","1,360,002","1,296,503"
cols=6,1535,2025,72710 Transportation,,,
cols=6,1536,2025,105 Supervisor/Director,"71,253","74,816","78,000"
cols=6,1537,2025,Account No. Description,Actual 2023-2024,Original Estimate 2024-2025,Estimate 2025-2026
cols=6,1538,2025,142 Mechanic(s),"105,223","130,000","100,000"
cols=6,1539,2025,146 Bus Drivers,"790,364","865,000","912,575"
cols=6,1540,2025,161 Secretary(s),"13,489","23,000","23,549"
cols=6,1541,2025,189 Other Salaries and Wages,625,0,0
cols=6,1542,2025,201 Social Security,"74,816","83,600","82,231"
cols=6,1543,2025,204 State Retirement,"93,577","129,389","129,587"
cols=6,1544,2025,207 Medical Insurance,"101,951","120,910","126,956"
cols=6,1545,2025,212 Employer Medicare,386,0,0
cols=6,1546,2025,299 Other Fringe Benefits,"15,355","25,000","20,000"
cols=6,1547,2025,335 Maintenance and Repair Services - Building,0,"5,000","4,000"
cols=6,1548,2025,338 Maintenance and Repair Services - Vehicles,"26,433","30,000","35,000"
cols=6,1549,2025,355 Travel,0,"3,000","2,000"
cols=6,1550,2025,399 Other Contracted Services,"59,091","60,000","50,000"
cols=6,1551,2025,412 Diesel Fuel,"137,832","200,000","150,000"
cols=6,1552,2025,418 Equipment and Machinery Parts,508,"2,000","2,000"
cols=6,1553,2025,424 Garage Supplies,640,"3,000","3,000"
cols=6,1554,2025,425 Gasoline,"39,167","45,000","35,000"
cols=6,1555,2025,433 Lubricants,"5,563","12,000","8,000"
cols=6,1556,2025,442 Propane,"44,557","70,000","60,000"
cols=6,1557,2025,450 Tires and Tubes,"6,242","25,000","15,000"
cols=6,1558,2025,453 Vehicles Parts,"48,185","100,000","90,000"
cols=6,1559,2025,511 Vehicle and Equipment Insurance,"50,000","65,000","75,000"
cols=6,1560,2025,599 Other Charges,650,"5,000","5,000"
cols=6,1561,2025,718 Motor Vehicles,"23,075",0,0
cols=6,1562,2025,729 Transportation Equipment,"532,054","160,000",0
cols=6,1563,2025,Total Transportation,"2,241,036","2,236,715","2,006,898"
cols=6,1564,2025,72810 Central and Other,,,
cols=6,1565,2025,201 Social Security,78,383,383
cols=6,1566,2025,210 Unemployment Compensation,"12,418","20,000","20,000"
cols=6,1567,2025,299 Other Fringe Benefits,"1,025","5,000","5,000"
cols=6,1568,2025,316 Contributions,"63,341","50,000","50,000"
cols=6,1569,2025,399 Other Contracted Services,"17,042","50,000","50,000"
cols=6,1570,2025,499 Other Supplies and Materials,"25,846","15,000","15,000"
cols=6,1571,2025,599 Other Charges,"7,106","40,000","174,161"
cols=6,1572,2025,Total Central and Other,"126,856","180,383","314,544"
cols=6,1573,2025,Total Support Services,"12,515,103","14,567,952","14,719,313"
cols=6,1574,2025,73000 Operation of Non-Instructional Services,,,
cols=6,1575,2025,73100 Food Service,,,
cols=6,1576,2025,105 Supervisor/Director,"36,000","37,500","39,000"
cols=6,1577,2025,165 Cafeteria Personnel,"16,800",0,0
cols=6,1578,2025,201 Social Security,"3,796","2,869","2,984"
cols=6,1579,2025,204 State Retirement,"6,252","4,440","4,712"
cols=6,1580,2025,212 Employer Medicare,244,0,0
cols=6,1581,2025,Total Food Service,"63,092","44,809","46,696"
cols=7,1582,2025,Account No. Description,Actual 2023-2024,Original Estimate 2024-2025,Estimate 2025-2026
cols=7,1583,2025,73300 Community Services,,,
cols=7,1584,2025,105 Supervisor/Director,"6,828",0,0
cols=7,1585,2025,189 Other Salaries and Wages,"70,934","74,548","76,987"
cols=7,1586,2025,201 Social security,"5,829","5,703","5,891"
cols=7,1587,2025,204 State Retirement,"9,207","8,826","9,301"
cols=7,1588,2025,207 Medical Insurance,"15,800","16,200","17,010"
cols=7,1589,2025,499 Other Supplies and Materials,"4,997","5,000","5,000"
cols=7,1590,2025,719 Office Equipment,0,"5,000",0
cols=7,1591,2025,Total Community Services,"113,595","115,277","114,189"
cols=7,1592,2025,73400 Early Childhood Education,,,
cols=7,1593,2025,105 Supervisor/Director,"44,379","47,100","48,000"
cols=7,1594,2025,116 Teachers,"202,778","223,789","232,395"
cols=7,1595,2025,163 Educational Assistants,"80,403","84,662","92,000"
cols=7,1596,2025,189 Other Salaries and Wages,"10,961","12,000","12,000"
cols=7,1597,2025,198 Non-Certified Substitute Teachers,0,"5,000","5,000"
cols=7,1598,2025,201 Social Security,"22,437","28,500","29,789"
cols=7,1599,2025,204 Retirement,"26,241","25,678","33,479"
cols=7,1600,2025,207 Medical Insurance,"43,980","50,326","35,175"
cols=7,1601,2025,355 Travel,495,500,500
cols=7,1602,2025,399 Other Contracted Services,0,0,0
cols=7,1603,2025,429 Instructional Supplies and Materials,"10,413","10,500","15,000"
cols=7,1604,2025,449 Textbooks-Bound,0,0,0
cols=7,1605,2025,499 Other Supplies and Materials,"13,958","14,500","15,000"
cols=7,1606,2025,524 Inservice,0,"2,000","2,000"
cols=7,1607,2025,790 Other Equipment,"14,085","15,000","15,000"
cols=7,1608,2025,Total Early Childhood Education,"470,130","519,555","535,338"
cols=7,1609,2025,Total Operation of Non-Instructional Services,"646,817","679,641","696,223"
cols=7,1610,2025,76000 Capital Outlay,,,
cols=7,1611,2025,76100 Regular Capital Outlay,,,
cols=7,1612,2025,304 Architects,0,"97,072",0
cols=7,1613,2025,350 Internet Connectivity,"479,214",0,0
cols=7,1614,2025,399 Other Contracted Services,"57,746","2,254",0
cols=7,1615,2025,706 Building Construction,0,"790,928","759,000"
cols=7,1616,2025,707 Building Improvements,0,"137,000","585,000"
cols=7,1617,2025,790 Other Equipment,0,"6,000","100,000"
cols=7,1618,2025,799 Other Capital Outlay,"42,425","635,000","135,000"
cols=7,1619,2025,Total Regular Capital Outlay,"579,385","1,668,254","1,579,000"
cols=7,1620,2025,Total Estimated Expenditures,"34,478,016","39,119,974","39,270,696"
cols=6,1621,2025,Account No. Description,Actual 2023-2024,Original Estimate 2024-2025,Estimate 2025-2026
cols=6,1622,2025,99100 Transfers Out,,,
cols=6,1623,2025,590 Transfers to Other Funds,0,0,0
cols=6,1624,2025,Total Estimated Other Uses,0,0,0
cols=6,1625,2025,Total Estimated Expenditures and Other Uses,"34,478,016","39,119,974","39,270,696"
cols=6,1626,2025,Excess of Estimated Revenues Over (Under) Estimated Expenditures,"256,682","-7,329,605","-6,170,629"
cols=6,1627,2025,Estimated Beginning Fund Balances July 1,"13,068,733","13,325,415","11,825,415"
cols=6,1628,2025,Fund Balance Audit Adjustment Estimated Ending Fund Balances June 30,"13,325,415","5,995,810","5,654,786"
cols=6,1629,2025,Account No Description,Actual 2023-2024,Original Estimated 2024-2025,Estimated 2025-2026
cols=6,1630,2025,ESTIMATED REVENUES,,,
cols=6,1631,2025,43000 CHARGES FOR CURRENT SERVICES,,,
cols=6,1632,2025,43500 Education Charges,,,
cols=6,1633,2025,43521 Lunch Payments Children,"167,570",0,0
cols=6,1634,2025,43522 Lunch Payments Adults,"23,836","28,498","22,000"
cols=6,1635,2025,43523 Income from Breakfast,"44,358","2,969","2,500"
cols=6,1636,2025,43525 A la Carte Sales,"219,258","225,000","265,000"
cols=6,1637,2025,Total Charges for Current Services,"455,022","256,467","289,500"
cols=6,1638,2025,44000 OTHER LOCAL REVENUES,,,
cols=6,1639,2025,44100 Recurring Items,,,
cols=6,1640,2025,44110 Investment Income,"1,711","1,000","1,000"
cols=6,1641,2025,44500 Non-Recurring Items,,,
cols=6,1642,2025,44530 Sale of Equipment,161,0,0
cols=6,1643,2025,Total Other Local Revenues,"1,872","1,000","1,000"
cols=6,1644,2025,46000 STATE OF TENNESSEE,,,
cols=6,1645,2025,46500 State Education Funds,,,
cols=6,1646,2025,46520 School Food Service,"15,619",0,0
cols=6,1647,2025,46800 Other State Revenue,,,
cols=6,1648,2025,46980 Other State Grants,0,0,0
cols=6,1649,2025,46990 Other State Revenue,0,0,0
cols=6,1650,2025,Total State of Tennessee,"15,619",0,0
cols=6,1651,2025,47000 FEDERAL GOVERNMENT,,,
cols=6,1652,2025,47100 Federal Through State,,,
cols=6,1653,2025,47111 USDA School Lunch Program,"1,283,276","1,700,000","1,800,000"
cols=6,1654,2025,47112 USDA-Commodities,"131,234",0,0
cols=6,1655,2025,47113 Breakfast,"484,802","750,000","750,000"
cols=6,1656,2025,47114 USDA-Other,"91,301",0,0
cols=6,1657,2025,47115 USDA Food Service Equipment Grant,"19,200",0,0
cols=6,1658,2025,Total Federal Government,"2,009,813","2,450,000","2,550,000"
cols=6,1659,2025,TOTAL ESTIMATED REVENUE,"2,482,326","2,707,467","2,840,500"
cols=6,1660,2025,49000 ESTIMATED OTHER SOURCES(NON-REVENUE),,,
cols=6,1661,2025,49800 Transfer In,0,0,0
cols=6,1662,2025,TOTAL ESTIMATE OTHER SOURCES,0,0,0
cols=7,1663,2025,Account No Description,Actual 2023-2024,Estimated 2024-2025,Estimated 2025-2026
cols=7,1664,2025,TOTAL ESTIMATED REVENUE AND OTHER SOURCE,"2,482,326","2,707,467","2,840,500"
cols=7,1665,2025,ESTIMATED EXPENDITURES,,,
cols=7,1666,2025,73000 OPERATION OF NON-INSTRUCTIONAL SERVICES,,,
cols=7,1667,2025,73100 Food Services,,,
cols=7,1668,2025,105 Supervisor/Director,"37,000","38,500","39,000"
cols=7,1669,2025,119 Accountants/Bookkeeper,"150,268","175,000","170,000"
cols=7,1670,2025,165 Cafeteria Personnel,"641,895","675,000","740,000"
cols=7,1671,2025,189 Other Salaries & Wages,0,"53,221","57,000"
cols=7,1672,2025,201 Social Security,"62,003","72,042","76,959"
cols=7,1673,2025,204 State Retirement,"89,856","111,500","121,525"
cols=7,1674,2025,207 Medical Insurance,"135,000","145,000","152,250"
cols=7,1675,2025,307 Communication,"3,025","4,200","4,200"
cols=7,1676,2025,336 Maint & Repair Services - Equipment,"98,329","75,000","65,000"
cols=7,1677,2025,354 Transportation - Other than Students,"3,390","5,000","5,000"
cols=7,1678,2025,355 Travel,"1,440","3,000","3,000"
cols=7,1679,2025,399 Other Contracted Services,"18,641","59,000","59,000"
cols=7,1680,2025,422 Food Supplies,"986,176","1,150,000","1,150,000"
cols=7,1681,2025,422-SCA Food Supplies-Supply Chain,"76,168",0,0
cols=7,1682,2025,452 Utilities,"1,294","30,000","30,000"
cols=7,1683,2025,469 USDA-Commodities,"131,234",0,0
cols=7,1684,2025,499 Other Supplies and Materials,"105,543","175,000","155,000"
cols=7,1685,2025,599 Other Charges,"24,226","27,500","30,000"
cols=7,1686,2025,710 Food Service Equipment,"105,637","450,000","100,000"
cols=7,1687,2025,Total Food Service,"2,671,125","3,248,963","2,957,934"
cols=7,1688,2025,Total Estimated Expenditures,"2,671,125","3,248,963","2,957,934"
cols=7,1689,2025,Excess of Estimated Revenues Over,,,
cols=7,1690,2025,(Under) Estimated Expenditures,"-188,799","-541,496","-117,434"
cols=7,1691,2025,Estimated Beginning Fund Balance July 1,"1,293,886","1,105,087","850,000"
cols=7,1692,2025,Estimated Ending Fund Balance June 30,"1,105,087","563,591","732,566"
cols=6,1693,2025,Account No. Description,Actual 2023-2024,Original Estimated 2024-2025,Estimated 2025-2026
cols=6,1694,2025,ESTIMATED REVENUES,,,
cols=6,1695,2025,40000 LOCAL TAXES,,,
cols=6,1696,2025,40100 County Property Taxes,,,
cols=6,1697,2025,40110 Current Property Taxes,"90,278",0,0
cols=6,1698,2025,40120 Trustee's Collection-Prior Year,"2,326","2,000",0
cols=6,1699,2025,40125 Trustee's Collection-Bankruptcy,4,100,0
cols=6,1700,2025,40130 Circuit/Clerk & Master Coll-Prior Years,901,735,0
cols=6,1701,2025,40140 Interest & Penalty,419,500,0
cols=6,1702,2025,40161 Payments in lieu of Taxes-TVA,90,150,0
cols=6,1703,2025,Total County Property Taxes,"94,018","3,485",0
cols=6,1704,2025,40200 County Local Option Taxes,,,
cols=6,1705,2025,40210 Local Option Sales Taxes,"1,978,628","250,000",0
cols=6,1706,2025,40240 Wheel Tax,"827,922","850,000","885,000"
cols=6,1707,2025,40270 Business Tax,"1,349","1,300",0
cols=6,1708,2025,Total County Local Option Taxes,"2,807,899","1,101,300","885,000"
cols=6,1709,2025,Total Local Taxes,"2,901,917","1,104,785","885,000"
cols=6,1710,2025,44000 OTHER LOCAL REVENUES,,,
cols=6,1711,2025,44100 Recurring Items,,,
cols=6,1712,2025,44110 Investment Income,"1,049,529","650,000","750,000"
cols=6,1713,2025,Total Recurring Items,"1,049,529","650,000","750,000"
cols=6,1714,2025,Total Other Local Revenues,"1,049,529","650,000","750,000"
cols=6,1715,2025,46000 STATE OF TENNESSEE,,,
cols=6,1716,2025,46800 Other State Revenues,,,
cols=6,1717,2025,46851 State Revenue Sharing-TVA,"6,431","6,431",0
cols=6,1718,2025,Total State of Tennessee,"6,431","6,431",0
cols=6,1719,2025,48000 OTHER GOVERNMENTS AND CITIZENS GROUPS,,,
cols=6,1720,2025,48100 Other Governments,,,
cols=6,1721,2025,48130 Contributions,"27,219",0,0
cols=6,1722,2025,Total Other Governments and Citizens Groups,"27,219",0,0
cols=7,1723,2025,Account No. Description,Actual 2023-2024,Original Estimated 2024-2025,Estimated 2025-2026
cols=7,1724,2025,Total Estimated Revenues,"3,985,096","1,761,216","1,635,000"
cols=7,1725,2025,49000 ESTIMATED OTHER SOURCES,,,
cols=7,1726,2025,49800 Transfers In,"208,538","608,373","583,157"
cols=7,1727,2025,Total Estimated Other Sources,"208,538","608,373","583,157"
cols=7,1728,2025,Total Estimated Revenues and Other Sources,"4,193,634","2,369,589","2,218,157"
cols=7,1729,2025,ESTIMATED EXPENDITURES,,,
cols=7,1730,2025,82100 PRINCIPAL ON DEBT,,,
cols=7,1731,2025,82110 General Government,,,
cols=7,1732,2025,602 Principal on Notes,"133,708","139,554","145,519"
cols=7,1733,2025,612 Principal on Other Loans,"443,780","459,000","477,000"
cols=7,1734,2025,Total General Government,"577,488","598,554","622,519"
cols=7,1735,2025,82120 Highways and Streets,,,
cols=7,1736,2025,602 Principal on Notes,"164,100","167,200","172,400"
cols=7,1737,2025,Total Highways and Streets,"164,100","167,200","172,400"
cols=7,1738,2025,82130 Education,,,
cols=7,1739,2025,612 Principal on Other Loans,"1,446,926","1,411,000","1,450,000"
cols=7,1740,2025,Total Education,"1,446,926","1,411,000","1,450,000"
cols=7,1741,2025,Total Principal Payments,"2,188,514","2,176,754","2,244,919"
cols=7,1742,2025,82200 INTEREST ON DEBT,,,
cols=7,1743,2025,82210 General Government,,,
cols=7,1744,2025,604 Interest on Notes,"50,472","44,627","38,662"
cols=7,1745,2025,613 Interest on Other Loans,"126,963","113,874","98,469"
cols=7,1746,2025,Total General Government,"177,435","158,501","137,131"
cols=7,1747,2025,82220 Highway and Streets,,,
cols=7,1748,2025,604 Interest on Notes,"32,875","28,891","24,819"
cols=7,1749,2025,Total Highways and Streets,"32,875","28,891","24,819"
cols=7,1750,2025,82230 Education,,,
cols=7,1751,2025,613 Interest on other Loans,"336,602","376,651","311,636"
cols=7,1752,2025,Total Education,"336,602","376,651","311,636"
cols=7,1753,2025,Account No. Description,Actual 2023-2024,Original Estimated 2024-2025,Estimated 2025-2026
cols=7,1754,2025,82300 OTHER DEBT SERVICE,,,
cols=7,1755,2025,82310 General Government,,,
cols=7,1756,2025,510 Trustees Commission,"29,911","45,000","30,000"
cols=7,1757,2025,699 Other Debt Service,"20,719","19,099","16,499"
cols=7,1758,2025,Total General Government,"50,630","64,099","46,499"
cols=7,1759,2025,82330 Education,,,
cols=7,1760,2025,699 Other Debt Service,"47,175","40,369","32,959"
cols=7,1761,2025,Total Education,"47,175","40,369","32,959"
cols=7,1762,2025,Total Interest Payments,"644,717","668,511","553,044"
cols=7,1763,2025,Total Principal and Interest Payments,"2,833,231","2,845,265","2,797,963"
cols=7,1764,2025,99000 OTHER USES,,,
cols=7,1765,2025,99100 Transfers Out,,,
cols=7,1766,2025,590 Transfers to Other Funds,0,0,0
cols=7,1767,2025,Total Estimated Other Uses,0,0,0
cols=7,1768,2025,Total Estimated Expenditures and Other Uses,"2,833,231","2,845,265","2,797,963"
cols=7,1769,2025,Excess of Estimated Revenues and Other Sources Over,,,
cols=7,1770,2025,(Under) Estimated Expenditures and Other Uses,"1,360,403","-475,676","-579,806"
cols=7,1771,2025,"Estimated Beginning Fund Balance, July 1","4,039,353","5,399,756","5,100,000"
cols=7,1772,2025,"Fund Balance Audit Adjustment Estimated Ending fund Balance, June 30","5,399,756","4,924,080","4,520,194"
cols=6,1773,2025,Account No. Description,Actual 2023-2024,Original Estimated 2024-2025,Estimated 2025-2026
cols=6,1774,2025,ESTIMATED REVENUE,,,
cols=6,1775,2025,OPERATING REVENUE,,,
cols=6,1776,2025,43000 CHARGES FOR CURRENT SERVICES,,,
cols=6,1777,2025,43100 General Services Charges,,,
cols=6,1778,2025,43106 Commercial & Industrial Collection Charge,"276,184","212,000","280,000"
cols=6,1779,2025,43107 Residential Waste Collection Charge,"130,737","135,000","135,000"
cols=6,1780,2025,43110 Tipping Fees,"61,937","50,000","62,000"
cols=6,1781,2025,43114 Solid Waste Disposal Fee,"873,746","850,000","870,000"
cols=6,1782,2025,43116 Surcharge-Waste Tire Disposal,"11,151",0,"12,000"
cols=6,1783,2025,Total Charges for Current Services,"1,353,755","1,247,000","1,359,000"
cols=6,1784,2025,44000 OTHER LOCAL REVENUES,,,
cols=6,1785,2025,44100 Recurring Items,,,
cols=6,1786,2025,44110 Investment Income,"38,832","30,000","30,000"
cols=6,1787,2025,44120 Lease/Rentals,"53,900","58,000","53,000"
cols=6,1788,2025,44145 Sale of Recycled Materials,"110,181","150,000","150,000"
cols=6,1789,2025,44170 Miscellaneous Refunds,0,0,0
cols=6,1790,2025,Total Recurring Items,"202,913","238,000","233,000"
cols=6,1791,2025,44500 Non-Recurring Items,,,
cols=6,1792,2025,44530 Sale of Equipment,"27,967","15,000",0
cols=6,1793,2025,Total Non-Recurring Items,"27,967","15,000",0
cols=6,1794,2025,Total Other Local Revenues,"230,880","253,000","233,000"
cols=6,1795,2025,46000 STATE OF TENNESSEE,,,
cols=6,1796,2025,46100 General Government Grants,,,
cols=6,1797,2025,46170 Solid Waste Grants,0,0,0
cols=6,1798,2025,46170-AFR Solid Waste Grants-Used Auto Fluid Recycling,0,0,0
cols=6,1799,2025,46400 Public Works Grants,,,
cols=6,1800,2025,46430 Litter Program,"33,316","49,300","49,300"
cols=6,1801,2025,Total Public Works Grants,"33,316","49,300","49,300"
cols=6,1802,2025,46800 Other State Revenues,,,
cols=6,1803,2025,46980 Other State Grants,"81,440",0,0
cols=6,1804,2025,46990 Other State Revenues,0,"9,000",0
cols=6,1805,2025,Total Other State Revenues,"81,440","9,000",0
cols=6,1806,2025,Total State of Tennessee,"114,756","58,300","49,300"
cols=7,1807,2025,Account No. Description,Actual 2023-2024,Original Estimated 2024-2025,Estimated 2025-2026
cols=7,1808,2025,47000 FEDERAL GOVERNMENT,,,
cols=7,1809,2025,47100 Federal Through State,,,
cols=7,1810,2025,47230 Disaster Relief,0,0,0
cols=7,1811,2025,47235 Homeland Security Grants,0,0,0
cols=7,1812,2025,Total Federal Through State,0,0,0
cols=7,1813,2025,Total Federal Government,0,0,0
cols=7,1814,2025,48000 OTHER GOVERNMENTS AND CITIZENS GROUPS,,,
cols=7,1815,2025,48100 Other Governments,,,
cols=7,1816,2025,48140 Contracted Services,"248,915","215,000","255,000"
cols=7,1817,2025,48600 Other Citizens Groups,,,
cols=7,1818,2025,48610 Donations,"1,000",0,0
cols=7,1819,2025,Total Other Governments,"249,915","215,000","255,000"
cols=7,1820,2025,49000 Non-Revenue,,,
cols=7,1821,2025,49100 Bonds Issued,0,0,0
cols=7,1822,2025,49200 Notes Issued,0,0,0
cols=7,1823,2025,49700 Insurance Recovery,0,0,0
cols=7,1824,2025,49800 Transfer In,0,0,0
cols=7,1825,2025,Total Estimated Revenues,"1,949,306","1,773,300","1,896,300"
cols=7,1826,2025,ESTIMATED EXPENDITURES,,,
cols=7,1827,2025,55000 PUBLIC HEALTH AND WELFARE,,,
cols=7,1828,2025,55710 Sanitation Management,,,
cols=7,1829,2025,105 Supervisor/Director,"64,669","66,157","68,142"
cols=7,1830,2025,106 Deputy(ies),"38,808","39,829","41,024"
cols=7,1831,2025,121 Data Processing Personnel,"28,010","29,528","30,414"
cols=7,1832,2025,140 Salary Supplements,"1,125","1,500","1,500"
cols=7,1833,2025,143 Equipment Operators,"78,320","82,578","85,055"
cols=7,1834,2025,144 Equipment Operators-Heavy,"42,267","80,000","82,400"
cols=7,1835,2025,149 Laborers,"56,423","96,264","79,040"
cols=7,1836,2025,162 Clerical Personnel,"34,592","36,078","37,160"
cols=7,1837,2025,169 Part-Time Personnel,"131,124","131,058","140,000"
cols=7,1838,2025,186 Longevity Pay,"11,700","12,100","12,400"
cols=7,1839,2025,187 Overtime Pay,"29,320","21,000","30,000"
cols=7,1840,2025,201 Social Security,"39,216","46,000","46,000"
cols=7,1841,2025,204 State Retirement,"71,856","58,000","58,000"
cols=7,1842,2025,207 Medical Insurance,"83,350","130,000","130,000"
cols=7,1843,2025,302 Advertising,"1,296","2,000","1,500"
cols=7,1844,2025,307 Communication,"4,809","5,900","5,500"
cols=7,1845,2025,317 Data Processing Services,"4,175","7,918","9,000"
cols=7,1846,2025,318 Debt Collection Services,"14,086","14,000","15,000"
cols=7,1847,2025,331 Legal Services,0,"1,000","1,000"
cols=7,1848,2025,"332 Legal Notices, Recording, and Court Cost",0,"1,500","1,500"
cols=6,1849,2025,Account No. Description,Actual 2023-2024,Original Estimated 2024-2025,Estimated 2025-2026
cols=6,1850,2025,335 Maintenance and Repair Services - Buildings,"12,012","30,000","30,000"
cols=6,1851,2025,336 Maintenance & Repair Services - Equipment,"62,279","75,000","35,000"
cols=6,1852,2025,338 Maintenance & Repair Services - Vehicles,"6,522","25,000","15,000"
cols=6,1853,2025,347 Pest Control,"1,620","1,800","1,800"
cols=6,1854,2025,348 Postal Charges,"4,600","5,700","5,700"
cols=6,1855,2025,"349 Printing, Stationery and Forms",0,"2,000",0
cols=6,1856,2025,351 Rentals,0,"20,000","10,000"
cols=6,1857,2025,355 Travel,0,500,"3,000"
cols=6,1858,2025,359 Disposal Fees,"693,693","750,000","725,000"
cols=6,1859,2025,399 Other Contracted Services,"5,605","10,000","7,000"
cols=6,1860,2025,399-AFR Other Contracted Services-Used Auto Fluid Recycling,0,0,0
cols=6,1861,2025,410 Custodial Supplies,584,"1,800","1,000"
cols=6,1862,2025,412 Diesel Fuel,"57,511","95,000","70,000"
cols=6,1863,2025,415 Electricity,"16,223","19,000","18,000"
cols=6,1864,2025,"420 Fertilizer, Lime Chemicals and Seed",0,"2,000","2,000"
cols=6,1865,2025,425 Gasoline,"3,636","8,000","5,000"
cols=6,1866,2025,433 Lubricants,"4,870","8,600","8,000"
cols=6,1867,2025,435 Office Supplies,"2,642","4,000","3,500"
cols=6,1868,2025,436 Other Road Materials,0,"5,000","5,000"
cols=6,1869,2025,446 Small Tools,"1,948","2,000","2,000"
cols=6,1870,2025,450 Tires and Tubes,"3,050","15,000","15,000"
cols=6,1871,2025,452 Utilities,"6,527","18,000","12,000"
cols=6,1872,2025,462 Wire,"4,340","8,230","9,500"
cols=6,1873,2025,463 Testing,"12,498","15,000","16,000"
cols=6,1874,2025,499 Other Supplies and Materials,0,"5,000","5,000"
cols=6,1875,2025,510 Trustees Commission,"15,832","20,000","20,000"
cols=6,1876,2025,514 Depreciation,"103,961","45,171","45,171"
cols=6,1877,2025,517 Surcharge,"8,770","10,000","8,770"
cols=6,1878,2025,524 In Service/Staff Development,100,650,"1,200"
cols=6,1879,2025,612 Principal on Other Loans,"77,000","78,000","95,800"
cols=6,1880,2025,613 Interest on Other Loans,"8,911","18,368","23,497"
cols=6,1881,2025,718 Motor Vehicles,0,0,0
cols=6,1882,2025,719 Office Equipment,"1,349","2,500","2,500"
cols=6,1883,2025,733 Solid Waste Equipment,"32,231",0,"220,000"
cols=6,1884,2025,733-AFR Solid Waste Equipment-Used Auto Fluid Recycling,0,0,0
cols=6,1885,2025,791 Other Construction,0,"15,000","15,000"
cols=6,1886,2025,791-AFR Other Construction-Used Used Auto Fluid Recycling,0,0,0
cols=6,1887,2025,Total Sanitation Management,"1,883,460","2,178,729","2,311,073"
cols=6,1888,2025,60000 HIGHWAYS,,,
cols=6,1889,2025,64000 Litter and Trash Collection,,,
cols=6,1890,2025,105 Supervisor/Director,"21,115","25,900","25,900"
cols=6,1891,2025,429 Instructional Supply and Materials,"8,815","12,325","12,325"
cols=6,1892,2025,599 Other Charges,"5,736","11,075","11,075"
cols=6,1893,2025,Total Litter and Trash Collection,"35,666","49,300","49,300"
cols=6,1894,2025,Account No. Description,Actual 2023-2024,Original Estimated 2024-2025,Estimated 2025-2026
cols=6,1895,2025,799 Other Capital Outlay-Reserve,0,"16,000","60,000"
cols=6,1896,2025,799-LOAN Other Capital Outlay-Loan,0,0,0
cols=6,1897,2025,Total Public Health and Welfare Projects,0,"16,000","60,000"
cols=6,1898,2025,Total Estimated Expenditures,"1,919,126","2,244,029","2,420,373"
cols=6,1899,2025,Excess of Estimated Revenue Over (under),,,
cols=6,1900,2025,Estimated Expenditures,"30,180","-470,729","-524,073"
cols=6,1901,2025,Estimated Beginning Fund Balance July 1,"775,709","805,889","580,000"
cols=6,1902,2025,Fund Balance Audit Adjustment,,,
cols=6,1903,2025,Estimated Ending Fund Balance June 30,"805,889","335,160","55,927"
a,b,c,d,e,f,g
