"1","2021","101-56300-316","Hickman County Senior Citizens","10,000",
"2","2021","101-58900-316","Hickman County Chamber of Commerce","25,000",
"3","2021","101-58900-316","Women Are Safe","5,000",
"4","2021","101-58900-316","Pleasantville Volunteer Fire Dept.","10,000",
"5","2021","101-58900-316","Davis House Child Advocacy Center","10,000",
"6","2021","101-58900-316","East Hickman Volunteer Fire Dept.","30,000",
"7","2021","101-58900-316","Helping Hands","5,000",
"8","2021","101-58900-316","Hickman Humane Society","5,000",
"9","2021","101-58900-316","Shady Grove Community Center","10,000",
"10","2021","101-58900-316","Bernard Community Club, Inc.","5,000",
"11","2021","101-54420-316","Hickman County Rescue Squad","35,000",
"12","2021","","","$150,000",
"21","2021","51100 County Commission","68,900",
"22","2021","51210 Board of Equalization","3,500",
"23","2021","51220 Beer Board","1,000",
"24","2021","51300 County Mayor","155,972",
"25","2021","51400 County Attorney","15,000",
"26","2021","51500 Election Commission(Including Voter Registration)","183,972",
"27","2021","51600 Register of Deeds","167,832",
"28","2021","51720 Planning","186,064",
"29","2021","51800 County Building","332,185",
"30","2021","51810 Other Facilities,"","428,000",
"31","2021","51900 Other General Administration","121,349",
"32","2021","51910 Preservation of Records","39,836",
"33","2021","52100 Accounting and Budgeting","302,753",
"34","2021","52300 Property Assessor's Office","278,237",
"35","2021","52400 County Trustee's Office","220,386",
"36","2021","52500 County Clerk's Office","298,764",
"37","2021","53100 Circuit Court","312,344",
"38","2021","53300 General Sessions Court","227,546",
"39","2021","53310 General Sessions Judge","4,000",
"40","2021","53400 Chancery Court","167,067",
"41","2021","53700 Judicial Commissioners","57,892",
"42","2021","53920 Courtroom Security","0",
"43","2021","54110 Sheriff's Department","2,237,684",
"44","2021","54160 Adm. Of Sexual Offender Registry","7,599",
"45","2021","54210 Jail","1,354,380",
"46","2021","54310 Fire Prevention and Control","15,550",
"47","2021","54410 Civil Defense","163,158",
"48","2021","54420 Rescue Squad","35,000",
"49","2021","54610 County Coroner/Medical Examiner","56,000",
"50","2021","55110 Local Health Center","50,601",
"51","2021","55130 Ambulance/Emergency Medical Services","2,210,520",
"52","2021","55170 Alcohol and Drug Programs","22,276",
"53","2021","55190 Other Local Health Services","231,050",
"54","2021","55900 Other Public Health Services","9,743",
"55","2021","56300 Senior Citizens Assistance","10,000",
"56","2021","56500 Libraries","240,951",
"57","2021","57100 Agriculture Extension Services","62,123",
"58","2021","57500 Soil Conservation","36,689",
"59","2021","58110 Tourism","1,200",
"60","2021","58120 Industrial Development","71,211",
"61","2021","58300 Veterans Service","40,201",
"62","2021","58400 Other Charges","667,000",
"63","2021","58600 Employee Benefits","3,192,894",
"64","2021","58900 Miscellaneous","185,920",
"65","2021","99100 Transfers to Other Funds","100,000",
"66","2021","Total General Fund","14,574,349",
"67","2021","DRUG CONTROL FUND","",
"68","2021","54110 Sheriff's Department","10,000",
"69","2021","Total Drug Control Fund","10,000",
"70","2021","ADEQUATE FACILITIES TAX FUND","",
"71","2021","51730 Adequate Facilities-Trustee Commission","2,500",
"72","2021","91130 Public Safety Projects","0",
"73","2021","99100 Transfers to Other Funds","280,000",
"74","2021","Total Adequate Facilities Fund","282,500",
"75","2021","HIGHWAY/PUBLIC WORKS FUND","",
"76","2021","61000 Administration","220,170",
"77","2021","62000 Highway and Bridge Maintenance","2,085,986",
"78","2021","63100 Operation and Maintenance of Equipment","548,852",
"79","2021","65000 Other Charges","120,500",
"80","2021","66000 Employee Benefits","937,210",
"81","2021","68000 Capital Outlay","2,479,000",
"82","2021","99100 Transfers to Other Funds","121,088",
"83","2021","Total Highway/Public Works Fund","6,512,806",
"84","2021","GENERAL PURPOSE SCHOOL FUND","",
"85","2021","71000 Instruction","",
"86","2021","71100 Regular Instruction Program","14,599,004",
"87","2021","71150 Alternative Instruction Program","180,671",
"88","2021","71200 Special Education Program","3,194,103",
"89","2021","71300 Vocational Education Program","1,210,256",
"90","2021","72000 Support Services","",
"91","2021","72110 Attendance","175,970",
"92","2021","72120 Health Services","386,008",
"93","2021","72130 Other Student Support","1,020,144",
"94","2021","72210 Regular Instruction Program","1,347,034",
"95","2021","72215 Alternative. Instruction Program","0",
"96","2021","72220 Special Education Program","121,505",
"97","2021","72230 Vocational Education Program","112,411",
"98","2021","72250 Technology","339,567",
"99","2021","72290 Other Programs","35,000",
"100","2021","72310 Board of Education","669,913",
"101","2021","72320 Director of Schools","292,764",
"102","2021","72410 Office of Principals","1,853,785",
"103","2021","72510 Fiscal Services","45,000",
"104","2021","72610 Operation of Plant","2,380,500",
"105","2021","72620 Maintenance of Plant","1,185,022",
"106","2021","72710 Transportation","2,372,457",
"107","2021","72810 Central and Other","257,500",
"108","2021","73000 Operation of Non-Instructional Services","",
"109","2021","73100 Food Service","35,604",
"110","2021","73300 Community Services","132,316",
"111","2021","73400 Early Childhood Education","473,041",
"112","2021","76000 Capital Outlay","",
"113","2021","76100 Regular Capital Outlay","450,000",
"114","2021","99100 Transfers Out","165,000",
"115","2021","Total General Purpose School Fund","33,034,575",
"116","2021","GENERAL CAFETERIA FUND","",
"117","2021","73100 Food Services","2,175,200",
"118","2021","Total Central Cafeteria Fund","2,175,200",
"119","2021","GENERAL DEBT SERVICE FUND","",
"120","2021","82110 Principal-General Government","535,096",
"121","2021","82120 Principal-Highway and Streets","71,300",
"122","2021","82130 Principal-Education","1,661,212",
"123","2021","82210 Interest-General Government","220,822",
"124","2021","82220 Interest-Highway and Streets","14,788",
"125","2021","82230 Interest-Education","378,108",
"126","2021","82310 Other-General Government","71,359",
"127","2021","82330 Other-Education","61,416",
"128","2021","99100 Transfers to Other Funds","0",
"129","2021","Total General Debt Service Fund","3,014,101",
"130","2021","55710 Sanitation Management","1,668,797",
"131","2021","64000 Litter and Trash Collection","49,300",
"132","2021","91140 Public Health and Welfare","56,000",
"133","2021","","1,774,097",
"155","2021","Account No. Description","Actual 2019-2020","Original Estimated 2020-2021","Estimated 2021-2022",
"156","2021","ESTIMATED REVENUES","","","",
"157","2021","40000 LOCAL TAXES","","","",
"158","2021","40100 County Property Taxes","","","",
"159","2021","40110 Current Property Taxes","7,942,460","7,690,527","8,162,976",
"160","2021","40120 Trustees Collection Prior Year","196,297","190,000","190,000",
"161","2021","40125 Trustees Collection-Bankruptcy","1,822","0","1,000",
"162","2021","40130 Clerk & Master Prior Years","68,622","100,000","100,000",
"163","2021","40140 Interest and Penalty","41,369","40,000","40,000",
"164","2021","40161 Payments in Lieu of Taxes TVA","8,871","8,500","8,500",
"165","2021","40162 Payments in Lieu of Taxes-Loc Utilities","28,658","28,000","29,000",
"166","2021","40163 Payments in Lieu of Taxes-Other","18,474","10,000","20,000",
"167","2021","Total County Property Taxes","8,306,573","8,067,027","8,551,476",
"168","2021","40200 County Local Option Taxes","","","",
"169","2021","40210 Local Option Sales Tax","0","0","0",
"170","2021","40220 Hotel/Motel Tax","14,061","15,000","32,000",
"171","2021","40250 Litigation Tax General","86,491","90,000","50,000",
"172","2021","40260 Litigation Tax-Special Purpose","11,589","12,000","7,500",
"173","2021","40266 Litigation Tax-Jail, Workhouse, Courthouse","76,885","80,000","50,000",
"174","2021","40267 Litigation Tax-Victim Offender","5,181","0","3,000",
"175","2021","40270 Business Tax","88,355","80,000","80,000",
"176","2021","40275 Mixed Drink Tax","0","0","0",
"177","2021","Total County Local Option Taxes","282,562","277,000","222,500",
"178","2021","40300 Statutory Local Taxes","","","",
"179","2021","40320 Bank Excise Tax","23,744","20,000","26,000",
"180","2021","40330 Wholesale Beer Tax","237,730","242,000","242,000",
"181","2021","40390 Other Statutory Local Taxes","0","0","5,000",
"182","2021","Total Local Option Taxes","261,474","262,000","273,000",
"183","2021","TOTAL LOCAL TAXES","8,850,609","8,606,027","9,046,976",
"184","2021","41000 LICENSES AND PERMITS","","","",
"185","2021","41100 Licenses","","","",
"186","2021","41140 Cable TV Franchise","49,272","48,000","48,000",
"187","2021","41500 Permits","","","",
"188","2021","41510 Beer Permits","3,918","4,500","3,500",
"189","2021","41520 Building Permits","74,846","80,000","100,000",
"190","2021","TOTAL LICENSES AND PERMITS","128,036","132,500","151,500",
"191","2021","Account No.","Description","Actual 2019-2020","Original Estimated 2020-2021","Estimated 2021-2022",
"192","2021","42000","FINES FORFEITURES AND PENALTIES","","","",
"193","2021","42100","Circuit Court","","","",
"194","2021","42110","Fines","5,369","6,000","4,200",
"195","2021","42120","Officers Cost","3,415","3,200","3,200",
"196","2021","42141","Drug Court Fees","750","1,000","600",
"197","2021","42150","Jail Fees","929","900","1,000",
"198","2021","42180","DUI Treatment Fines","760","500","300",
"199","2021","42190","Data Entry Fee-Circuit Court","533","600","300",
"200","2021","","Total Circuit Court","11,756","12,200","9,600",
"201","2021","42200","Criminal Court","","","",
"202","2021","42280","DUI Treatment Fines","613","600","400",
"203","2021","","Total Criminal Court","613","600","400",
"204","2021","42300","General Sessions Court","","","",
"205","2021","42310","Fines","5,381","8,000","7,000",
"206","2021","42320","Officers Cost","27,550","30,000","22,000",
"207","2021","42330","Game and Fish Fines","1,487","2,000","300",
"208","2021","42341","Drug Court Fees","1,779","3,000","2,000",
"209","2021","42350","Jail Fees","7,632","9,000","7,000",
"210","2021","42380","DUI Treatment Fines","1,882","2,500","2,000",
"211","2021","42390","Data Entry Fee-General Sessions","11,942","12,500","7,500",
"212","2021","","Total General Sessions Court","57,653","67,000","47,800",
"213","2021","42400","Juvenile Court","","","",
"214","2021","42410","Fines","0","0","0",
"215","2021","42490","Data Entry Fee-Juvenile Court","0","0","0",
"216","2021","","Total Juvenile Court","0","0","0",
"217","2021","42500","Chancery Court","","","",
"218","2021","42520","Officers Costs","1,879","2,000","1,000",
"219","2021","42530","Data Entry Fee-Chancery Court","2,412","2,500","2,500",
"220","2021","","Total Chancery Court","4,291","4,500","3,500",
"221","2021","42800","Judicial District Drug Program","","","",
"222","2021","42871","Courtroom Security Fee","6,272","7,000","10,000",
"223","2021","","Total Judicial District Drug Program","6,272","7,000","10,000",
"224","2021","42900","Other Fines, Forfeitures, and Seizures","","","",
"225","2021","42910","Proceeds from Confiscated Property","2,226","3,000","3,000",
"226","2021","42990","Other Fines, Forfeitures, and Penalties","7,600","7,200","1,500",
"227","2021","","Total Other Fines, Forfeitures and Seizures","9,826","10,200","4,500",
"228","2021","Account No.","Description","Actual 2019-2020","Original Estimated 2020-2021","Estimated 2021-2022",
"229","2021","","TOTAL FINES, FORFEITURES AND PENALTIES","90,411","101,500","75,800",
"230","2021","43000","CHARGES FOR CURRENT SERVICES","","","",
"231","2021","43100","General Services","","","",
"232","2021","43102","Other Employee Benefit Charges/Contrib","34,087","32,000","32,000",
"233","2021","43120","Patient Charges","1,247,192","1,300,000","1,200,000",
"234","2021","43190","Other General Services","170","0","0",
"235","2021","","Total Charges for General Services","1,281,449","1,332,000","1,232,000",
"236","2021","43300","Fees","","","",
"237","2021","43350","Copy Fees","1,182","1,500","1,500",
"238","2021","43350-LIB","Copy Fees-Library","7,359","9,000","3,500",
"239","2021","43360","Library Fees","816","1,000","150",
"240","2021","43365","Archives and Records Management Fees","15,589","16,000","10,000",
"241","2021","43370","Telephone Commissions","44,577","40,000","45,000",
"242","2021","43392","Data Processing Fees Register","12,554","12,000","12,500",
"243","2021","43393","Probation Fees","1,520","1,500","1,000",
"244","2021","43394","Data Processing Fees-Sheriff","169","225","150",
"245","2021","43395","Sexual Offenders Registration Fees-Sheriff","7,548","7,500","7,500",
"246","2021","43396","Data Processing Fee-County Clerk","540","500","500",
"247","2021","43399","Vehicle Insurance Coverage and Reinstatement F","910","600","1,000",
"248","2021","","Total Charges for Fees","92,764","89,825","82,800",
"249","2021","","TOTAL CHARGES FOR CURRENT SERVICES","1,374,213","1,421,825","1,314,800",
"250","2021","44000","OTHER LOCAL REVENUES","","","",
"251","2021","44100","Recurring items","","","",
"252","2021","44110","Investment Income","0","0","0",
"253","2021","44110-LIB","Investment Income-Library","7,774","1,500","1,500",
"254","2021","44120","Lease/Rentals","6,302","7,275","5,000",
"255","2021","44130","Sale of Materials and Supplies","0","0","0",
"256","2021","44131","Commissary Sales","13,058","11,500","14,000",
"257","2021","44146","E-Rate Funding","0","0","0",
"258","2021","44146-LIB","E-Rate Funding-Library","0","0","0",
"259","2021","44170","Miscellaneous Refunds","29,378","12,000","12,000",
"260","2021","","Total Recurring Items","56,512","32,275","32,500",
"261","2021","44500","Nonrecurring Items","","","",
"262","2021","44530","Sale of Equipment","3,595","0","0",
"263","2021","44530-AMB","Sale of Equipment-Ambulance Service","0","0","0",
"264","2021","44540","Sale of Property","361,284","0","0",
"265","2021","44570","Contributions and Gifts","0","0","0",
"266","2021","44570-AMB","Contributions and Gifts-Ambulance Service","0","0","0",
"267","2021","44570-LIB","Contributions and Gifts-Library","2,233","5,000","2,500",
"268","2021","44990","Other Local Revenue","0","0","0",
"269","2021","Account No.","Description","Actual 2019-2020","Original Estimated 2020-2021","Estimated 2021-2022",
"270","2021","44990-LIB","Other Local Revenue-Library","2,000","2,000","1,000",
"271","2021","","Total Nonrecurring Items","369,112","7,000","3,500",
"272","2021","","TOTAL OTHER LOCAL REVENUES","425,624","39,275","36,000",
"273","2021","45000","FEES RECEIVED FROM COUNTY OFFICALS","","","",
"274","2021","45100","Excess Fees","","","",
"275","2021","45160","Juvenile Court Clerk","0","2,000","5,000",
"276","2021","45500","Fees in Lieu of Salary","","","",
"277","2021","45510","County Clerk","252,293","330,000","250,000",
"278","2021","45520","Circuit Court Clerk","32,397","32,000","20,000",
"279","2021","45540","General Sessions Court Clerk","166,165","165,000","100,000",
"280","2021","45550","Clerk & Master","82,181","100,000","85,000",
"281","2021","45560","Juvenile Court Clerk","6,704","3,000","0",
"282","2021","45580","Register","140,649","120,000","143,000",
"283","2021","45590","Sheriff","19,050","20,000","20,000",
"284","2021","45610","Trustee","402,963","400,000","410,000",
"285","2021","","TOTAL FEES RECEIVED FROM COUNTY OFFIC","1,102,402","1,172,000","1,033,000",
"286","2021","46000","STATE OF TENNESSEE","","","",
"287","2021","46100","General Government Grants","","","",
"288","2021","46110","Juvenile Service Program","9,000","9,000","9,000",
"289","2021","46175","On-Behalf Contributions for OPEB","0","0","0",
"290","2021","","Total General Government Grants","9,000","9,000","9,000",
"291","2021","46200","Public Safety Grants","","","",
"292","2021","46210","Law Enforcement Training Programs","23,200","29,000","25,500",
"293","2021","46290","Other Public Safety Grants","1,384","0","0",
"294","2021","","Total Public Safety Grants","24,584","29,000","25,500",
"295","2021","46300","Health and Welfare Grants","","","",
"296","2021","46310","Health Department Programs","302,854","341,900","301,373",
"297","2021","46390","Other Health and Welfare Grants","20,000","0","0",
"298","2021","","Total Health and Welfare Grants","322,854","341,900","301,373",
"299","2021","46800","Other State Revenues","","","",
"300","2021","46820","Income Tax","10,389","30,500","10,000",
"301","2021","46830","Beer Tax","18,175","17,000","18,000",
"302","2021","46835","Vehicle Certificates of Title Fees","7,208","6,300","7,000",
"303","2021","46840","Alcoholic Beverage Tax","83,105","75,000","90,000",
"304","2021","46851","State Revenue Sharing-TVA","601,688","600,000","600,000",
"305","2021","46852","State Revenue Sharing-Telecommunications","55,735","55,000","60,000",
"306","2021","46855","State Shared Sports Gaming","0","0","0",
"307","2021","46915","Contracted Prisoner Boarding","207,480","170,000","150,000",
"308","2021","Account No. Description","Actual 2019-2020","Original Estimated 2020-2021","Estimated 2021-2022",
"309","2021","46960 Registrar's Salary Supplement","15,164","15,164","16,164",
"310","2021","46980 Other State Grants","72,579","0","0",
"311","2021","46980-DA Other State Grants-Direct Appropriations","0","0","0",
"312","2021","46980-ADP Other State Grants-Archive ADP Grant","3,643","0","0",
"313","2021","46980-LIB Other State Grants-Library","10,501","7,500","21,025",
"314","2021","46990 Other State Revenues","33,799","6,000","7,000",
"315","2021","Total Other State Revenues","1,119,466","982,464","979,189",
"316","2021","TOTAL STATE OF TENNESSEE","1,475,904","1,362,364","1,315,062",
"317","2021","47000 FEDERAL GOVERNMENT","","","",
"318","2021","47100 Federal Through State","","","",
"319","2021","47230 Disaster Relief","5,738","0","0",
"320","2021","47235 Homeland Security Grants","41,885","42,230","41,710",
"321","2021","47235-TSEE Homeland Security Grants-Traffic Safety Enforcem","0","0","0",
"322","2021","47301-CRF COVID-19 Grant-Coronavirus Relief Fund","0","0","0",
"323","2021","47305-LIB COVID-19 Grant-Coronavirus Relief Fund","0","0","",
"324","2021","47590 Other Federal Through State","2,401","0","0",
"325","2021","47990 Other Direct Federal Revenue","0","0","0",
"326","2021","Total Federal Through State","50,024","42,230","41,710",
"327","2021","47600 DIRECT FEDERAL REVENUE","","","",
"328","2021","47801 COVID-19 Grant(HHS Stimulus-Medicare)","27,030","0","0",
"329","2021","47990 Other Direct Federal","1,125","0","0",
"330","2021","Total Direct Federal","28,155","0","0",
"331","2021","TOTAL FEDERAL GOVERNMENT","78,179","42,230","41,710",
"332","2021","48000 OTHER GOVERNMENTS AND CITIZEN GROUPS","","","",
"333","2021","48100 Other Governments","","","",
"334","2021","48130 Contributions","42,000","44,000","47,000",
"335","2021","48900 Other","","","",
"336","2021","48990-LIB Other","1,500","0","",
"337","2021","Total Other Governments","43,500","44,000","47,000",
"338","2021","48600 Citizens Groups","","","",
"339","2021","48610 Donations","0","0","0",
"340","2021","48610-HOSP Donations-Ascension St. Thomas Hickman","0","0","5,000",
"341","2021","48610-LIB Donations-Library","0","0","0",
"342","2021","Total Citizen Groups","0","0","5,000",
"343","2021","TOTAL OTHER GOVERNMENTS AND CITIZEN (","43,500","44,000","52,000",
"344","2021","TOTAL ESIMATED REVENUES","13,568,878","12,921,721","13,066,848",
"345","2021","Account No.","Description","Actual 2019-2020","Original Estimated 2020-2021","Estimated 2021-2022",
"346","2021","49000","ESTIMATED OTHER SOURCES (NON-REVENUE)","","","",
"347","2021","49700","Insurance Recovery","42,017","40,000","40,000",
"348","2021","49800","Transfers In","33,870","33,870","35,000",
"349","2021","","TOTAL ESTIMATED OTHER SOURCES (NON-R","75,887","73,870","75,000",
"350","2021","","TOTAL ESTIMATED REVENUES AND OTHER S","13,644,765","12,995,591","13,141,848",
"351","2021","","ESTIMATED EXPENDITURES","","","",
"352","2021","51000","GENERAL ADMINISTRATION","","","",
"353","2021","51100","County Commission","","","",
"354","2021","191","Board and Committee Members Fees","50,200","50,400","50,400",
"355","2021","215","On-behalf Payments to OPEB","0","0","0",
"356","2021","301","Accounting Services","0","1,500","1,500",
"357","2021","305","Audit Services","9,382","10,000","10,000",
"358","2021","332","Legal Notices, Recording and Court Cost","4,446","4,500","4,500",
"359","2021","355","Travel","0","2,500","2,500",
"360","2021","399","Other Contracted Services","0","0","0",
"361","2021","435","Office Supplies","0","0","0",
"362","2021","51210","Board of Equalization","","","",
"363","2021","191","Board and Committee Members Fees","2,550","3,500","3,500",
"364","2021","51220","Beer Board","","","",
"365","2021","533","Criminal Investigation of Applicants","70","1,000","1,000",
"366","2021","","Total County Commission","66,648","73,400","73,400",
"367","2021","51300","County Mayor","","","",
"368","2021","101","County Official","90,055","93,170","93,172",
"369","2021","140","Salary Supplement","0","1,500","1,500",
"370","2021","161","Secretary","30,000","31,154","32,100",
"371","2021","169","Part-Time Personnel","0","0","0",
"372","2021","186","Longevity","0","0","0",
"373","2021","332","Legal Notices, Rec & Court Cost","505","1,200","1,200",
"374","2021","355","Travel","2,320","5,000","4,000",
"375","2021","399","Other Contracted Services","54,582","5,000","5,000",
"376","2021","399-DA","Other Contracted Services-Direct Approp. Grant","0","0","15,500",
"377","2021","435","Office Supplies","879","1,000","1,000",
"378","2021","508","Premiums on Corp Surety Bonds","0","0","0",
"379","2021","524","In-Service/Staff Development","910","1,500","1,500",
"380","2021","719","Office Equipment","885","1,000","1,000",
"381","2021","","Total County Mayor","180,136","140,524","155,972",
"382","2021","Account No.","Description","Actual 2019-2020","Original Estimated 2020-2021","Estimated 2021-2022",
"383","2021","51400","County Attorney","","","",
"384","2021","331","Legal Services","9,821","10,000","10,000",
"385","2021","599","Other Charges(Deductibles)","800","5,000","5,000",
"386","2021","","Total County Attorney","10,621","15,000","15,000",
"387","2021","51500","Election Commission","","","",
"388","2021","101","County Official","70,174","72,602","72,601",
"389","2021","106","Deputy","29,789","30,935","31,871",
"390","2021","169","Part-Time Personnel","13,948","17,000","17,000",
"391","2021","186","Longevity Pay","0","0","0",
"392","2021","192","Election Commission","2,240","5,400","5,400",
"393","2021","193","Election Workers","23,767","55,000","10,000",
"394","2021","317","Data Processing Services","3,045","4,500","4,500",
"395","2021","332","Legal Notices, Rec and Court Costs","1,261","3,000","1,000",
"396","2021","337","Maint and Repair-Office Equip","0","1,500","1,500",
"397","2021","349","Printing Stationary and Forms","1,923","5,000","3,000",
"398","2021","351","Rentals","550","3,000","1,000",
"399","2021","355","Travel","1,353","4,500","3,000",
"400","2021","399","Other Contracted Services","15,823","25,000","25,000",
"401","2021","435","Office Supplies","2,440","4,000","4,000",
"402","2021","508","Premiums on Surety Bond","0","100","100",
"403","2021","719","Office Equipment","0","4,000","4,000",
"404","2021","","Total Election Commission","166,313","235,537","183,972",
"405","2021","51600","Register of Deeds","","","",
"406","2021","101","County Official","77,971","80,668","80,668",
"407","2021","106","Deputy","27,514","30,954","31,893",
"408","2021","140","Salary Supplement","1,799","3,375","3,375",
"409","2021","162","Clerical Personnel","24,518","25,503","26,224",
"410","2021","186","Longevity Pay","1,200","1,300","1,400",
"411","2021","317","Data Processing Services","12,367","16,000","16,000",
"412","2021","332","Legal Notices, Recording and Court Costs","0","22","22",
"413","2021","337","Maint and Repair Services","974","2,500","2,500",
"414","2021","355","Travel","1,009","1,500","1,500",
"415","2021","399","Other Contracted Services","0","0","0",
"416","2021","435","Office Supplies","976","1,200","1,500",
"417","2021","508","Premiums on Surety Bond","0","0","0",
"418","2021","524","In-Service/Staff Development","200","750","750",
"419","2021","719","Office Equipment","906","2,000","2,000",
"420","2021","","Total Register of Deeds","149,434","165,772","167,832",
"421","2021","51720","Planning","","","",
"422","2021","105","Supervisor/Director","54,207","56,292","58,001",
"423","2021","106","Deputy(s)","30,908","33,231","34,240",
"424","2021","162","Clerical Personnel","21,003","25,014","25,773",
"425","2021","169","Part-Time Personnel","0","0","0",
"426","2021","Account No.","Description","Actual 2019-2020","Original Estimated 2020-2021","Estimated 2021-2022",
"427","2021","186","Longevity Pay","600","700","800",
"428","2021","191","Board and Committee Member Fees","1,375","3,900","3,900",
"429","2021","196","In-Service Training","0","2,500","2,500",
"430","2021","312","Contracts with Private Agencies","13,500","13,500","13,500",
"431","2021","317","Data Processing Service","1,872","2,700","2,700",
"432","2021","331","Legal Services","4,926","5,000","5,000",
"433","2021","332","Legal Notices, Recording & Court Costs","1,270","5,000","5,000",
"434","2021","338","Maint and Repair Services-Vehicle","1,706","2,000","2,000",
"435","2021","349","Printing, Stationary, and Forms","1,112","1,200","1,200",
"436","2021","355","Travel","0","1,500","1,500",
"437","2021","399","Other Contracted Services","5,992","21,500","21,500",
"438","2021","425","Gasoline","1,709","3,000","3,000",
"439","2021","435","Office Supplies","890","950","950",
"440","2021","499","Other Supplies and Materials","1,238","800","800",
"441","2021","508","Premiums on Surety Bond","0","0","0",
"442","2021","524","In-Service/Staff Development","836","1,500","1,500",
"443","2021","718","Motor Vehicles","0","0","0",
"444","2021","719","Office Equipment","2,279","2,200","2,200",
"445","2021","791","Other Construction","0","0","0",
"446","2021","","Total Planning","145,423","182,487","186,064",
"447","2021","51800","County Buildings","","","",
"448","2021","105","Facility Supervisor","49,968","51,890","53,466",
"449","2021","166","Custodial Personnel","20,450","24,971","26,719",
"450","2021","169","Part-Time Personnel","10,910","13,000","13,000",
"451","2021","186","Longevity Pay","0","0","0",
"452","2021","335","Maint and Repair-buildings","169,403","180,000","190,000",
"453","2021","335-ADA","Maint and Repair-buildings(ADA)","318","0","3,000",
"454","2021","335-DA","Maint and Repair-buildings(Direct Appropriations)","0","0","0",
"455","2021","336","Maint and Repair-equipment","300","10,000","10,000",
"456","2021","338","Maint and Repair-vehicle","1,182","3,000","3,000",
"457","2021","355","Travel","341","500","500",
"458","2021","410","Custodial Supplies","10,325","15,000","20,000",
"459","2021","425","Gasoline","2,242","7,500","7,500",
"460","2021","435","Office Supplies","0","1,000","1,000",
"461","2021","451","Uniforms","2,914","3,000","3,000",
"462","2021","599","Other Charges","182","1,000","1,000",
"463","2021","718","Motor Vehicles","0","0","0",
"464","2021","","Total County Buildings","268,535","310,861","332,185",
"465","2021","51810","Other Facilities","","","",
"466","2021","307","Communication","152,020","110,000","140,000",
"467","2021","347","Pest Control","6,500","7,000","7,000",
"468","2021","359","Disposal Fee","0","1,000","1,000",
"469","2021","415","Electricity","140,941","190,000","175,000",
"470","2021","452","Utilities","78,549","120,000","105,000",
"471","2021","Account No.","Description","Actual 2019-2020","Original Estimated 2020-2021","Estimated 2021-2022",
"472","2021","","Total Other Facilities","378,010","428,000","428,000",
"473","2021","51900","Other General Administration","","","",
"474","2021","189","Other Salaries and Wages","79,181","79,181","82,349",
"475","2021","334","Maintenance Agreements","13,940","17,000","14,000",
"476","2021","336","Maintenance and Repair-Equipment","0","9,000","9,000",
"477","2021","355","Travel","20","500","500",
"478","2021","399","Other Contracted Services","15,112","9,000","9,000",
"479","2021","435","Office Supplies","284","500","500",
"480","2021","499","Other Supplies and Materials","131","500","500",
"481","2021","524","In-Service/Staff Development","0","500","500",
"482","2021","719","Office Equipment","12,135","5,000","5,000",
"483","2021","719-DA","Office Equipment-Direct Appropriations","0","0","0",
"484","2021","","Total Other General Administration","120,803","121,181","121,349",
"485","2021","51910","Preservation of Records","","","",
"486","2021","140","Salary Supplement","1,500","1,500","1,500",
"487","2021","162","Clerical Personnel","28,370","29,462","30,356",
"488","2021","186","Longevity Pay","2,200","2,300","2,400",
"489","2021","351","Rentals","0","0","0",
"490","2021","355","Travel","197","350","150",
"491","2021","399","Other Contracted Services","1,869","4,200","4,200",
"492","2021","435","Office Supplies","290","350","350",
"493","2021","499","Other Supplies and Materials","180","400","400",
"494","2021","499-ADP","Other Supplies and Materials","3,643","0","0",
"495","2021","524","In-Service/Staff Development","185","180","180",
"496","2021","599","Other Charges","0","300","300",
"497","2021","","Total Preservation of Records","38,434","39,042","39,836",
"498","2021","","Total General Administration","1,524,357","1,711,804","1,703,610",
"499","2021","52000","FINANCE","","","",
"500","2021","52100","Accounting and Budgeting","","","",
"501","2021","101","Administrative Officer","77,971","83,772","80,668",
"502","2021","103","Assistants","43,000","44,654","46,010",
"503","2021","119","Accounts/Bookkeepers","112,470","116,827","120,375",
"504","2021","140","Salary Supplement","8,576","8,625","9,000",
"505","2021","186","Longevity Pay","4,200","4,600","5,500",
"506","2021","317","Data Processing Services","17,245","18,500","19,500",
"507","2021","332","Legal Notices Rec Court Costs","5,494","4,300","4,300",
"508","2021","349","Printing Stationary Forms","3,939","5,500","5,500",
"509","2021","355","Travel","1,057","2,300","2,300",
"510","2021","399","Other Contracted Services","1,375","3,000","3,000",
"511","2021","435","Office Supplies","2,748","3,500","3,500",
"512","2021","508","Surety Bond","150","300","300",
"513","2021","524","In-Service/Staff Development","650","800","800",
"514","2021","719","Office Equipment","1,965","2,000","2,000",
"515","2021","Account No.","Description","Actual 2019-2020","Original Estimated 2020-2021","Estimated 2021-2022",
"516","2021","","Total Accounting and Budgeting","280,840","298,678","302,753",
"517","2021","52300","Property Assessor Office","","","",
"518","2021","101","County Official","77,971","80,668","80,668",
"519","2021","106","Deputy","39,000","43,502","41,891",
"520","2021","135","Assessment Personnel","28,571","32,672","31,462",
"521","2021","140","Salary Supplement","2,799","4,750","4,750",
"522","2021","162","Clerical Personnel","30,575","34,753","33,466",
"523","2021","186","Longevity Pay","2,200","2,300","2,400",
"524","2021","187-RA","Overtime Pay(Re-appraisal)","0","0","5,000",
"525","2021","312","Contracts with Private Agencies","5,403","10,000","10,000",
"526","2021","317","Data Processing Services","29,306","33,000","33,000",
"527","2021","332","Legal Notices","38","300","200",
"528","2021","337","Maint and Repair-Office Equipment","964","1,000","1,000",
"529","2021","338","Maint and Repair-Vehicle","1,558","1,500","1,500",
"530","2021","349","Printing Stationary Forms","1,059","1,500","1,500",
"531","2021","349-RA","Printing Stationary Forms(Re-appraisal)","0","0","3,500",
"532","2021","355","Travel","866","3,000","3,000",
"533","2021","399","Other Contracted Services","2,636","4,000","4,000",
"534","2021","425","Gasoline","966","2,500","2,500",
"535","2021","435","Office Supplies","2,061","3,500","3,500",
"536","2021","508","Premiums on Surety Bonds","0","100","0",
"537","2021","524","In-Service/Staff Development","335","2,400","2,400",
"538","2021","599","Other Charges","0","4,000","0",
"539","2021","599-RA","Other Charges(Re-appraisal)","0","0","7,500",
"540","2021","599-PY","Other Charges-PY Reappraisal Carryover","0","0","0",
"541","2021","718","Motor Vehicles","0","0","0",
"542","2021","719","Office Equipment","4,938","5,000","5,000",
"543","2021","","Total Property Assessor's Office","231,246","270,445","278,237",
"544","2021","52400","County Trustee's Office","","","",
"545","2021","101","County Official","77,971","80,668","80,668",
"546","2021","106","Deputy","31,701","32,921","33,920",
"547","2021","121","Data Processing Personnel","25,309","26,283","27,081",
"548","2021","140","Salary Supplement","2,549","4,500","4,875",
"549","2021","162","Clerical Personnel","28,591","29,691","30,592",
"550","2021","169","Part-time Personnel","6,043","7,200","11,200",
"551","2021","186","Longevity Pay","1,500","1,700","1,900",
"552","2021","317","Data Processing Services","10,910","12,125","13,000",
"553","2021","332","Legal Notices, Recording and Court Costs","111","250","350",
"554","2021","349","Printing Stationary Forms","4,283","5,000","5,000",
"555","2021","355","Travel","1,737","2,250","2,200",
"556","2021","399","Other Contracted Services","1,453","2,000","2,000",
"557","2021","435","Office Supplies","2,526","3,000","3,000",
"558","2021","508","Surety Bond","0","0","0",
"559","2021","524","In-Service/Staff Development","1,180","1,800","1,600",
"560","2021","719","Office Equipment","6,740","5,500","3,000",
"561","2021","Account No.","Description","Actual 2019-2020","Original Estimated 2020-2021","Estimated 2021-2022",
"562","2021","","Total Trustees Office","202,604","214,888","220,386",
"563","2021","52500","County Clerk Office","","","",
"564","2021","101","County Official","77,971","80,668","80,668",
"565","2021","106","Deputy","30,309","31,475","32,431",
"566","2021","140","Salary Supplement","7,049","8,625","9,000",
"567","2021","161","Secretary","28,891","30,003","30,913",
"568","2021","162","Clerical Personnel","81,541","85,895","88,502",
"569","2021","169","Part-Time Personnel","15,058","14,736","15,000",
"570","2021","186","Longevity Pay","6,100","6,500","7,400",
"571","2021","317","Data Processing Services","24,705","25,000","25,000",
"572","2021","355","Travel","2,351","2,500","2,500",
"573","2021","435","Office Supplies","2,417","2,500","3,750",
"574","2021","524","In-Service/Staff Development","890","600","1,100",
"575","2021","719","Office Equipment","10,153","2,500","2,500",
"576","2021","","Total County Clerk","287,435","291,002","298,764",
"577","2021","","Total Finance","1,002,125","1,075,013","1,100,140",
"578","2021","53000","ADMINISTRATION OF JUSTICE","","","",
"579","2021","53100","Circuit Court","","","",
"580","2021","101","County Official","77,971","80,668","80,668",
"581","2021","106","Deputies","164,962","171,649","142,224",
"582","2021","169","Part-time Personnel","4,986","5,000","10,000",
"583","2021","186","Longevity Pay","6,800","7,800","5,400",
"584","2021","188","Bonus Payments","3,500","0","0",
"585","2021","189","Other Salaries and Wages","25,931","26,929","30,000",
"586","2021","194","Jury & Witness Fees","2,606","5,000","5,000",
"587","2021","317","Data Processing Services","19,538","21,039","22,102",
"588","2021","332","Legal Notices, Recording & Court Costs","767","500","600",
"589","2021","337","Maint and Repair Services - Equipment","0","3,000","3,000",
"590","2021","355","Travel","0","100","100",
"591","2021","435","Office Supplies","5,938","5,000","6,000",
"592","2021","508","Premiums on Corporate Surety Bonds","0","250","250",
"593","2021","719","Office Equipment","20,152","7,000","7,000",
"594","2021","","Total Circuit Court","333,151","333,935","312,344",
"595","2021","53300","General Sessions Court","","","",
"596","2021","102","Judge","115,592","117,673","119,085",
"597","2021","123","Guidance Personnel","53,224","55,272","56,950",
"598","2021","161","Secretary","21,878","22,720","23,409",
"599","2021","169","Part-time Personnel","2,703","8,109","8,352",
"600","2021","186","Longevity Pay","2,600","2,800","3,000",
"601","2021","355","Travel","2,554","3,000","3,000",
"602","2021","399","Other Contracted Services","754","6,600","6,600",
"603","2021","432","Library Books","1,210","1,400","1,400",
"604","2021","Account No. Description","Actual 2019-2020","Original Estimated 2020-2021","Estimated 2021-2022",
"605","2021","435 Office Supplies","1,640","1,750","1,750",
"606","2021","524 In-Service/Staff Development","832","1,500","1,500",
"607","2021","719 Office Equipment","3,314","2,500","2,500",
"608","2021","Total General Sessions Court","206,301","223,324","227,546",
"609","2021","53310 General Sessions Judge","","","",
"610","2021","102 Judge","2,020","2,300","2,300",
"611","2021","355 Travel","1,089","1,000","1,000",
"612","2021","524 In-Service/Staff Development","457","700","700",
"613","2021","Total General Sessions Judge","3,566","4,000","4,000",
"614","2021","53400 Chancery Court","","","",
"615","2021","101 County Official","77,971","80,668","80,668",
"616","2021","103 Assistant","29,500","30,635","31,565",
"617","2021","106 Deputy","3,994","26,283","27,081",
"618","2021","186 Longevity Pay","2,400","2,500","3,300",
"619","2021","188 Bonus Payments","0","0","",
"620","2021","317 Data Processing Services","12,813","13,736","14,453",
"621","2021","332 Legal Notices, Recording & Court Costs","0","1,500","1,500",
"622","2021","355 Travel","0","1,500","1,500",
"623","2021","435 Office Supplies","5,542","6,000","6,000",
"624","2021","508 Premiums of Corporate Surety Bonds","0","0","0",
"625","2021","719 Office Equipment","5,923","1,000","1,000",
"626","2021","Total Chancery Court","138,143","163,822","167,067",
"627","2021","53700 Judicial Commissioners","","","",
"628","2021","169 Part-time Personnel","14,708","15,203","15,426",
"629","2021","186 Longevity","800","900","1,000",
"630","2021","189 Other Salaries & Wages","32,828","33,093","34,006",
"631","2021","196 In-Service Training","371","1,250","1,250",
"632","2021","355 Travel","2,143","5,000","5,000",
"633","2021","435 Office Supplies","240","700","700",
"634","2021","524 In-Service/Staff Development","0","150","150",
"635","2021","599 Other Charges","360","360","360",
"636","2021","Total Judicial Commissioners","51,450","56,656","57,892",
"637","2021","53920 Courtroom Security","","","",
"638","2021","431 Law Enforcement Supplies","0","3,150","0",
"639","2021","499 Other Supplies and Materials","0","2,850","0",
"640","2021","499-CRF Other Supplies and Materials-Coronavirus Relief","0","0","0",
"641","2021","599 Other Charges","0","34,000","0",
"642","2021","799 Other Capital Outlay","0","0","0",
"643","2021","Account No.","Description","Actual 2019-2020","Original Estimated 2020-2021","Estimated 2021-2022",
"644","2021","","Total Courtroom Security","0","40,000","0",
"645","2021","","Total Administration of Justice","732,611","821,737","768,849",
"646","2021","54000","PUBLIC SAFETY","","","",
"647","2021","54110","Sheriff's Department","","","",
"648","2021","101","County Official","85,768","88,735","88,735",
"649","2021","103","Assistant","36,892","38,311","38,368",
"650","2021","106","Deputies","832,261","946,707","945,320",
"651","2021","106-SEC","Deputies (Courtroom Security)","86,676","89,389","90,275",
"652","2021","119","Accounts/Bookkeepers","35,049","36,397","36,451",
"653","2021","169-SEC","Part-time Personnel","22,350","46,000","46,000",
"654","2021","140","Salary Supplements","24,700","30,500","27,000",
"655","2021","148","Dispatchers and Radio Operators","252,569","246,750","287,376",
"656","2021","186","Longevity Pay","16,600","18,100","23,200",
"657","2021","187","Overtime Pay","44,990","45,000","45,000",
"658","2021","187-TSEE","Overtime Pay-Tennessee Safety Environment &","0","0","0",
"659","2021","189-SRO","Other Salaries and Wages(SRO)","196,041","204,500","204,759",
"660","2021","302","Advertising","131","200","200",
"661","2021","307","Communication","19,005","15,000","15,000",
"662","2021","312","Contracts with Private Agencies","1,415","2,000","2,000",
"663","2021","317","Data Processing Services","19,417","20,000","20,000",
"664","2021","331","Legal Services","0","500","200",
"665","2021","332","Legal Notices, Recording & Court Costs","0","0","0",
"666","2021","336","Maint and Repair Services - Equipment","2,021","4,000","4,000",
"667","2021","338","Maint and Repair Services - Vehicles","61,508","50,000","50,000",
"668","2021","348","Postal Charges","297","300","300",
"669","2021","355","Travel","4,337","6,000","6,000",
"670","2021","399","Other Contracted Service","1,410","2,500","2,500",
"671","2021","412","Diesel Fuel","0","0","1,000",
"672","2021","425","Gasoline","69,597","80,000","80,000",
"673","2021","431","Law Enforcement Supplies","43,321","45,000","45,000",
"674","2021","431-SRO","Law Enforcement Supplies-SRO","4,723","5,000","5,000",
"675","2021","431-TSEE","Law Enforcement Supplies-TN Safety Environmen","0","0","0",
"676","2021","435","Office Supplies","7,727","8,500","8,000",
"677","2021","450","Tires and Tubes","15,005","16,000","16,000",
"678","2021","451","Uniforms","16,109","18,000","15,000",
"679","2021","508","Premiums on Corporate Surety Bonds","0","0","0",
"680","2021","524","In-Service/Staff Development","7,479","25,000","25,000",
"681","2021","524-SRO","In-Service/Staff Development-SRO","2,554","5,000","5,000",
"682","2021","718","Motor Vehicles","130,056","100,000","100,000",
"683","2021","719","Office Equipment","4,539","5,000","5,000",
"684","2021","","Total Sheriffs Department","2,044,547","2,198,389","2,237,684",
"685","2021","54160","Administration Of Sexual Offender Registry","","","",
"686","2021","435","Office Supplies","0","1,000","5,000",
"687","2021","599","Other Charges","450","2,500","599",
"688","2021","719","Office Equipment","0","9,000","2,000",
"689","2021","Account No.","Description","Actual 2019-2020","Original Estimated 2020-2021","Estimated 2021-2022",
"690","2021","","Total Administration Of Sexual Offender Registry","450","12,500","7,599",
"691","2021","54210","Jail","","","",
"692","2021","160","Guards","595,602","656,849","652,614",
"693","2021","186","Longevity Pay","5,600","6,100","6,900",
"694","2021","187","Overtime Pay","21,782","12,500","12,500",
"695","2021","189","Other Salaries and Wages","9,813","11,520","11,866",
"696","2021","331","Legal Services","0","500","0",
"697","2021","340","Medical and Dental Services","297,760","250,000","250,000",
"698","2021","355","Travel","0","1,000","1,500",
"699","2021","399","Other Contracted Service","103,660","125,000","125,000",
"700","2021","410","Custodial Supplies","24,836","20,000","20,000",
"701","2021","413","Drugs & Medical Supplies","19,355","30,000","30,000",
"702","2021","422","Food Supplies","191,220","190,000","195,000",
"703","2021","431","Law Enforcement Supplies","4,777","5,000","5,000",
"704","2021","435","Office Supplies","2,039","5,000","5,000",
"705","2021","441","Prisoners Clothing","2,959","3,000","3,000",
"706","2021","451","Uniforms","6,445","8,000","8,000",
"707","2021","499","Other Supplies and Materials","3,514","4,750","10,000",
"708","2021","524","In-Service/Staff Development","200","500","1,000",
"709","2021","709","Data Processing Equipment","9,743","12,000","12,000",
"710","2021","719","Office Equipment","7,457","5,000","5,000",
"711","2021","","Total Jail","1,306,762","1,346,719","1,354,380",
"712","2021","54310","Fire Prevention and Control","","","",
"713","2021","309","Contracts with Gov Agen","2,000","2,000","2,000",
"714","2021","429","Instructional Supplies and Materials","0","3,550","3,550",
"715","2021","524","In-Service/Staff Development","6,286","10,000","10,000",
"716","2021","","Total Fire Prevention and Control","8,286","15,550","15,550",
"717","2021","54410","Civil Defense","","","",
"718","2021","105","Supervisor/Director","59,246","62,448","62,541",
"719","2021","186","Longevity Pay","0","0","0",
"720","2021","189","Other Salaries and Wages","35,961","37,906","39,057",
"721","2021","316","Contributions","0","0","0",
"722","2021","320","Dues and Memberships","375","750","750",
"723","2021","330","Operating Lease Payment","3,400","3,400","3,400",
"724","2021","335","Maint and Repair Service-Building","0","0","0",
"725","2021","336","Maint and Repair Services - Equipment","2,630","4,500","4,500",
"726","2021","338","Maint and Repair Services - Vehicles","4,719","10,000","10,000",
"727","2021","355","Travel","285","2,000","1,000",
"728","2021","399","Other Contracted Services","1,311","5,000","4,000",
"729","2021","412","Diesel","1,456","4,000","4,000",
"730","2021","425","Gasoline","3,501","7,000","7,000",
"731","2021","435","Office Supplies","1,573","1,200","1,000",
"732","2021","442","Propane Gas","1,479","3,000","3,000",
"733","2021","Account No. Description","Actual 2019-2020","Original Estimated 2020-2021","Estimated 2021-2022",
"734","2021","451 Uniforms","828","1,000","1,000",
"735","2021","499 Other Supplies and Materials","12,035","12,380","11,860",
"736","2021","508 Premiums on Corporate Surety Bonds","0","50","50",
"737","2021","524 In-Service/Staff Development","680","1,000","1,000",
"738","2021","599 Other Charges","6","500","1,000",
"739","2021","599-EMA Other Charges-(Hazmat Reserve)","2,285","0","0",
"740","2021","708 Communication Equipment","4,023","5,000","7,000",
"741","2021","718 Motor Vehicles","0","0","0",
"742","2021","718-DA Motor Vehicles-Direct Appropriations Grant","0","0","0",
"743","2021","790 Other Equipment","6,745","1,000","1,000",
"744","2021","Total Civil Defense","142,538","162,134","163,158",
"745","2021","54420 Rescue Squad","","","",
"746","2021","316 Contributions","20,000","25,000","35,000",
"747","2021","515 Liability Claims","15,920","0","0",
"748","2021","Total Rescue Squad","35,920","25,000","35,000",
"749","2021","54610 County Coroner","","","",
"750","2021","131 Medical Personnel","3,750","5,000","5,000",
"751","2021","341 Pauper Burials","500","1,000","1,000",
"752","2021","399 Other Contracted Services","30,225","30,000","50,000",
"753","2021","508 Premiums on Corporate Surety Bonds","0","0","0",
"754","2021","Total County Coroner","34,475","36,000","56,000",
"755","2021","Total Public Safety","3,572,978","3,796,292","3,869,371",
"756","2021","55000 PUBLIC HEALTH AND WELFARE","","","",
"757","2021","55110 Local Health Center","","","",
"758","2021","316 Contributions","19,056","39,031","39,031",
"759","2021","335 Maintenance and Repair Service-Building","0","1,000","1,000",
"760","2021","399 Other Contracted Services","1,665","6,100","6,100",
"761","2021","435 Office Supplies","78","1,520","1,520",
"762","2021","499 Other Supplies & Materials","0","2,250","2,250",
"763","2021","599 Other Charges","200","700","700",
"764","2021","599-PPI Other Charges","0","0","0",
"765","2021","Total Local Health Center","20,999","50,601","50,601",
"766","2021","55130 Ambulance/Emergency Medical Services","","","",
"767","2021","105 Supervisor/Director","62,428","59,744","59,833",
"768","2021","131 Medical Personnel","796,970","890,440","1,075,666",
"769","2021","169 Part-time Personnel","99,708","130,000","140,000",
"770","2021","186 Longevity","12,400","16,000","16,700",
"771","2021","187 Overtime Pay","313,935","328,924","402,339",
"772","2021","199 Other Per Diem & Fees","2,586","3,000","3,000",
"773","2021","320 Dues and Memberships","400","1,200","1,200",
"774","2021","Account No.","Description","Actual 2019-2020","Original Estimated 2020-2021","Estimated 2021-2022",
"775","2021","335","Maint & Repair Services - Building","603","2,000","2,000",
"776","2021","336","Maint & Repair Services - Equipment","2,165","7,300","8,000",
"777","2021","338","Maint & Repair Services - Vehicles","30,439","40,000","40,000",
"778","2021","355","Travel","2,275","2,500","3,500",
"779","2021","399","Other Contracted Services","172,414","175,000","190,000",
"780","2021","410","Custodial Supplies","1,232","2,400","3,000",
"781","2021","412","Diesel Fuel","7,047","15,000","15,000",
"782","2021","413","Drugs and Medical Supplies","45,468","55,000","60,000",
"783","2021","413-DONAT","Drugs and Medical Supplies(EMR Donation)","0","0","1,200",
"784","2021","413-CRF","Drugs and Medical Supplies-Coronavirus Relief","0","0","0",
"785","2021","413-PHAR","Drugs and Medical Supplies(Pharmecuticals)","26,383","30,000","35,000",
"786","2021","425","Gasoline","30,592","66,082","66,082",
"787","2021","435","Office Supplies","1,942","3,000","3,000",
"788","2021","450","Tires and Tubes","5,873","10,000","10,000",
"789","2021","451","Uniforms","6,359","15,000","15,000",
"790","2021","499","Other Supplies and Materials","2,724","7,000","7,000",
"791","2021","524","In-Service/Staff Development","14,285","15,000","20,000",
"792","2021","599-HHS","Other Charges-HHS Grant","0","0","0",
"793","2021","718","Motor Vehicle","133,246","0","0",
"794","2021","718-CRF","Motor Vehicle-Coronavirus Relief Fund","0","0","0",
"795","2021","719","Office Equipment","2,624","1,500","3,000",
"796","2021","790","Other Equipment","0","0","30,000",
"797","2021","","Total Ambulance/Emergency Medical Serv","1,774,098","1,876,090","2,210,520",
"798","2021","55170","Alcohol and Drug Programs","","","",
"799","2021","111","Probation Officer","10,907","11,713","11,731",
"800","2021","201","Social Security","0","780","780",
"801","2021","355","Travel","238","1,000","1,000",
"802","2021","399","Other Contracted Services","0","0","0",
"803","2021","435","Office Supplies","650","1,265","1,265",
"804","2021","599","Other Charges","6,285","7,500","7,500",
"805","2021","","Total Alcohol and Drug Programs","18,080","22,258","22,276",
"806","2021","55190","Other Local Health Services","","","",
"807","2021","131","Medical Personnel","140,621","157,763","154,563",
"808","2021","163","Educational Assistants","54,559","58,537","58,537",
"809","2021","188","Bonus Payments","1,447","0","0",
"810","2021","349","Printing, Stationery, and Forms","0","500","100",
"811","2021","355","Travel","12,083","20,700","15,000",
"812","2021","399","Other Contracted Services","0","500","100",
"813","2021","499","Other Supplies and Materials","1,191","11,000","2,500",
"814","2021","506","Liability Insurance","194","500","250",
"815","2021","599-TOBG","Other Charges (Tobacco Grant)","0","0","",
"816","2021","","Total Other Local Health Services","210,095","249,500","231,050",
"817","2021","Account No.","Description","Actual 2019-2020","Original Estimated 2020-2021","Estimated 2021-2022",
"818","2021","55900","Other Public Health Services","","","",
"819","2021","599-ENV","Other Charges (Environment Grant)","0","20,000","0",
"820","2021","599-HOSP","Other Charges (Hospital Donation)","0","0","5,000",
"821","2021","599-TOBG","Other Charges(Tobacco Grant)","0","4,543","4,743",
"822","2021","","Total Other Public Health Services","0","24,543","9,743",
"823","2021","","Total Public Health & Welfare","2,023,272","2,222,992","2,524,190",
"824","2021","56000","SOCIAL, CULTURAL AND RECREATIONAL SERVICES","","","",
"825","2021","56300","Senior Citizens Assistance","","","",
"826","2021","316","Contributions","10,000","10,000","10,000",
"827","2021","316-DA","Contributions","0","0","0",
"828","2021","","Total Senior Citizens Assistance","10,000","10,000","10,000",
"829","2021","56500","Libraries","","","",
"830","2021","103","Assistants","104,002","108,003","111,282",
"831","2021","129","Librarians","36,793","38,208","39,368",
"832","2021","186","Longevity","4,000","4,100","4,700",
"833","2021","189","Other Salaries and Wages","13,309","13,492","13,897",
"834","2021","317","Data Processing Services","3,185","3,600","3,600",
"835","2021","320","Dues & Memberships","75","750","750",
"836","2021","335","Maint & Repair Services Buildings","1,975","3,000","3,000",
"837","2021","348","Postal Charges","705","1,000","1,000",
"838","2021","355","Travel","510","2,000","2,000",
"839","2021","399","Other Contracted Services","14,563","16,004","17,854",
"840","2021","432","Library Books & Media","3,647","5,500","5,500",
"841","2021","435","Office Supplies","5,628","7,000","7,000",
"842","2021","452","Utilities","7,232","6,000","6,000",
"843","2021","499","Other Supplies & Materials","91","1,000","1,000",
"844","2021","524","In-Service/Staff Development","896","1,000","1,000",
"845","2021","599","Other Charges","14,548","15,000","15,000",
"846","2021","599-LIB","Other Charges-LIB","0","0","0",
"847","2021","599-PS","Other Charges-PS","0","0","0",
"848","2021","790","Other Equipment","3,043","8,000","8,000",
"849","2021","790-DA","Other Equipment-Direct Appropriations Grant","0","0","0",
"850","2021","799","Other Capital Outlay","1,461","0","0",
"851","2021","799-DA","Other Capital Outlay-Direct Appropriations Grant","0","0","0",
"852","2021","","Total Estimated Expenditures","215,663","233,657","240,951",
"853","2021","","Total Social, Cultural and Recreational","225,663","243,657","250,951",
"854","2021","57000","AGRICULTURE AND NATURAL RESOURCES","","","",
"855","2021","57100","Agriculture Extension Service","","","",
"856","2021","316","Contributions","54,466","59,335","58,748",
"857","2021","320","Dues and Memberships","320","350","350",
"858","2021","355","Travel","974","900","900",
"859","2021","Account No. Description","Actual 2019-2020","Original Estimated 2020-2021","Estimated 2021-2022",
"860","2021","410 Custodial Supplies","122","125","125",
"861","2021","435 Office Supplies","796","1,000","1,000",
"862","2021","719 Office Equipment","0","0","1,000",
"863","2021","Total Agriculture Extension Services","56,678","61,710","62,123",
"864","2021","57500 Soil Conservation","","","",
"865","2021","161 Secretary","24,534","27,601","28,439",
"866","2021","186 Longevity","500","600","700",
"867","2021","399 Other Contracted Services","5,000","5,000","5,000",
"868","2021","599 Other Charges","2,550","2,550","2,550",
"869","2021","Total Soil Conservation","32,584","35,751","36,689",
"870","2021","Total Agriculture and Natural Resources","89,262","97,461","98,812",
"871","2021","58000 OTHER GENERAL GOVERNMENT","","","",
"872","2021","58110 Tourism","","","",
"873","2021","316 Contributions","1,000","1,200","1,200",
"874","2021","707 Building Improvements","82,478","0","0",
"875","2021","Total Tourism","83,478","1,200","1,200",
"876","2021","58120 Industrial Development (Vision 21)","","","",
"877","2021","105 Supervisor/Director","56,650","58,829","58,917",
"878","2021","316 Contributions","14,721","12,294","12,294",
"879","2021","799 Other Capital Outlay","0","0","0",
"880","2021","Total Industrial Development","71,371","71,123","71,211",
"881","2021","58190 Other Economic and Community Development","","","",
"882","2021","351 Rentals","0","0","0",
"883","2021","599 Other Charges","0","0","0",
"884","2021","Total Other Economic and Community Developme","0","0","0",
"885","2021","58300 Veterans Services","","","",
"886","2021","105 Supervisor/Director","26,814","31,154","31,201",
"887","2021","169 Part-time Personnel","0","0","0",
"888","2021","338 Maint & Repair Services - Vehicles","189","500","500",
"889","2021","338-SC Maint & Repair Services - Vehicles(South Central)","0","0","500",
"890","2021","351 Rentals","3,100","3,300","3,600",
"891","2021","355 Travel","256","300","300",
"892","2021","399 Other Contracted Service","449","450","450",
"893","2021","425 Gasoline","532","750","750",
"894","2021","425-SC Gasoline (SCHRA)","335","750","500",
"895","2021","435 Office Supplies","106","200","200",
"896","2021","599 Other Charges","250","1,000","1,000",
"897","2021","Account No.","Description","Actual 2019-2020","Original Estimated 2020-2021","Estimated 2021-2022",
"898","2021","599-SC","Other Charges (SCHRA)","995","1,250","1,000",
"899","2021","719","Office Equipment","300","200","200",
"900","2021","","Total Veterans Services","33,326","39,854","40,201",
"901","2021","58400","Other Charges","","","",
"902","2021","506","Liability Insurance","284,404","295,000","297,000",
"903","2021","510","Trustees Commission","203,569","205,000","210,000",
"904","2021","513","Workers Comp","125,281","160,000","160,000",
"905","2021","","Total Other Charges","613,254","660,000","667,000",
"906","2021","58600","Employee Benefits","","","",
"907","2021","201","Social Security","434,918","500,000","516,127",
"908","2021","204","State Retirement","613,248","680,000","700,068",
"909","2021","206","Life Insurance","44,235","48,000","53,000",
"910","2021","207","Medical Insurance","1,439,202","1,580,782","1,898,199",
"911","2021","210","Unemployment Comp","8,315","20,000","20,000",
"912","2021","399","Other Contracted Services","5,500","0","5,500",
"913","2021","","Total Employees Benefits","2,545,418","2,828,782","3,192,894",
"914","2021","58900","Miscellaneous","","","",
"915","2021","309","Contracts with Government Agencies","12,920","12,920","12,920",
"916","2021","316","Contributions","83,000","80,000","108,000",
"917","2021","316-DA","Contributions-Direct Appropriations Grant","0","0","0",
"918","2021","320","Dues and Memberships","13,211","15,000","15,000",
"919","2021","348","Postal Charges","32,960","45,000","45,000",
"920","2021","351","Rentals","2,500","2,500","2,500",
"921","2021","399","Other Contracted Services","0","0","0",
"922","2021","599","Other Charges","1,234","2,500","2,500",
"923","2021","","Total Miscellaneous","145,825","157,920","185,920",
"924","2021","","Total Other General Government","3,492,672","3,758,879","4,158,426",
"925","2021","","Total Estimated Expenditures","12,662,940","13,727,835","14,474,349",
"926","2021","99000","OTHER USES","","","",
"927","2021","91110","General Administration Projects","","","",
"928","2021","715","Land","39,481","0","0",
"929","2021","91190","Other General Government Projects","","","",
"930","2021","706-DA","Building Construction","0","0","0",
"931","2021","","Total Estimated General Administration Projects","39,481","0","0",
"932","2021","91200","Highway & Street Capital Projects","","","",
"933","2021","713","Highway Construction","67,999","0","0",
"934","2021","Account No. Description","Actual 2019-2020","Original Estimated 2020-2021","Estimated 2021-2022",
"935","2021","Total Estimated Highway & Street Capital Projects","67,999","0","0",
"936","2021","99000 ESTIMATED OTHER USES","","","",
"937","2021","99100 Transfers Out","","","",
"938","2021","590 Transfers to Other Funds","100,000","100,000","100,000",
"939","2021","590-DA Transfers to Other Funds","0","0","0",
"940","2021","Total Estimated Other Uses","100,000","100,000","100,000",
"941","2021","Total Estimated Expenditures and other uses","12,870,420","13,827,835","14,574,349",
"942","2021","Excess of Estimated Revenue and Other Sources over (under) Estimated Expenditures and Other","774,345","(832,244)","(1,432,501)",
"943","2021","Estimated Begin Fund Balance July 1","4,463,353","5,237,698","6,100,000",
"944","2021","Estimated Ending Fund Balance June 30","5,237,698","4,405,454","4,667,499",
"945","2021","Statement of Proposed Operations for the Fiscal Year Ending June 30, 2022","","Original","",
"946","2021","Account Nc Description","Actual 2019-2020","Estimated 2020-2021","Estimated 2021-2022",
"947","2021","ESTIMATED REVENUES","","","",
"948","2021","42000 FINES, FORFIETURES AND PENALTIES","","","",
"949","2021","42100 Circuit Court","","","",
"950","2021","42140 Drug Control Fines","1,762","2,500","2,500",
"951","2021","42141 Drug Control Fees","0","0","0",
"952","2021","42300 General Sessions Court","","","",
"953","2021","42340 Drug Control Fines","5,433","6,000","6,000",
"954","2021","42341 Drug Control Fees","0","0","0",
"955","2021","Total Fines, Forfeitures and Penalties","7,195","8,500","8,500",
"956","2021","42900 OTHER FINES, FORFEITURES AND PENALTIES","","","",
"957","2021","42910 Proceeds from Confiscated Property","0","45,000","45,000",
"958","2021","Total Other Fines, Forfeitures, and Penalties","0","45,000","45,000",
"959","2021","48000 OTHER GOVERNMENT AND CITIZENS GROUPS","","","",
"960","2021","48100 Other Governments","","","",
"961","2021","48130 Contributions","0","0","0",
"962","2021","Total Other Government and Citizens Groups","0","0","0",
"963","2021","Total Estimated Revenue","7,195","53,500","53,500",
"964","2021","49000 ESTIMATED OTHER SOURCES(NON-REVENUE)","","","",
"965","2021","49700 Insurance Recovery","5,554","0","0",
"966","2021","Total Estimated Other Source(Non-Revenue)","5,554","0","0",
"967","2021","Total Estimated Revenues and Other Source","12,749","53,500","53,500",
"968","2021","ESTIMATED EXPENDITURES","","","",
"969","2021","54110 SHERIFF'S DEPARTMENT","","","",
"970","2021","355 Travel","0","0","0",
"971","2021","431 Law Enforcement Supplies","0","0","0",
"972","2021","524 Inservice","0","0","0",
"973","2021","599 Other Charges","9,491","0","10,000",
"974","2021","716 Law Enforcement Equipment","0","0","0",
"975","2021","718 Motor Vehicles","49,550","0","0",
"976","2021","Total Estimated Expenditures","59,041","0","10,000",
"977","2021","Excess of Estimated Revenue Over","","","",
"978","2021","(Under) Estimated Expenditures","(46,292)","53,500","43,500",
"979","2021","Estimated Beginning Fund Balance July 1","146,065","99,773","160,000",
"980","2021","Estimated Ending Fund Balance June 30","99,773","153,273","203,500",
"981","2021","Adequate Facilities Tax Fund 125 Statement of Proposed Operations For the Fiscal Year Ending June 30, 2022 Account No. Description","Actual 2019-2020","Original Estimated 2020-2021","Estimated 2021-2022",
"982","2021","ESTIMATED REVENUES","","","",
"983","2021","40200 COUNTY LOCAL OPTION TAXES","","","",
"984","2021","40285 Adequate Facilities/Development Tax","193,231","160,000","280,000",
"985","2021","Total Local Option Taxes","193,231","160,000","280,000",
"986","2021","Total Revenues","193,231","160,000","280,000",
"987","2021","ESTIMATED EXPENDITURES","","","",
"988","2021","50000 GENERAL COUNTY OPERATIONS","","","",
"989","2021","51730 Building","","","",
"990","2021","509 Refunds","0","0","0",
"991","2021","510 Trustee's Commission","1,962","2,500","2,500",
"992","2021","Total Building","1,962","2,500","2,500",
"993","2021","90000 CAPITAL PROJECTS","","","",
"994","2021","91130 Public Safety Projects","","","",
"995","2021","707 Building Improvements","177,500","0","0",
"996","2021","Total Public Safety Projects","177,500","0","0",
"997","2021","99100 TRANSFERS OUT","","","",
"998","2021","590 Transfers to Other Funds","0","0","280,000",
"999","2021","Total Transfers Out","0","0","280,000",
"1000","2021","Total Estimated Expenditures","179,462","2,500","282,500",
"1001","2021","Excess of Estimated Revenue and Other","","","",
"1002","2021","Sources over/under Estimated Expendit","13,769","157,500","(2,500)",
"1003","2021","Estimated Beginning Fund Balance July","644,519","658,288","900,000",
"1004","2021","Estimated Ending Fund Balance June 3(","658,288","815,788","897,500",
"1005","2021","Account No.","Description","Actual 2019-2020","Original Estimate 2020-2021","Estimate 2021-2022",
"1006","2021","","ESTIMATED REVENUES","","","",
"1007","2021","40000","LOCAL TAXES","","","",
"1008","2021","40100","County Property Taxes","","","",
"1009","2021","40110","Current Property Taxes","267,896","263,450","287,140",
"1010","2021","40120","Trustee's Collection Prior Year","6,783","12,930","12,930",
"1011","2021","40125","Trustee's Collection Bankruptcy","63","","0",
"1012","2021","40130","Circuit/Clerk & Master Coll Prior Years","2,368","7,000","7,000",
"1013","2021","40140","Interest and Penalty","1,452","2,260","2,260",
"1014","2021","40161","Payments in Lieu of Taxes TVA","301","350","350",
"1015","2021","40200","County Local Option Taxes","","","",
"1016","2021","40270","Business Tax","2,982","3,500","3,500",
"1017","2021","40280","Mineral Severance Tax","58,158","85,000","85,000",
"1018","2021","","Total Local Taxes","340,003","374,490","398,180",
"1019","2021","43100","General Service Charge","","","",
"1020","2021","43102","Other Employee Benefit Charges/Contributions","4,824","3,600","4,825",
"1021","2021","","Total General Services Charge","4,824","3,600","4,825",
"1022","2021","43000","CHARGES FOR CURRENT SERVICES","","","",
"1023","2021","43380","Vending Machines Collections","1,072","2,600","2,600",
"1024","2021","","Total Charges for Current Services","1,072","2,600","2,600",
"1025","2021","44000","OTHER LOCAL REVENUES","","","",
"1026","2021","44100","Recurring Items","","","",
"1027","2021","44145","Sale of Recycled Materials","866","4,500","4,500",
"1028","2021","44170","Miscellaneous Refunds","6,544","0","0",
"1029","2021","44500","Nonrecurring Items","","","",
"1030","2021","44530","Sale of Equipment","64,082","100,000","100,000",
"1031","2021","","Total Other Local Revenues","71,492","104,500","104,500",
"1032","2021","46000","STATE OF TENNESSEE","","","",
"1033","2021","46400","Public Works Grants","","","",
"1034","2021","46410","Bridge Program","1,141,451","1,138,600","1,851,368",
"1035","2021","46420","State Aid Program","302,659","659,455","659,455",
"1036","2021","46851","State Revenue Sharing TVA","20,295","22,000","22,000",
"1037","2021","46920","Gasoline and Motor Fuel Tax","2,595,719","2,617,836","2,617,836",
"1038","2021","46930","Petroleum Special Tax","17,815","19,140","19,140",
"1039","2021","46980","Other State Grants","24,828","0","0",
"1040","2021","","Total State of Tennessee","4,102,767","4,457,031","5,169,799",
"1041","2021","Account No.","Description","Actual 2019-2020","Original Estimate 2020-2021","Estimate 2021-2022",
"1042","2021","47100","Federal Through State","","","",
"1043","2021","47230","Disaster Relief","148,970","200,000","200,000",
"1044","2021","47600","Direct Federal Revenue","","","",
"1045","2021","47990","Other Direct Federal Revenue","234,474","300,000","300,000",
"1046","2021","","Total Federal Government","383,444","500,000","500,000",
"1047","2021","48000","OTHER GOVERNMENTS AND CITIZENS GROUP","","","",
"1048","2021","48100","Other Governments","","","",
"1049","2021","48120","Paving and Maintenance","32,323","0","0",
"1050","2021","","Total Other Governments","32,323","0","0",
"1051","2021","","Total Estimated Revenue","4,935,925","5,442,221","6,179,904",
"1052","2021","49000","OTHER SOURCES (NON-REVENUE)","","","",
"1053","2021","49700","Insurance Recovery","81,760","0","0",
"1054","2021","49800","Transfers In","0","0","0",
"1055","2021","","Total Other Sources (Non-Revenue)","81,760","0","0",
"1056","2021","","Total Estimated Revenues and Other Sources","5,017,685","5,442,221","6,179,904",
"1057","2021","","ESTIMATED EXPENDITURES","","","",
"1058","2021","61000","ADMINISTRATION","","","",
"1059","2021","101","County Official/Administrative Officer","85,768","88,735","88,735",
"1060","2021","140","Salary Supplement","2,099","4,500","4,500",
"1061","2021","161","Secretary","36,672","37,377","39,960",
"1062","2021","169","Part-time Personnel","13,243","17,060","33,950",
"1063","2021","187","Overtime Pay","1,589","4,500","4,500",
"1064","2021","191","Board and Committee Members Fees","16,800","16,800","16,800",
"1065","2021","316","Contributions","500","500","500",
"1066","2021","317","Data Processing Services","0","400","400",
"1067","2021","320","Dues and Memberships","3,700","3,750","3,875",
"1068","2021","332","Legal Notices, Recording and Court Costs","357","400","400",
"1069","2021","348","Postal Charges","0","300","300",
"1070","2021","355","Travel","1,210","2,500","2,500",
"1071","2021","399","Other Contracted Services","7,075","8,200","8,200",
"1072","2021","435","Office Supplies","344","1,050","1,050",
"1073","2021","508","Premiums on Corporate Surety Bonds","100","2,000","2,000",
"1074","2021","524","In-Service/Staff Developement","315","2,500","2,500",
"1075","2021","719","Office Equipment","2,966","5,000","10,000",
"1076","2021","","Total Administration","172,738","195,572","220,170",
"1077","2021","62000","HIGHWAY AND BRIDGE MAINTENANCE","","","",
"1078","2021","140","Salary Supplements","1,500","1,500","1,500",
"1079","2021","141","Foremen","232,136","293,761","293,761",
"1080","2021","143","Equipment Operators","318,826","351,624","375,495",
"1081","2021","149","Laborers","236,310","286,313","302,230",
"1082","2021","Account No. Description","Actual 2019-2020","Original Estimate 2020-2021","Estimate 2021-2022",
"1083","2021","187 Overtime Pay","17,948","50,000","50,000",
"1084","2021","323 Explosive and Drilling Services","0","2,000","2,000",
"1085","2021","403 Asphalt-Cold Mix","42,437","75,000","75,000",
"1086","2021","405 Asphalt-Liquid","266,219","450,000","450,000",
"1087","2021","409 Crushed Stone","213,503","400,000","400,000",
"1088","2021","426 General Construction Materials","14,840","10,000","15,000",
"1089","2021","436 Other Road Supplies","16,480","45,000","45,000",
"1090","2021","438 Pipe","14,387","30,000","30,000",
"1091","2021","443 Road Signs","14,583","18,000","18,000",
"1092","2021","444 Salt","0","5,000","5,000",
"1093","2021","446 Small Tools","1,132","8,000","8,000",
"1094","2021","455 Wood Products","0","5,000","5,000",
"1095","2021","468 Chemical","4,800","10,000","10,000",
"1096","2021","Total Highway and Bridge Maintenance","1,395,101","2,041,198","2,085,986",
"1097","2021","63100 OPERATION AND MAINTENANCE OF EQUIPMENT","","","",
"1098","2021","141 Foremen","36,821","39,992","39,992",
"1099","2021","142 Mechanic(s)","37,453","38,367","31,860",
"1100","2021","187 Overtime Pay","2,035","7,500","5,000",
"1101","2021","329 Laundry Services","9,462","10,000","12,000",
"1102","2021","412 Diesel Fuel","75,501","150,000","150,000",
"1103","2021","418 Equipment and Machinery Parts","148,559","145,000","150,000",
"1104","2021","424 Garage Supplies","17,297","50,000","50,000",
"1105","2021","425 Gasoline","18,987","38,500","38,500",
"1106","2021","433 Lubricants","11,035","20,000","20,000",
"1107","2021","450 Tires and Tubes","21,106","50,000","50,000",
"1108","2021","599 Other Charges","841","1,500","1,500",
"1109","2021","Total Operation and Maintenance of Equip","379,097","550,859","548,852",
"1110","2021","65000 OTHER CHARGES","","","",
"1111","2021","307 Communication","1,836","7,500","7,500",
"1112","2021","331 Legal Services","75","3,500","3,500",
"1113","2021","415 Electricity","4,626","8,000","8,000",
"1114","2021","454 Water and Sewer","3,903","6,500","6,500",
"1115","2021","505 Judgments","0","0","0",
"1116","2021","506 Liability Insurance","53,494","60,000","60,000",
"1117","2021","510 Trustees Commission","32,815","35,000","35,000",
"1118","2021","Total Other Charges","96,749","120,500","120,500",
"1119","2021","66000 EMPLOYEE BENEFITS","","","",
"1120","2021","201 Social Security","75,764","114,600","114,600",
"1121","2021","204 State Retirement","108,695","145,000","145,000",
"1122","2021","205 Employee and Dependent Insurance","371,784","489,250","506,375",
"1123","2021","210 Unemployment Compensation","6,939","17,000","17,000",
"1124","2021","513 Worker's Compensation Insurance","116,971","141,773","146,735",
"1125","2021","599 Other Charges","872","7,500","7,500",
"1126","2021","Total Employees Benefits","681,025","915,123","937,210",
"1127","2021","Account No.","Description","Actual 2019-2020","Original Estimate 2020-2021","Estimate 2021-2022",
"1128","2021","68000","CAPITAL OUTLAY","","","",
"1129","2021","705","Bridge Construction","1,096,751","800,000","1,600,000",
"1130","2021","708","Communication Equipment","3,559","4,000","4,000",
"1131","2021","713","Highway Construction","535,323","750,000","750,000",
"1132","2021","714","Highway Equipment","36,880","75,000","75,000",
"1133","2021","718","Motor Vehicles","7,500","35,000","35,000",
"1134","2021","791","Other Construction","0","15,000","15,000",
"1135","2021","","Total Capital Outlay","1,680,013","1,679,000","2,479,000",
"1136","2021","","Total Estimated Expenditures","4,404,723","5,502,252","6,391,718",
"1137","2021","99000","OTHER USES","","","",
"1138","2021","99100","Transfers Out","","","",
"1139","2021","590","Transfers to Other Funds","128,428","128,428","121,088",
"1140","2021","","Total Other Uses","128,428","128,428","121,088",
"1141","2021","","Total Estimated Expenditures and Other Uses","4,533,151","5,630,680","6,512,806",
"1142","2021","","Excess of Estimated Revenue Over (Under)","","","",
"1143","2021","","Estimated Expenditures and Other Uses","484,534","(188,459)","(332,902)",
"1144","2021","","Estimated Beginning Fund Balance July 1","1,066,093","1,550,627","1,900,000",
"1145","2021","","Fund Balance Audit Adjustment","","","",
"1146","2021","","Estimated Ending Fund Balance June 30","1,550,627","1,362,168","1,567,098",
"1147","2021","Account No. Description","Actual 2019-2020","Original Estimate 2020-2021","Estimate 2021-2022",
"1148","2021","ESTIMATED REVENUES","","","",
"1149","2021","40000 Local Taxes","","","",
"1150","2021","40100 County Property Taxes","","","",
"1151","2021","40110 Current Property Taxes","3,093,596","3,042,197","2,953,439",
"1152","2021","40120 Trustee's Collection - Prior Year","80,232","100,000","80,000",
"1153","2021","40125 Trustee's Collection - Bankruptcy","747","","",
"1154","2021","40130 Circuit/Clerk & Master Collections - Prior Years","27,980","55,000","45,000",
"1155","2021","40140 Interest and Penalty","17,075","21,000","21,000",
"1156","2021","40161 Payments in Lieu of Taxes - TVA","3,485","4,000","4,000",
"1157","2021","40162 Payments in Lieu of Taxes - Local Utilities","6,000","6,000","6,000",
"1158","2021","40200 County Local Option Taxes","","","",
"1159","2021","40210 Local Option Sales Tax","1,822,998","1,550,000","2,100,000",
"1160","2021","40270 Business Tax","34,466","30,000","30,000",
"1161","2021","40300 Statutory Local Taxes","","","",
"1162","2021","40320 Bank Excise Tax","0","30,000","0",
"1163","2021","40350 Interstate Telecommunication Tax","0","1,500","0",
"1164","2021","Total Local Taxes","5,086,579","4,839,697","5,239,439",
"1165","2021","41000 Licenses and Permits","","","",
"1166","2021","41100 Licenses","","","",
"1167","2021","41110 Marriage Licenses","1,235","1,300","1,300",
"1168","2021","Total Licenses and Permits","1,235","1,300","1,300",
"1169","2021","43000 Charges for Current Services","","","",
"1170","2021","43500 Education Charges","","","",
"1171","2021","43513 Tuition - Summer School","0","0","0",
"1172","2021","43517 Tuition - Other","2,500","2,000","2,000",
"1173","2021","43570 Receipts from Individual Schools","27,964","60,000","30,000",
"1174","2021","43582 Community Service Fees Adults","189","200","200",
"1175","2021","Total Charges for Current Services","30,653","62,200","32,200",
"1176","2021","44000 Other Local Revenues","","","",
"1177","2021","44100 Recurring Items","","","",
"1178","2021","44110 Investment Income","4,747","0","0",
"1179","2021","44120 Lease/Rentals","680","1,000","1,000",
"1180","2021","44146 Refund of Telecommunication/Internet Fees (E","0","0","",
"1181","2021","44170 Miscellaneous Refunds","12,237","40,000","30,000",
"1182","2021","44500 Nonrecurring Items","","","",
"1183","2021","44512 Gain on Retirement of Debt (Gasb 54)","126,049","0","0",
"1184","2021","44530 Sale of Equipment","11,401","5,000","10,000",
"1185","2021","44560 Damages Recovered from Individuals","2,680","3,000","3,000",
"1186","2021","44570 Contributions and Gifts","9,557","15,000","15,000",
"1187","2021","Account No.","Description","Actual 2019-2020","Original Estimate 2020-2021","Estimate 2021-2022",
"1188","2021","44990","Other Local Revenues","0","0","0",
"1189","2021","","Total Other Local Revenues","167,351","64,000","59,000",
"1190","2021","","Total Local Revenue","5,285,818","4,967,197","5,331,939",
"1191","2021","46000","State of Tennessee","","","",
"1192","2021","46175","On-Behalf Contributions for OPEB","62,869","0","0",
"1193","2021","46500","State Education Funds","","","",
"1194","2021","46511","Basic Education Program","22,353,819","22,516,000","22,770,000",
"1195","2021","46515","Early Childhood Education","415,782","419,362","417,796",
"1196","2021","46520","School Food Service","20,372","22,000","22,000",
"1197","2021","46550","Driver Education","4,914","10,000","10,000",
"1198","2021","46590","Other State Education Funds","240,878","240,000","240,000",
"1199","2021","46591","Coordinated School Health","90,000","90,000","90,000",
"1200","2021","46594","Family Resource Centers","59,223","59,223","59,223",
"1201","2021","46595","SSMS ARRA","0","0","0",
"1202","2021","46610","Career Ladder Program","52,685","60,000","50,000",
"1203","2021","46640","Vocational Equipment","0","0","0",
"1204","2021","46800","Other State Revenues","","","",
"1205","2021","46851","State Revenue Sharing - TVA","234,357","250,000","240,000",
"1206","2021","46980","Other State Grants","339,828","300,000","0",
"1207","2021","46981","Safe Schools","104,803","88,000","86,560",
"1208","2021","46990","Other State Revenues","5,407","20,000","15,000",
"1209","2021","","Total State of Tennessee","23,984,937","24,074,585","24,000,579",
"1210","2021","47000","Federal Government","","","",
"1211","2021","47100","Federal Through State","","","",
"1212","2021","47304","COVID-19-Remote Technology Grant","0","0","0",
"1213","2021","47590","Other Federal Through State","0","0","0",
"1214","2021","47600","Direct Federal Revenue","","","",
"1215","2021","47640","ROTC Reimbursement","70,443","60,000","70,000",
"1216","2021","","Total Federal Government","70,443","60,000","70,000",
"1217","2021","48000","Other Governments and Citizens Groups","","","",
"1218","2021","48990","Other","48,800","40,000","0",
"1219","2021","","Total Other Governments and Citizens Groups","48,800","40,000","0",
"1220","2021","","Total Estimated Revenues","29,389,998","29,141,782","29,402,518",
"1221","2021","49000","OTHER SOURCES (NON-REVENUE)","","","",
"1222","2021","49700","Insurance Recovery","0","10,000","10,000",
"1223","2021","49800","Transfers In","22,096","25,000","25,000",
"1224","2021","","Total Other Sources","22,096","35,000","35,000",
"1225","2021","","Total Estimated Revenues & Other Sources","29,412,094","29,176,782","29,437,518",
"1226","2021","Account No. Description","Actual 2019-2020","Original Estimate 2020-2021","Estimate 2021-2022",
"1227","2021","ESTIMATED EXPENDITURES","","","",
"1228","2021","71000 Instruction","","","",
"1229","2021","71100 Regular Instruction Program","","","",
"1230","2021","116 Teachers","8,250,561","9,189,095","9,505,579",
"1231","2021","117 Career Ladder Program","48,000","50,000","50,000",
"1232","2021","128 Homebound Teachers","0","12,000","12,000",
"1233","2021","140 Salary Supplements","282,065","310,318","319,317",
"1234","2021","163 Educational Assistants","352,425","352,000","300,000",
"1235","2021","188 Bonus Payments","368,202","0","",
"1236","2021","189 Other Salaries and Wages","349,053","400,000","400,000",
"1237","2021","198 Non-Certified Substitute Teachers","134,992","146,000","150,000",
"1238","2021","201 Social Security","719,730","802,058","821,373",
"1239","2021","204 State Retirement","860,065","1,074,110","1,167,735",
"1240","2021","207 Medical Insurance","1,377,832","1,400,000","1,442,000",
"1241","2021","336 Maint and Repair Service - Equipment","4,000","8,000","16,000",
"1242","2021","399 Other Contracted Services","32,500","35,000","85,000",
"1243","2021","429 Instructional Supplies and Materials","101,103","117,000","120,000",
"1244","2021","449 Textbooks","277,932","300,000","100,000",
"1245","2021","499 Other Supplies and Materials","9,086","8,000","10,000",
"1246","2021","722 Regular Instructional Equipment","90,326","100,000","100,000",
"1247","2021","Total Instructional Program","13,257,872","14,303,581","14,599,004",
"1248","2021","71150 Alternative Instruction Program","","","",
"1249","2021","116 Teachers","98,200","108,600","112,000",
"1250","2021","163 Educational Assistants","17,830","18,500","19,000",
"1251","2021","188 Bonus Payments","9,100","0","",
"1252","2021","201 Social Security","9,159","9,723","10,022",
"1253","2021","204 State Retirement","13,014","13,703","14,449",
"1254","2021","207 Medical Insurance","16,944","18,000","23,700",
"1255","2021","429 Instructional Supplies and Materials","206","500","500",
"1256","2021","499 Other Supplies and Materials","353","500","1,000",
"1257","2021","Total Alternative Schools","164,806","169,526","180,671",
"1258","2021","71200 Special Education Program","","","",
"1259","2021","116 Teachers","1,427,939","1,625,000","1,625,000",
"1260","2021","124 Psychological Personnel","59,478","63,000","64,000",
"1261","2021","128 Homebound Teachers","28,031","23,000","23,000",
"1262","2021","163 Educational Assistants","212,304","230,000","317,143",
"1263","2021","171 Speech Pathologist","187,456","201,050","214,878",
"1264","2021","188 Bonus Payments","78,800","0","0",
"1265","2021","201 Social Security","142,325","163,867","171,668",
"1266","2021","204 State Retirement","217,004","228,016","223,814",
"1267","2021","207 Medical Insurance","307,866","320,000","329,600",
"1268","2021","399 Other Contracted Services","195,237","195,000","225,000",
"1269","2021","Total Special Educational Program","2,856,440","3,048,933","3,194,103",
"1270","2021","71300 Career and Technical Education Program","","","",
"1271","2021","116 Teachers","636,053","770,000","770,000",
"1272","2021","Account No. Description","Actual 2019-2020","Original Estimate 2020-2021","Estimate 2021-2022",
"1273","2021","140 Supplements","12,000","12,000","12,000",
"1274","2021","188 Bonus Payments","33,600","0","0",
"1275","2021","198 Non-Certified Substitute Teachers","13,342","15,000","15,000",
"1276","2021","201 Social Security","51,309","60,971","60,971",
"1277","2021","204 State Retirement","76,556","83,127","86,255",
"1278","2021","207 Medical Insurance","83,620","101,000","104,030",
"1279","2021","399 Other Contracted Services","7,111","15,000","15,000",
"1280","2021","429 Instructional Supplies and Materials","2,992","0","0",
"1281","2021","449 Text Books","0","0","100,000",
"1282","2021","499 Other Supplies and Materials","13,071","15,000","15,000",
"1283","2021","730 Vocational Instruction Equipment","56,715","32,000","32,000",
"1284","2021","790 Other Equipment","0","0","0",
"1285","2021","Total Vocational Education Program","986,369","1,104,098","1,210,256",
"1286","2021","Total Instruction","17,265,487","18,626,138","19,184,034",
"1287","2021","72000 Support Services","","","",
"1288","2021","72110 Attendance","","","",
"1289","2021","105 Supervisor/Director","67,480","73,000","77,000",
"1290","2021","189 Other Salaries & Wages","31,500","31,500","36,894",
"1291","2021","201 Social Security","7,550","7,994","8,713",
"1292","2021","204 State Retirement","10,294","11,277","12,563",
"1293","2021","207 Medical Insurance","3,900","11,850","15,800",
"1294","2021","355 Travel","2,833","5,000","5,000",
"1295","2021","399 Other Contracted Services","12,000","12,000","17,000",
"1296","2021","499 Other Supplies and Materials","4,024","2,000","2,000",
"1297","2021","524 In Service/Staff Development","340","1,000","1,000",
"1298","2021","722 Regular Instruction Equipment","0","0","",
"1299","2021","Total Attendance","139,921","155,621","175,970",
"1300","2021","72120 Health Services","","","",
"1301","2021","131 Medical Personnel","135,951","150,600","153,612",
"1302","2021","189 Other Salaries & Wages","101,050","102,750","105,833",
"1303","2021","201 Social security","17,658","19,381","19,847",
"1304","2021","204 State Retirement","24,648","26,019","28,616",
"1305","2021","207 Medical Insurance","31,024","40,000","49,100",
"1306","2021","355 Travel","2,980","3,500","3,500",
"1307","2021","399 Other Contracted Services","2,702","4,000","4,000",
"1308","2021","413 Drugs and Medical Supplies","3,135","3,500","4,500",
"1309","2021","499 Other Supplies and Materials","3,016","3,000","3,000",
"1310","2021","524 Inservice","1,240","2,000","2,000",
"1311","2021","599 Other Charges","0","0","2,000",
"1312","2021","735 Health Equipment","8,159","8,000","10,000",
"1313","2021","Total Health Service","331,563","362,750","386,008",
"1314","2021","72130 Other Student Support","","","",
"1315","2021","123 Guidance Personnel","511,807","572,490","590,000",
"1316","2021","188 Bonus Payments","16,250","0","0",
"1317","2021","Account No. Description","Actual 2019-2020","Original Estimate 2020-2021","Estimate 2021-2022",
"1318","2021","189 Other Salaries and Wages","74,520","80,760","82,560",
"1319","2021","201 Social Security","43,608","49,974","51,451",
"1320","2021","204 State Retirement","62,668","67,089","74,183",
"1321","2021","207 Medical Insurance","63,050","65,000","66,950",
"1322","2021","322 Evaluating and Testing","2,925","40,000","40,000",
"1323","2021","344 Payments to Schools - Other","66,440","80,000","80,000",
"1324","2021","355 Travel","2,740","3,000","3,000",
"1325","2021","399 Other Contracted Services","17,464","23,000","25,000",
"1326","2021","499 Other Supplies and Materials","2,854","4,000","4,000",
"1327","2021","524 Inservice","0","3,000","3,000",
"1328","2021","Total Other Student Support","864,326","988,313","1,020,144",
"1329","2021","72210 Regular Instruction Program","","","",
"1330","2021","105 Supervisor/Director","72,450","78,820","71,970",
"1331","2021","129 Librarians","339,180","420,000","430,000",
"1332","2021","161 Secretary(s)","185,931","182,000","200,000",
"1333","2021","162 Clerical Personnel","181,739","210,000","200,000",
"1334","2021","188 Bonus Payments","24,000","0","0",
"1335","2021","189 Other Salaries and Wages","0","20,000","20,000",
"1336","2021","201 Social Security","56,188","69,678","70,531",
"1337","2021","204 State Retirement","97,330","107,300","101,693",
"1338","2021","207 Medical Insurance","144,332","158,000","162,740",
"1339","2021","336 Maint and Repair Services - Equipment","0","2,500","2,500",
"1340","2021","355 Travel","950","5,000","5,000",
"1341","2021","399 Other Contracted Services","7,827","12,000","15,000",
"1342","2021","432 Library Books and Media","4,000","4,000","4,000",
"1343","2021","429 Instructional Supplies and Materials","0","0","0",
"1344","2021","499 Other Supplies and Materials","225","3,600","3,600",
"1345","2021","524 In-Service/Staff Development","385","2,000","2,000",
"1346","2021","722 Regular Instruction Equipment","6,855","7,500","8,000",
"1347","2021","790 Other Equipment","30,108","10,000","50,000",
"1348","2021","Total Regular Instruction Program","1,151,500","1,292,398","1,347,034",
"1349","2021","72215 Alternative Instruction Program","","","",
"1350","2021","355 Travel","0","0","0",
"1351","2021","Total Alternative Instruction Program","0","0","0",
"1352","2021","72220 Special Education Program","","","",
"1353","2021","105 Supervisor/Director","72,294","75,035","76,691",
"1354","2021","189 Other Salaries and Wages","4,594","5,000","5,000",
"1355","2021","196 In-Service Training","2,822","3,500","3,500",
"1356","2021","201 Social Security","5,650","6,390","6,517",
"1357","2021","204 State Retirement","8,450","8,877","9,397",
"1358","2021","207 Medical Insurance","7,524","7,900","7,900",
"1359","2021","336 Maint and Repair Services - Equipment","4,450","5,000","5,000",
"1360","2021","355 Travel","6,957","7,500","7,500",
"1361","2021","Total Special Education Program","112,741","119,202","121,505",
"1362","2021","Account No. Description","Actual 2019-2020","Original Estimate 2020-2021","Estimate 2021-2022",
"1363","2021","72230 Career and Technical Education Program","","","",
"1364","2021","105 Supervisor/Director","76,280","79,521","81,320",
"1365","2021","201 Social Security","5,537","6,083","6,221",
"1366","2021","204 State Retirement","7,621","8,167","8,970",
"1367","2021","207 Medical Insurance","7,524","7,900","7,900",
"1368","2021","336 Maint and Repair Services - Equipment","1,000","3,000","3,000",
"1369","2021","355 Travel","322","2,000","2,000",
"1370","2021","499 Other Supplies and Materials","422","3,000","3,000",
"1371","2021","Total Vocational Education Program","98,706","109,671","112,411",
"1372","2021","72250 Technology","","","",
"1373","2021","105 Supervisor","60,000","63,000","63,000",
"1374","2021","189 Other Salaries and Wages","4,421","7,000","7,000",
"1375","2021","201 Social Security","4,703","5,355","5,355",
"1376","2021","204 State Retirement","7,065","9,646","8,312",
"1377","2021","207 Medical Insurance","7,900","7,900","7,900",
"1378","2021","336 Maint and Repair Services - Equipment","1,622","5,000","4,000",
"1379","2021","350 Internet Connectivity","0","0","80,000",
"1380","2021","355 Travel","150","2,000","2,000",
"1381","2021","399 Other Contracted Services","138,378","140,000","75,000",
"1382","2021","499 Other Supplies and Materials","435","2,000","2,000",
"1383","2021","722 Regular Instruction Equipment","24,102","85,000","85,000",
"1384","2021","Total Technology","248,776","326,901","339,567",
"1385","2021","72290 Other Programs","","","",
"1386","2021","215 On-Behalf Payments for OPEB","62,869","35,000","35,000",
"1387","2021","Total Other Programs","62,869","35,000","35,000",
"1388","2021","72310 Board of Education","","","",
"1389","2021","191 Board and Committee Members Fees","6,519","13,000","13,000",
"1390","2021","196 In-Service Training","6,567","12,000","12,000",
"1391","2021","201 Social Security","475","1,000","1,913",
"1392","2021","305 Audit Services","27,500","35,000","35,000",
"1393","2021","320 Dues and Memberships","32,779","32,000","32,000",
"1394","2021","331 Legal Services","27,635","40,000","40,000",
"1395","2021","399 Other Contracted Services","0","0","0",
"1396","2021","505 Judgments","0","0","0",
"1397","2021","506 Liability Insurance","57,982","150,000","150,000",
"1398","2021","510 Trustees Commission","121,008","125,000","125,000",
"1399","2021","513 Workers Compensation Insurance","167,678","250,000","250,000",
"1400","2021","534 Refund to Applicant for Criminal Investigation","0","1,000","1,000",
"1401","2021","599 Other Charges","4,562","10,000","10,000",
"1402","2021","Total Board of Education","452,705","669,000","669,913",
"1403","2021","72320 Director of Schools","","","",
"1404","2021","101 County Official/Administrative Officer","109,000","110,000","113,000",
"1405","2021","117 Career Ladder Program","1,000","1,000","1,000",
"1406","2021","161 Secretary(s)","86,616","88,000","90,000",
"1407","2021","Account No. Description","Actual 2019-2020","Original Estimate 2020-2021","Estimate 2021-2022",
"1408","2021","188 Bonus Payments","0","0","0",
"1409","2021","189 Other Salaries and Wages","0","0","0",
"1410","2021","201 Social Security","14,810","15,224","15,606",
"1411","2021","204 State Retirement","23,735","23,526","22,501",
"1412","2021","207 Medical Insurance","11,900","11,900","12,257",
"1413","2021","307 Communication","499","3,000","3,000",
"1414","2021","336 Maint and Repair Services - Equipment","14,552","15,000","20,000",
"1415","2021","348 Postal Charges","0","2,000","1,000",
"1416","2021","355 Travel","2,330","4,000","3,400",
"1417","2021","399 Other Contracted Service","3,075","2,500","5,000",
"1418","2021","435 Office Supplies","714","2,500","2,500",
"1419","2021","499 Other Supplies and Materials","1,352","4,500","3,500",
"1420","2021","599 Other Charges","1,851","0","0",
"1421","2021","Total Office of the Superintendent","271,434","283,150","292,764",
"1422","2021","72410 Office of the Principal","","","",
"1423","2021","104 Principals","634,897","704,000","721,600",
"1424","2021","139 Assistant Principals","446,652","485,000","500,000",
"1425","2021","189 Other Salaries and Wages","0","0","75,000",
"1426","2021","201 Social Security","79,752","90,959","99,190",
"1427","2021","204 State Retirement","116,952","122,110","143,015",
"1428","2021","207 Medical Insurance","110,478","126,000","145,780",
"1429","2021","348 Postal Charges","0","1,600","1,600",
"1430","2021","355 Travel","0","3,600","3,600",
"1431","2021","399 Other Contracted Services","128,507","160,000","164,000",
"1432","2021","790 Other Equipment","0","0","0",
"1433","2021","Total Office of the Principal","1,517,238","1,693,269","1,853,785",
"1434","2021","72510 Fiscal Services","","","",
"1435","2021","105 Supervisor/Director","0","0","0",
"1436","2021","201 Social Security","0","0","0",
"1437","2021","204 State Retirement","0","0","0",
"1438","2021","207 Medical Insurance","0","0","0",
"1439","2021","399 Other Contracted Services","42,235","45,000","45,000",
"1440","2021","Total Fiscal Services","42,235","45,000","45,000",
"1441","2021","72610 Operation of Plant","","","",
"1442","2021","307 Communication","41,730","50,000","50,000",
"1443","2021","399 Other Contracted Services","553,231","710,000","710,000",
"1444","2021","410 Custodial Supplies","23,269","35,000","35,000",
"1445","2021","415 Electricity","754,531","915,000","915,000",
"1446","2021","434 Natural Gas","77,626","125,000","165,000",
"1447","2021","454 Water and Sewer","191,968","245,000","245,000",
"1448","2021","499 Other Supplies and Materials","2,429","3,000","3,500",
"1449","2021","501 Boiler Insurance","7,025","8,000","8,000",
"1450","2021","502 Building and Contents Insurance","143,521","180,000","180,000",
"1451","2021","720 Plant Operation Equipment","76,060","85,000","69,000",
"1452","2021","Total Operation of Plant","1,871,390","2,356,000","2,380,500",
"1453","2021","Account No.","Description","Actual 2019-2020","Original Estimate 2020-2021","Estimate 2021-2022",
"1454","2021","72620","Maintenance of Plant","","","",
"1455","2021","105","Supervisor/Director","63,000","63,000","63,788",
"1456","2021","161","Secretary(s)","10,392","11,000","11,500",
"1457","2021","189","Other Salaries and Wages","163,757","168,669","209,572",
"1458","2021","201","Social Security","16,286","19,329","21,792",
"1459","2021","204","State Retirement","26,005","33,440","31,420",
"1460","2021","207","Medical Insurance","32,848","35,000","43,950",
"1461","2021","335","Maint & Repair Services - Building","128,957","200,000","265,000",
"1462","2021","336","Maint & Repair Services - Equipment","192,192","225,000","240,000",
"1463","2021","355","Travel","4,181","5,000","5,000",
"1464","2021","399","Other Contracted Services","183,005","182,000","195,000",
"1465","2021","418","Equipment and Machinery Parts","0","9,000","9,000",
"1466","2021","425","Gasoline","0","0","0",
"1467","2021","499","Other Supplies and Materials","472","1,000","1,000",
"1468","2021","701","Administration Equipment","13,383","0","0",
"1469","2021","707","Building Improvements","111,702","0","0",
"1470","2021","717","Maintenance Equipment","26,781","0","88,000",
"1471","2021","","Total Maintenance of Plant","972,961","952,438","1,185,022",
"1472","2021","72710","Transportation","","","",
"1473","2021","105","Supervisor/Director","56,000","60,000","60,750",
"1474","2021","142","Mechanic(s)","79,109","92,630","120,409",
"1475","2021","146","Bus Drivers","655,016","681,070","717,000",
"1476","2021","161","Secretary(s)","10,392","11,000","12,000",
"1477","2021","201","Social Security","61,265","64,620","69,627",
"1478","2021","204","State Retirement","89,931","116,400","100,391",
"1479","2021","207","Medical Insurance","107,424","126,000","139,780",
"1480","2021","299","Other Fringe Benefits","16,280","43,000","37,500",
"1481","2021","335","Maintenance and Repair Services - Building","0","0","5,000",
"1482","2021","338","Maintenance and Repair Services - Vehicles","23,720","25,000","25,000",
"1483","2021","355","Travel","0","2,500","2,500",
"1484","2021","399","Other Contracted Services","55,802","52,500","50,000",
"1485","2021","412","Diesel Fuel","116,331","235,000","200,000",
"1486","2021","418","Equipment and Machinery Parts","0","1,800","2,000",
"1487","2021","424","Garage Supplies","2,679","3,150","3,500",
"1488","2021","425","Gasoline","21,434","30,000","30,000",
"1489","2021","433","Lubricants","3,195","12,000","12,000",
"1490","2021","442","Propane","0","0","100,000",
"1491","2021","450","Tires and Tubes","17,733","30,000","30,000",
"1492","2021","453","Vehicles Parts","73,879","100,000","120,000",
"1493","2021","511","Vehicle and Equipment Insurance","40,157","45,000","45,000",
"1494","2021","524","In Service/Staff Development","0","500","0",
"1495","2021","720","Plant Operation Equipment","0","0","40,000",
"1496","2021","729","Transportation Equipment","758,833","600,000","450,000",
"1497","2021","","Total Transportation","2,189,180","2,332,170","2,372,457",
"1498","2021","72810","Central and Other","","","",
"1499","2021","201","Social Security","0","1,000","0",
"1500","2021","Account No. Description","Actual 2019-2020","Original Estimate 2020-2021","Estimate 2021-2022",
"1501","2021","207 Medical Insurance","0","0","0",
"1502","2021","210 Unemployment Compensation","6,020","35,000","35,000",
"1503","2021","299 Other Fringe Benefits","0","5,000","5,000",
"1504","2021","316 Contributions","133,500","152,500","152,500",
"1505","2021","399 Other Contracted Services","24,984","30,000","35,000",
"1506","2021","499 Other Supplies and Materials","17,290","30,000","30,000",
"1507","2021","599 Other Charges","5,000","0","0",
"1508","2021","Total Central and Other","186,794","253,500","257,500",
"1509","2021","Total Support Services","10,514,339","11,974,383","12,594,580",
"1510","2021","73000 Operation of Non-Instructional Services","","","",
"1511","2021","73100 Food Service","","","",
"1512","2021","105 Supervisor/Director","23,333","23,800","30,000",
"1513","2021","201 Social Security","1,744","1,821","2,295",
"1514","2021","204 State Retirement","2,427","2,489","3,309",
"1515","2021","Total Food Service","27,504","28,110","35,604",
"1516","2021","73300 Community Services","","","",
"1517","2021","105 Supervisor/Director","31,500","31,500","31,894",
"1518","2021","189 Other Salaries and Wages","56,178","56,802","58,075",
"1519","2021","201 Social security","6,253","6,755","6,883",
"1520","2021","204 State Retirement","9,381","12,168","9,924",
"1521","2021","207 Medical Insurance","16,944","18,000","18,540",
"1522","2021","499 Other Supplies and Materials","5,000","5,000","5,000",
"1523","2021","524 Inservice","0","250","0",
"1524","2021","719 Office Equipment","0","2,000","2,000",
"1525","2021","Total Community Services","125,256","132,475","132,316",
"1526","2021","73400 Early Childhood Education","","","",
"1527","2021","105 Supervisor/Director","36,700","39,820","40,720",
"1528","2021","116 Teachers","176,562","190,700","195,800",
"1529","2021","163 Educational Assistants","63,676","69,200","69,200",
"1530","2021","188 Bonus Payments","9,250","0","0",
"1531","2021","189 Other Salaries and Wages","8,841","12,000","12,000",
"1532","2021","198 Non-Certified Substitute Teachers","2,432","5,000","5,000",
"1533","2021","201 Social Security","21,965","24,229","24,306",
"1534","2021","204 Retirement","32,805","35,553","35,045",
"1535","2021","207 Medical Insurance","48,000","48,000","50,470",
"1536","2021","355 Travel","320","500","500",
"1537","2021","399 Other Contracted Services","400","2,000","2,000",
"1538","2021","429 Instructional Supplies and Materials","11,718","10,500","10,500",
"1539","2021","499 Other Supplies and Materials","9,823","10,500","10,500",
"1540","2021","524 Inservice","1,136","1,161","2,000",
"1541","2021","790 Other Equipment","4,451","4,000","15,000",
"1542","2021","Total Early Childhood Education","428,079","453,163","473,041",
"1543","2021","Account No.","Description","Actual 2019-2020","Original Estimate 2020-2021","Estimate 2021-2022",
"1544","2021","","Total Operation of Non-Instructional Services","580,839","613,748","640,961",
"1545","2021","76000","Capital Outlay","","","",
"1546","2021","76100","Regular Capital Outlay","","","",
"1547","2021","799","Other Capital Outlay","314,245","105,000","450,000",
"1548","2021","","Total Regular Capital Outlay","314,245","105,000","450,000",
"1549","2021","82300","Other Debt Service","","","",
"1550","2021","82330","Education","","","",
"1551","2021","620","Debt Service Contribution to Primary Governm","163,284","0","0",
"1552","2021","","Total Regular Capital Outlay","163,284","0","0",
"1553","2021","","Total Estimated Expenditures","28,838,194","31,319,269","32,869,575",
"1554","2021","99000","ESTIMATED OTHER USES","","","",
"1555","2021","99100","Transfers Out","","","",
"1556","2021","590","Transfers to Other Funds","2,318","165,000","165,000",
"1557","2021","","Total Estimated Other Uses","2,318","165,000","165,000",
"1558","2021","","Total Estimated Expenditures and Other Uses","28,840,512","31,484,269","33,034,575",
"1559","2021","","Excess of Estimated Revenues Over","","","",
"1560","2021","","(Under) Estimated Expenditures","571,582","(2,307,487)","(3,597,057)",
"1561","2021","","Estimated Beginning Fund Balances July 1","8,800,863","9,372,445","9,372,445",
"1562","2021","","Fund Balance Audit Adjustment Estimated Ending Fund Balances June 30","9,372,445","7,064,958","5,775,388",
"1563","2021","Account No","Description","Actual 2019-2020","Original Estimated 2020-2021","Estimated 2021-2022",
"1564","2021","","ESTIMATED REVENUES","","","",
"1565","2021","43000","CHARGES FOR CURRENT SERVICES","","","",
"1566","2021","43500","Education Charges","","","",
"1567","2021","43521","Lunch Payments Children","114,181","240,000","0",
"1568","2021","43522","Lunch Payments Adults","34,598","65,000","75,000",
"1569","2021","43523","Income from Breakfast","37,168","65,000","10,000",
"1570","2021","43525","A la Carte Sales","176,968","244,100","175,000",
"1571","2021","","Total Charges for Current Services","362,915","614,100","260,000",
"1572","2021","44000","OTHER LOCAL REVENUES","","","",
"1573","2021","44100","Recurring Items","","","",
"1574","2021","44110","Investment Income","187","200","200",
"1575","2021","44500","Non-Recurring Items","","","",
"1576","2021","44170","Miscellaneous Refunds","0","0","0",
"1577","2021","44530","Sale of Equipment","114","0","0",
"1578","2021","","Total Other Local Revenues","301","200","200",
"1579","2021","46000","STATE OF TENNESSEE","","","",
"1580","2021","46800","Other State Revenue","","","",
"1581","2021","46980","Other State Grants","6,850","0","0",
"1582","2021","46990","Other State Revenue","1,093","0","0",
"1583","2021","","Total State of Tennessee","7,943","0","0",
"1584","2021","47000","FEDERAL GOVERNMENT","","","",
"1585","2021","47100","Federal Through State","","","",
"1586","2021","47111","USDA School Lunch Program","783,920","1,065,000","1,340,000",
"1587","2021","47112","USDA-Commodities","69,622","0","0",
"1588","2021","47113","Breakfast","326,017","480,000","560,000",
"1589","2021","47114","USDA-Other","12,306","15,000","15,000",
"1590","2021","47115","USDA Food Service Equipment Grant","9,679","0","0",
"1591","2021","47301","COVID-19 Grant #1","539,477","0","0",
"1592","2021","","Total Federal Government","1,741,021","1,560,000","1,915,000",
"1593","2021","48000","OTHER GOVERNMENTS AND CITIZENS","GROUPS","","",
"1594","2021","48100","Other Governments","","","",
"1595","2021","48990","Other","10,000","0","0",
"1596","2021","","Total Other Governments and Citizens Grou","10,000","0","0",
"1597","2021","","TOTAL ESTIMATED REVENUE","2,122,180","2,174,300","2,175,200",
"1598","2021","49000","ESTIMATED OTHER SOURCES(NON-REVENUE)","","","",
"1599","2021","49800","Transfer In","0","0","0",
"1600","2021","Account No","Description","Actual 2019-2020","Estimated 2020-2021","Estimated 2021-2022",
"1601","2021","","TOTAL ESTIMATE OTHER SOURCES","0","0","0",
"1602","2021","","TOTAL ESTIMATED REVENUE AND OTHE","2,122,180","2,174,300","2,175,200",
"1603","2021","","ESTIMATED EXPENDITURES","","","",
"1604","2021","73000","OPERATION OF NON-INSTRUCTIONAL","SERVICES","","",
"1605","2021","73100","Food Services","","","",
"1606","2021","105","Supervisor/Director","32,667","37,000","37,000",
"1607","2021","119","Accountants/Bookkeeper","118,503","122,000","122,000",
"1608","2021","165","Cafeteria Personnel","556,998","525,000","525,000",
"1609","2021","201","Social Security","53,232","52,326","50,000",
"1610","2021","204","State Retirement","66,920","75,445","73,200",
"1611","2021","207","Medical Insurance","30,000","45,000","45,000",
"1612","2021","210","Unemployment Compensation","0","6,500","4,000",
"1613","2021","307","Communication","2,722","4,000","3,000",
"1614","2021","336","Maint & Repair Services - Equipment","46,092","50,000","50,000",
"1615","2021","354","Transportation - Other than Students","2,319","6,000","5,000",
"1616","2021","355","Travel","3,931","2,000","3,000",
"1617","2021","399","Other Contracted Services","47,378","55,000","55,000",
"1618","2021","422","Food Supplies","993,095","1,040,000","1,040,000",
"1619","2021","452","Utilities","1,653","4,000","3,000",
"1620","2021","469","USDA-Commodities","69,622","0","0",
"1621","2021","499","Other Supplies and Materials","76,924","100,000","100,000",
"1622","2021","599","Other Charges","19,916","15,000","20,000",
"1623","2021","710","Food Service Equipment","9,999","35,000","40,000",
"1624","2021","","Total Food Service","2,131,971","2,174,271","2,175,200",
"1625","2021","","Total Estimated Expenditures","2,131,971","2,174,271","2,175,200",
"1626","2021","","Excess of Estimated Revenues Over","","","",
"1627","2021","","(Under) Estimated Expenditures","(9,791)","29","0",
"1628","2021","","Estimated Beginning Fund Balance July 1","467,508","457,717","500,000",
"1629","2021","","Estimated Ending Fund Balance June 30","457,717","457,746","500,000",
"1630","2021","Account No.","Description","Actual 2019-2020","Original Estimated 2020-2021","Estimated 2021-2022",
"1631","2021","","ESTIMATED REVENUES","","","",
"1632","2021","40000","LOCAL TAXES","","","",
"1633","2021","40100","County Property Taxes","","","",
"1634","2021","40110","Current Property Taxes","132,141","129,937","82,040",
"1635","2021","40120","Trustee's Collection-Prior Year","3,333","16,000","5,000",
"1636","2021","40125","Trustee's Collection-Bankruptcy","31","0","0",
"1637","2021","40130","Circuit/Clerk & Master Coll-Prior Yea","1,168","3,500","1,500",
"1638","2021","40140","Interest & Penalty","701","2,500","1,000",
"1639","2021","40161","Payments in lieu of Taxes-TVA","148","250","250",
"1640","2021","","Total County Property Taxes","137,522","152,187","89,790",
"1641","2021","40200","County Local Option Taxes","","","",
"1642","2021","40210","Local Option Sales Taxes","1,095,337","875,000","1,300,000",
"1643","2021","40240","Wheel Tax","780,798","891,000","780,000",
"1644","2021","40270","Business Tax","1,471","2,000","2,000",
"1645","2021","","Total County Local Option Taxes","1,877,606","1,768,000","2,082,000",
"1646","2021","40300","Statutory Local Taxes","","","",
"1647","2021","40390","Other Stationary Local Taxes","0","0","0",
"1648","2021","","Total Statutory Local Taxes","0","0","0",
"1649","2021","","Total Local Taxes","2,015,128","1,920,187","2,171,790",
"1650","2021","44000","OTHER LOCAL REVENUES","","","",
"1651","2021","44100","Recurring Items","","","",
"1652","2021","44110","Investment Income","131,254","100,000","21,000",
"1653","2021","44170","Miscellaneous Revenue","0","0","0",
"1654","2021","","Total Recurring Items","131,254","100,000","21,000",
"1655","2021","44500","Nonrecurring Items","","","",
"1656","2021","44990","Other Local Revenue","0","0","0",
"1657","2021","","Total Nonrecurring Items","0","0","0",
"1658","2021","","Total Other Local Revenues","131,254","100,000","21,000",
"1659","2021","46000","STATE OF TENNESSEE","","","",
"1660","2021","46800","Other State Revenues","","","",
"1661","2021","46851","State Revenue Sharing-TVA","10,010","10,010","9,418",
"1662","2021","","Total State of Tennessee","10,010","10,010","9,418",
"1663","2021","Account No.","Description","Actual 2019-2020","Original Estimated 2020-2021","Estimated 2021-2022",
"1664","2021","48000","OTHER GOVERNMENTS AND","CITIZENS GROUPS","","",
"1665","2021","48100","Other Governments","","","",
"1666","2021","48130","Contributions","163,284","163,284","163,284",
"1667","2021","","Total Other Governments and Citize","163,284","163,284","163,284",
"1668","2021","","Total Estimated Revenues","2,319,676","2,193,481","2,365,492",
"1669","2021","49000","ESTIMATED OTHER SOURCES","","","",
"1670","2021","49800","Transfers In","472,405","494,622","466,088",
"1671","2021","","Total Estimated Other Sources","472,405","494,622","466,088",
"1672","2021","","Total Estimated Revenues and Othe","2,792,081","2,688,103","2,831,580",
"1673","2021","","ESTIMATED EXPENDITURES","","","",
"1674","2021","82100","PRINCIPAL ON DEBT","","","",
"1675","2021","82110","General Government","","","",
"1676","2021","602","Principal on Notes","113,037","118,054","123,096",
"1677","2021","612","Principal on Other Loans","384,000","397,000","412,000",
"1678","2021","","Total General Government","497,037","515,054","535,096",
"1679","2021","82120","Highways and Streets","","","",
"1680","2021","602","Principal on Notes","60,944","66,500","71,300",
"1681","2021","","Total Highways and Streets","60,944","66,500","71,300",
"1682","2021","82130","Education","","","",
"1683","2021","601","Principal on Bonds","0","0","0",
"1684","2021","612","Principal on Other Loans","1,589,812","1,624,012","1,661,212",
"1685","2021","","Total Education","1,589,812","1,624,012","1,661,212",
"1686","2021","","Total Principal Payments","2,147,793","2,205,566","2,267,608",
"1687","2021","82200","INTEREST ON DEBT","","","",
"1688","2021","82210","General Government","","","",
"1689","2021","604","Interest on Notes","71,143","66,127","61,085",
"1690","2021","613","Interest on Other Loans","61,352","172,129","159,737",
"1691","2021","","Total General Government","132,495","238,256","220,822",
"1692","2021","82220","Highway and Streets","","","",
"1693","2021","604","Interest on Notes","33,613","28,122","14,788",
"1694","2021","","Total Highways and Streets","33,613","28,122","14,788",
"1695","2021","Account No.","Description","Actual 2019-2020","Original Estimated 2020-2021","Estimated 2021-2022",
"1696","2021","82230","Education","","","",
"1697","2021","603","Interest on Bonds","0","0","0",
"1698","2021","613","Interest on other Loans","259,999","417,136","378,108",
"1699","2021","","Total Education","259,999","417,136","378,108",
"1700","2021","82300","OTHER DEBT SERVICE","","","",
"1701","2021","82310","General Government","","","",
"1702","2021","510","Trustees Commission","21,024","45,000","45,000",
"1703","2021","699","Other Debt Service","30,112","28,608","26,359",
"1704","2021","","Total General Government","51,136","73,608","71,359",
"1705","2021","82330","Education","","","",
"1706","2021","699","Other Debt Service","74,514","68,053","61,416",
"1707","2021","","Total Education","74,514","68,053","61,416",
"1708","2021","","Total Interest Payments","551,757","825,175","746,493",
"1709","2021","","Total Principal and Interest Payment","2,699,550","3,030,741","3,014,101",
"1710","2021","99000","OTHER USES","","","",
"1711","2021","99100","Transfers Out","","","",
"1712","2021","590","Transfers to Other Funds","0","0","0",
"1713","2021","","Total Estimated Other Uses","0","0","0",
"1714","2021","","Total Estimated Expenditures and O","2,699,550","3,030,741","3,014,101",
"1715","2021","","Excess of Estimated Revenues and","Other Sources","Over","",
"1716","2021","","(Under) Estimated Expenditures anc","92,531","(342,638)","(182,521)",
"1717","2021","","Estimated Beginning Fund Balance,"","1,828,835","1,921,366","2,500,000",
"1718","2021","","Fund Balance Audit Adjustment Estimated Ending fund Balance, Jun","1,921,366","1,578,728","2,317,479",
"1719","2021","Account No.","Description","Actual 2019-2020","Original Estimated 2020-2021","Estimated 2021-2022",
"1720","2021","","ESTIMATED REVENUE","","","",
"1721","2021","","OPERATING REVENUE","","","",
"1722","2021","43000","CHARGES FOR CURRENT SERVICES","","","",
"1723","2021","43100","General Services Charges","","","",
"1724","2021","43106","Commercial & Industrial Collection Charge","171,367","125,000","125,000",
"1725","2021","43107","Residential Waste Collection Charge","103,941","150,000","150,000",
"1726","2021","43110","Tipping Fees","60,343","50,000","50,000",
"1727","2021","43114","Solid Waste Disposal Fee","827,812","815,000","830,000",
"1728","2021","43350","Copy Fees","0","0","0",
"1729","2021","","Total Charges for Current Services","1,163,463","1,140,000","1,155,000",
"1730","2021","44000","OTHER LOCAL REVENUES","","","",
"1731","2021","44100","Recurring Items","","","",
"1732","2021","44110","Investment Income","7,883","6,000","6,000",
"1733","2021","44120","Lease/Rentals","83,975","65,000","65,000",
"1734","2021","44145","Sale of Recycled Materials","70,058","100,000","100,000",
"1735","2021","44170","Miscellaneous Refunds","0","0","0",
"1736","2021","","Total Recurring Items","161,916","171,000","171,000",
"1737","2021","44500","Non-Recurring Items","","","",
"1738","2021","44530","Sale of Equipment","0","5,000","5,000",
"1739","2021","","Total Non-Recurring Items","0","5,000","5,000",
"1740","2021","","Total Other Local Revenues","161,916","176,000","176,000",
"1741","2021","46000","STATE OF TENNESSEE","","","",
"1742","2021","46400","Public Works Grants","","","",
"1743","2021","46430","Litter Program","44,023","49,400","49,300",
"1744","2021","","Total Public Works Grants","44,023","49,400","49,300",
"1745","2021","46800","Other State Revenues","","","",
"1746","2021","46980","Other State Grants","8,109","50,000","0",
"1747","2021","46990","Other State Revenues","0","9,500","9,500",
"1748","2021","","Total Other State Revenues","8,109","59,500","9,500",
"1749","2021","","Total State of Tennessee","52,132","108,900","58,800",
"1750","2021","47000","FEDERAL GOVERNMENT","","","",
"1751","2021","47100","Federal Through State","","","",
"1752","2021","47235","Homeland Security Grants","0","0","0",
"1753","2021","","Total Federal Through State","0","0","0",
"1754","2021","","Total Federal Government","0","0","0",
"1755","2021","Account No.","Description","Actual 2019-2020","Original Estimated 2020-2021","Estimated 2021-2022",
"1756","2021","48000","OTHER GOVERNMENTS AND CITIZENS","GROUPS","","",
"1757","2021","48100","Other Governments","","","",
"1758","2021","48140","Contracted Services","77,894","284,760","284,760",
"1759","2021","","Total Other Governments","77,894","284,760","284,760",
"1760","2021","49000","Non-Revenue","","","",
"1761","2021","49700","Insurance Recovery","2,377","0","0",
"1762","2021","49800","Transfer In","0","0","0",
"1763","2021","","Total Estimated Revenues","1,457,782","1,709,660","1,674,560",
"1764","2021","","ESTIMATED EXPENDITURES","","","",
"1765","2021","55000","PUBLIC HEALTH AND WELFARE","","","",
"1766","2021","55710","Sanitation Management","","","",
"1767","2021","105","Supervisor/Director","56,491","57,947","57,698",
"1768","2021","106","Deputy(ies)","33,460","34,228","34,081",
"1769","2021","121","Data Processing Personnel","28,117","29,031","28,906",
"1770","2021","143","Equipment Operators","37,267","38,491","38,326",
"1771","2021","144","Equipment Operators-Heavy","38,198","38,491","38,326",
"1772","2021","149","Laborers","157,961","180,000","180,000",
"1773","2021","162","Clerical Personnel","30,477","31,600","31,465",
"1774","2021","169","Part-Time Personnel","73,369","69,598","84,598",
"1775","2021","186","Longevity Pay","15,700","16,500","15,600",
"1776","2021","187","Overtime Pay","12,861","14,000","14,000",
"1777","2021","201","Social Security","34,963","41,406","41,406",
"1778","2021","204","State Retirement","43,537","57,000","57,000",
"1779","2021","207","Medical Insurance","91,031","130,000","130,000",
"1780","2021","302","Advertising","2,299","2,500","2,500",
"1781","2021","307","Communication","6,387","6,500","6,500",
"1782","2021","309","Contracts with Government Agencies","3,668","6,000","6,000",
"1783","2021","317","Data Processing Services","5,295","5,700","7,200",
"1784","2021","318","Debt Collection Services","14,031","9,000","9,000",
"1785","2021","331","Legal Services","0","1,000","1,000",
"1786","2021","332","Legal Notices, Recording, and Court Cost","322","1,500","1,500",
"1787","2021","335","Maintenance and Repair Services - Buildings","1,606","7,000","7,000",
"1788","2021","336","Maintenance & Repair Services - Equipment","25,369","30,000","35,000",
"1789","2021","338","Maintenance & Repair Services - Vehicles","12,105","10,000","15,000",
"1790","2021","347","Pest Control","1,485","1,700","1,700",
"1791","2021","348","Postal Charges","3,950","5,500","5,500",
"1792","2021","349","Printing, Stationery and Forms","660","1,800","1,800",
"1793","2021","351","Rentals","0","2,000","2,000",
"1794","2021","355","Travel","1,262","2,000","2,000",
"1795","2021","359","Disposal Fees","392,614","524,160","524,160",
"1796","2021","399","Other Contracted Services","916","5,000","5,000",
"1797","2021","410","Custodial Supplies","356","1,800","1,800",
"1798","2021","412","Diesel Fuel","30,513","38,000","38,000",
"1799","2021","415","Electricity","15,709","19,000","19,000",
"1800","2021","420","Fertilizer, Lime Chemicals and Seed","0","1,000","1,000",
"1801","2021","425","Gasoline","1,872","3,000","3,000",
"1802","2021","433","Lubricants","2,936","4,000","4,000",
"1803","2021","435","Office Supplies","2,223","2,500","2,500",
"1804","2021","Account No. Description","Actual 2019-2020","Original Estimated 2020-2021","Estimated 2021-2022",
"1805","2021","436 Other Road Materials","120","1,000","1,000",
"1806","2021","446 Small Tools","511","1,000","1,000",
"1807","2021","450 Tires and Tubes","6,661","8,000","10,000",
"1808","2021","451 Uniforms","4,815","3,800","4,200",
"1809","2021","452 Utilities","6,740","6,700","7,700",
"1810","2021","462 Wire","3,975","4,000","4,000",
"1811","2021","463 Testing","1,291","12,500","12,500",
"1812","2021","499 Other Supplies and Materials","2,593","4,000","4,000",
"1813","2021","510 Trustees Commission","12,187","14,000","14,000",
"1814","2021","514 Depreciation","107,482","45,171","45,171",
"1815","2021","517 Surcharge","5,750","5,850","5,850",
"1816","2021","524 In Service/Staff Development","610","650","650",
"1817","2021","612 Principal on Other Loans","0","0","73,000",
"1818","2021","613 Interest on Other Loans","0","0","11,850",
"1819","2021","715 Land","0","0","0",
"1820","2021","719 Office Equipment","5,231","2,500","2,500",
"1821","2021","733 Solid Waste Equipment","0","40,270","2,810",
"1822","2021","791 Other Construction","5,627","10,000","15,000",
"1823","2021","Total Sanitation Management","1,342,603","1,588,393","1,668,797",
"1824","2021","60000 HIGHWAYS","","","",
"1825","2021","64000 Litter and Trash Collection","","","",
"1826","2021","105 Supervisor/Director","23,657","26,000","26,000",
"1827","2021","429 Instructional Supply and Materials","12,347","12,350","12,350",
"1828","2021","599 Other Charges","10,151","11,050","10,950",
"1829","2021","Total Litter and Trash Collection","46,155","49,400","49,300",
"1830","2021","90000 CAPITAL PROJECTS","","","",
"1831","2021","91140 Public Health and Welfare Projects","","","",
"1832","2021","799 Other Capital Outlay","6,000","56,000","56,000",
"1833","2021","Total Public Health and Welfare Projects","6,000","56,000","56,000",
"1834","2021","Total Estimated Expenditures","1,394,758","1,693,793","1,774,097",
"1835","2021","Excess of Estimated Revenue Over (under)","","","",
"1836","2021","Estimated Expenditures","63,024","15,867","(99,537)",
"1837","2021","Estimated Beginning Fund Balance July 1","874,420","937,444","953,311",
"1838","2021","Fund Balance Audit Adjustment","","","",
"1839","2021","Estimated Ending Fund Balance June 30","937,444","953,311","853,774",
"1840","2021",
